review,rating,date,bank,source
but kobo town water bill payment is not included,5,2026-05-16,Awash Bank,Google Play
Bad application,1,2026-05-16,Awash Bank,Google Play
good app 👍,5,2026-05-15,Awash Bank,Google Play
good,5,2026-05-14,Awash Bank,Google Play
"This app is the best to use. thank you! comment while using the Scan QR option on Awashbirr pro, there is no option to select a QR code image from my gallery. Other banking apps provide this functionality. If there were an option to upload a QR code from the gallery, I would be able to make payments remotely using QR images. Also, how can I generate my account QR code to share with other people so they can make payments to my account?",5,2026-05-13,Awash Bank,Google Play
tajaajila torban tokko osoo hinkenniin network error jedha.Rakkoo kana furuuf irraatti hojjadha.,2,2026-05-13,Awash Bank,Google Play
it's good,5,2026-05-12,Awash Bank,Google Play
happy,5,2026-05-10,Awash Bank,Google Play
nice,5,2026-05-09,Awash Bank,Google Play
Nice one,5,2026-05-09,Awash Bank,Google Play
best finance ever,5,2026-05-07,Awash Bank,Google Play
credit serebes Problem,5,2026-05-07,Awash Bank,Google Play
best mobile banking app ever in Ethiopia. I love your advice receipt 🥰🥰🥰,4,2026-05-05,Awash Bank,Google Play
tickst is not coming to me,5,2026-05-05,Awash Bank,Google Play
this app is very good and easy for use,5,2026-05-02,Awash Bank,Google Play
wow i'm happy to use awash app pro,5,2026-05-02,Awash Bank,Google Play
very nice really appreciated,5,2026-05-01,Awash Bank,Google Play
i like this apps,5,2026-04-30,Awash Bank,Google Play
one step up,5,2026-04-30,Awash Bank,Google Play
i wish it coud better,1,2026-04-29,Awash Bank,Google Play
Best,5,2026-04-29,Awash Bank,Google Play
perfect,5,2026-04-29,Awash Bank,Google Play
Transfering to other bank and telebirr and MPESA option is not working.,5,2026-04-25,Awash Bank,Google Play
smart upp,5,2026-04-24,Awash Bank,Google Play
I like this easily to use!!,5,2026-04-23,Awash Bank,Google Play
its cool,5,2026-04-20,Awash Bank,Google Play
Baankiin Awaash filannookoo yeroo hundaati naaf jiraadhaa,5,2026-04-19,Awash Bank,Google Play
The fastest and safest mobile banking I just love your service. Thank you,5,2026-04-17,Awash Bank,Google Play
this app no works a30s phone no work this app rm gb 8rm only works why please update this app,5,2026-04-16,Awash Bank,Google Play
It's a better app compared to other financial apps,4,2026-04-16,Awash Bank,Google Play
good,5,2026-04-15,Awash Bank,Google Play
good service,1,2026-04-14,Awash Bank,Google Play
app doesn't open frozen,1,2026-04-14,Awash Bank,Google Play
Good!,5,2026-04-12,Awash Bank,Google Play
ever best bank,5,2026-04-12,Awash Bank,Google Play
💪💪💐⚖️⚖️⚖️,5,2026-04-12,Awash Bank,Google Play
my account was blocked with no reason I don't understand what's going on I contacted with a phone call with the head office why my account is blocked,1,2026-04-12,Awash Bank,Google Play
cool,5,2026-04-11,Awash Bank,Google Play
fast and nice app🥰🥰,5,2026-04-10,Awash Bank,Google Play
wow,5,2026-04-10,Awash Bank,Google Play
ለአጠቃቀም ምቹ እና ቀለል ያለ ነው,4,2026-04-10,Awash Bank,Google Play
ok,4,2026-04-09,Awash Bank,Google Play
Why Not Work this App on my Phone,5,2026-04-08,Awash Bank,Google Play
"Dear Awash Bank,I enjoy using your app.Please consider adding a fingerprint login option for better security.Additionally, it would be very helpful to have a feature to transfer money to both""Self""and""Other"" Telebirr accounts.Thank you.",4,2026-04-08,Awash Bank,Google Play
በ online ዘመን ቅርንጫፍ መሄድን ግዴታ ሚያደርግ app ቀሽም ሲስተም ነው,1,2026-04-07,Awash Bank,Google Play
very poor,1,2026-04-07,Awash Bank,Google Play
"I used awash for last 5 years it is simple,fast and easy to use",5,2026-04-07,Awash Bank,Google Play
best app,5,2026-04-06,Awash Bank,Google Play
Best Application,5,2026-04-06,Awash Bank,Google Play
amazing platform,5,2026-04-06,Awash Bank,Google Play
"Best Bank with excellent service, flexibility and reliability",5,2026-04-05,Awash Bank,Google Play
good app i liked it most,5,2026-04-04,Awash Bank,Google Play
handy app,4,2026-04-04,Awash Bank,Google Play
👍,5,2026-04-02,Awash Bank,Google Play
i like more of,5,2026-04-02,Awash Bank,Google Play
Proudly and Service 👏👏👏👏👏,5,2026-04-02,Awash Bank,Google Play
whay not,2,2026-04-01,Awash Bank,Google Play
waw,5,2026-03-31,Awash Bank,Google Play
"You’re doing a great job, keep it up!",5,2026-03-31,Awash Bank,Google Play
ለመክፈት አስቸጋሪነው,1,2026-03-30,Awash Bank,Google Play
good,5,2026-03-30,Awash Bank,Google Play
Excellent,1,2026-03-30,Awash Bank,Google Play
exsalant,4,2026-03-29,Awash Bank,Google Play
"Awash birr pro app is the best app, but when I transfer money from Awash Bank to another bank, the message does not reach the receiver immediately. please upgrade on the next update",1,2026-03-28,Awash Bank,Google Play
transfer fee to other bank is very high,1,2026-03-28,Awash Bank,Google Play
a very bad bank. I was very disappointed by how they scam people sometimes while trying to transfer it will say error after allowing u to confirm with ur code and after u give up and pay with other methods later on u realize that that money has been deducted although transaction said error and was unsuccessful and no message or any means of notification will be given to you when u do that and you basically lose money. I actually really liked using awash bank untill I faced this scam.,1,2026-03-28,Awash Bank,Google Play
I really appreciate all your support and help and good service. Thank you so much,5,2026-03-26,Awash Bank,Google Play
nice,5,2026-03-24,Awash Bank,Google Play
like it,5,2026-03-24,Awash Bank,Google Play
Great app. 👌👌👌,5,2026-03-21,Awash Bank,Google Play
cool,5,2026-03-20,Awash Bank,Google Play
like,5,2026-03-18,Awash Bank,Google Play
the best banking every thing is good 👍🏽 I've been a customer for five years and haven't had any problems.,5,2026-03-17,Awash Bank,Google Play
It makes life pretty easier,5,2026-03-17,Awash Bank,Google Play
ምርጥ,5,2026-03-16,Awash Bank,Google Play
good.,5,2026-03-16,Awash Bank,Google Play
"Awash Birr-Pro is a useful and easy-to-use mobile payment app. However, sometimes the app gets stuck and becomes slow during use. Improving the speed and stability would greatly enhance the experience. Also, it would be helpful if the app could save previously used account numbers and show them as suggestions when typing, similar to Commercial Bank of Ethiopia mobile banking.",3,2026-03-15,Awash Bank,Google Play
best app it has all necessary features many people found it,5,2026-03-12,Awash Bank,Google Play
it's good serving organization,4,2026-03-10,Awash Bank,Google Play
Wow,5,2026-03-04,Awash Bank,Google Play
excellent,5,2026-03-02,Awash Bank,Google Play
"​""Great app! But the data consumption is too high, and many users face 'network error' bugs despite having data. Please resolve this urgently.""",5,2026-03-02,Awash Bank,Google Play
good,4,2026-03-01,Awash Bank,Google Play
awashBirr,5,2026-02-26,Awash Bank,Google Play
great,4,2026-02-25,Awash Bank,Google Play
This app is very useful and well designed. It runs smoothly without any problems. I especially like the simple layout and fast performance. Highly recommended!,5,2026-02-25,Awash Bank,Google Play
good service,5,2026-02-19,Awash Bank,Google Play
Good enough,4,2026-02-19,Awash Bank,Google Play
the app is not compatible on my Samsung a16 5g device.,2,2026-02-18,Awash Bank,Google Play
It's so extraordinary. It is help a lot in purchasing.,5,2026-02-16,Awash Bank,Google Play
I like the app,5,2026-02-15,Awash Bank,Google Play
Betterthan other Bank!,5,2026-02-11,Awash Bank,Google Play
All are Ok,5,2026-02-11,Awash Bank,Google Play
"there is problem with ATM withdrawal issue, its very bad",1,2026-02-09,Awash Bank,Google Play
www masha alha application kana itti fayyadamuu qabna baay'ee mijataa dha hojjiif,5,2026-02-09,Awash Bank,Google Play
Simple and Confirmed App,5,2026-02-09,Awash Bank,Google Play
"i highly doubt that this app was developed and tested thoroughly i can't even enter my pin, the rest of the numbers after 6 aren't visble, i hope this will be fixed on the next update.",1,2026-02-09,Awash Bank,Google Play
excellent application,5,2026-02-08,Awash Bank,Google Play
it doesnt work,1,2026-02-05,Awash Bank,Google Play
Best app,5,2026-02-04,Awash Bank,Google Play
good,5,2026-02-04,Awash Bank,Google Play
best,5,2026-02-03,Awash Bank,Google Play
i am well satisfied with Awash. Thank you.,5,2026-02-03,Awash Bank,Google Play
good but when it accidentally logged in the password will block this is because of automatic login to reduce the risk can you put confirm button or ok button after typing logging password rather than automatically logging in the reason is after you make transactions u forget to close the app and accidently in poker or on hand the login profile appear then it will attempt and block,3,2026-02-03,Awash Bank,Google Play
The App Is Best,5,2026-02-02,Awash Bank,Google Play
awash is the best bank in the country and awash BIRR Pro? i love it,4,2026-02-02,Awash Bank,Google Play
better,5,2026-02-01,Awash Bank,Google Play
so good,5,2026-02-01,Awash Bank,Google Play
ወደር የሌለው አፕ,5,2026-01-31,Awash Bank,Google Play
not usinfull,5,2026-01-30,Awash Bank,Google Play
best of best,5,2026-01-30,Awash Bank,Google Play
best apps,5,2026-01-29,Awash Bank,Google Play
exellent,5,2026-01-29,Awash Bank,Google Play
86.1M Total Customer,3,2026-01-28,Awash Bank,Google Play
good,5,2026-01-26,Awash Bank,Google Play
wonderful mobile banking app I ever used,5,2026-01-26,Awash Bank,Google Play
nice,5,2026-01-24,Awash Bank,Google Play
content like deshen,4,2026-01-23,Awash Bank,Google Play
very simple app and very short cut,5,2026-01-21,Awash Bank,Google Play
fast and best app to use easy,5,2026-01-21,Awash Bank,Google Play
good,5,2026-01-19,Awash Bank,Google Play
boring app for IFB users 👎👎👎,1,2026-01-17,Awash Bank,Google Play
very good,5,2026-01-17,Awash Bank,Google Play
Excellent,5,2026-01-17,Awash Bank,Google Play
"Very easy, clear, fast, and includes everything I want. I am very happy with your services. Keep it up!!",5,2026-01-17,Awash Bank,Google Play
best,5,2026-01-15,Awash Bank,Google Play
its wonder app,5,2026-01-15,Awash Bank,Google Play
Dhuguma Awash Kun!!,5,2026-01-14,Awash Bank,Google Play
በጣም ጥሩና ፈጣን መተግበሪያ ነው,5,2026-01-14,Awash Bank,Google Play
Awash bank digital service is the best and much secure than any other competing service center.,5,2026-01-14,Awash Bank,Google Play
best mobile bank,5,2026-01-12,Awash Bank,Google Play
OK,5,2026-01-12,Awash Bank,Google Play
I appreciate using the awashbirr,5,2026-01-11,Awash Bank,Google Play
good application non comparable,5,2026-01-09,Awash Bank,Google Play
"[Jan 06, 2026]: EXCHANGE Rate",5,2026-01-06,Awash Bank,Google Play
Exelent,5,2026-01-05,Awash Bank,Google Play
wow,5,2026-01-05,Awash Bank,Google Play
"Awash bank is one of the best bank from 🇪🇹 financial institutions ,but this app is too late in all aspects with the respect of others !!! Please up grade it !!!!",2,2025-12-29,Awash Bank,Google Play
unsecure bank. I loss many without my request cheater bank,1,2025-12-28,Awash Bank,Google Play
Thank You🙏❤️🙏,5,2025-12-27,Awash Bank,Google Play
Why my phone is not working this app?,1,2025-12-26,Awash Bank,Google Play
good,5,2025-12-26,Awash Bank,Google Play
useful 👍,5,2025-12-25,Awash Bank,Google Play
"I found the AwashBirr Pro app to be user-friendly and easy to use. It is fast and provides a high level of security when performing transactions. I particularly appreciate how easily it allows me to manage and view my account statements, even for periods longer than one year. The security features are excellent—if there is a failed login attempt, I receive an alert message almost immediately, which gives me strong confidence in the app’s protection mechanisms.",5,2025-12-25,Awash Bank,Google Play
thank u,5,2025-12-25,Awash Bank,Google Play
Other bank transfer to Abyssinia bank is not working it says invalid account,3,2025-12-25,Awash Bank,Google Play
አዋሽ ምረጥ ባንክ,4,2025-12-24,Awash Bank,Google Play
very good,5,2025-12-22,Awash Bank,Google Play
the simplicity and its transfer to any bank perfection is extra ordinary !!!.,5,2025-12-22,Awash Bank,Google Play
it's easy and convenient app,5,2025-12-20,Awash Bank,Google Play
👌👌👌,5,2025-12-18,Awash Bank,Google Play
fast one and the branch service is crazy good,5,2025-12-15,Awash Bank,Google Play
ok,5,2025-12-12,Awash Bank,Google Play
Best app ever,5,2025-12-11,Awash Bank,Google Play
good apps,1,2025-12-11,Awash Bank,Google Play
good experience,5,2025-12-11,Awash Bank,Google Play
ok,5,2025-12-10,Awash Bank,Google Play
good application,4,2025-12-08,Awash Bank,Google Play
"Device compatability issues. it says "" recent reviews shows this app may not work properly in this device""",1,2025-12-06,Awash Bank,Google Play
"Awash pro app is the best online payment app i everseen, its user friendly, best graphics. The updates app is more interesting. Guys I wanna to edit my rate from Dec 1/2025 because some bugs are occurred in the app , my earlier two transactions from awashto other bank has been not transferred to requested account but deducted from my balance please developer fix this issues high security for our money. This issue reduce the trust of customer from the bank.",1,2025-12-03,Awash Bank,Google Play
best app so far,5,2025-12-02,Awash Bank,Google Play
nice app,5,2025-12-01,Awash Bank,Google Play
Dorgomaa hin qabu♥️,5,2025-12-01,Awash Bank,Google Play
no one from all ethiopian bank keep it up nice,5,2025-11-28,Awash Bank,Google Play
thenk you ✍️🙏,5,2025-11-26,Awash Bank,Google Play
i hope to be good app,5,2025-11-24,Awash Bank,Google Play
amazing 😍😍,5,2025-11-23,Awash Bank,Google Play
excellent👍👍👍👍👍,5,2025-11-21,Awash Bank,Google Play
fast,5,2025-11-18,Awash Bank,Google Play
really good application,5,2025-11-18,Awash Bank,Google Play
በጥሩ አቀባበላችሁ እረካለሁ።,4,2025-11-17,Awash Bank,Google Play
💪,5,2025-11-16,Awash Bank,Google Play
simple and fast,4,2025-11-16,Awash Bank,Google Play
It is a good platform,5,2025-11-15,Awash Bank,Google Play
very good,3,2025-11-14,Awash Bank,Google Play
your service is good,5,2025-11-13,Awash Bank,Google Play
thanks for your pro app,5,2025-11-12,Awash Bank,Google Play
why doesn't work on xiaomi device?,1,2025-11-11,Awash Bank,Google Play
you are good apple,4,2025-11-10,Awash Bank,Google Play
the best bank and best app 👌,5,2025-11-09,Awash Bank,Google Play
nice,3,2025-11-09,Awash Bank,Google Play
Good &the best one,5,2025-11-08,Awash Bank,Google Play
This application is very important to all of worldwide who are using Awash Bank! Awash Bank is the best bank in The Ethiopia NURTURING LIKE THE RIVER🏞,5,2025-11-07,Awash Bank,Google Play
i frequently get crash report on my galaxy A53 5G phone... so please make an update to solve this problem!!!,1,2025-11-07,Awash Bank,Google Play
this App Are as of me Smart And very Comfort,5,2025-11-06,Awash Bank,Google Play
no response from the customer support.,2,2025-11-05,Awash Bank,Google Play
wow,5,2025-11-04,Awash Bank,Google Play
best,5,2025-11-03,Awash Bank,Google Play
excellent,5,2025-11-01,Awash Bank,Google Play
best of best,5,2025-10-29,Awash Bank,Google Play
say that,5,2025-10-28,Awash Bank,Google Play
wow,5,2025-10-28,Awash Bank,Google Play
very good app,5,2025-10-25,Awash Bank,Google Play
"please please updated with the UI 8 interface, it is so not responding as fast as it has to be. please do something🙏🙏🙏",5,2025-10-25,Awash Bank,Google Play
very good,5,2025-10-23,Awash Bank,Google Play
excellent,5,2025-10-22,Awash Bank,Google Play
good always better way,5,2025-10-21,Awash Bank,Google Play
This is the fastest app I have been using for three years.,5,2025-10-21,Awash Bank,Google Play
it is healp full,5,2025-10-21,Awash Bank,Google Play
good,5,2025-10-20,Awash Bank,Google Play
amezing app simple to use,5,2025-10-20,Awash Bank,Google Play
best app,5,2025-10-20,Awash Bank,Google Play
appin kun bay'e dansadha tajajila Issa itti nuf fufu qaba,5,2025-10-20,Awash Bank,Google Play
easy and quick 💪💪💪😉 my way,5,2025-10-19,Awash Bank,Google Play
"fast, reliable and user friendly app.",5,2025-10-19,Awash Bank,Google Play
good,5,2025-10-19,Awash Bank,Google Play
fast,1,2025-10-19,Awash Bank,Google Play
this application is very easy to use,5,2025-10-18,Awash Bank,Google Play
nice app,5,2025-10-18,Awash Bank,Google Play
keep it up,5,2025-10-18,Awash Bank,Google Play
Awash birr pro,5,2025-10-18,Awash Bank,Google Play
the newly updated app is so slow,1,2025-10-18,Awash Bank,Google Play
"Please, update kana hir'isaamee nama nuffisisaa",4,2025-10-17,Awash Bank,Google Play
good and easy to use,4,2025-10-17,Awash Bank,Google Play
I am getting a message that this update is not compatible with my system. I couldn't use the app anymore.,1,2025-10-17,Awash Bank,Google Play
እየተለማመዳቹሁ ነው እንዴ ?? check ሳታረጉ እና ሳታረጋግጡ እንደወረደ ነው እንዴ playstore lay ምትለቁት ደሞ እንዳሻሻለ ሰው updste ግዴታ ምረጉት ነገርስ😏😏,1,2025-10-17,Awash Bank,Google Play
it's very clear and faster.,5,2025-10-17,Awash Bank,Google Play
love this,5,2025-10-17,Awash Bank,Google Play
but I need more compatible app with my device,2,2025-10-17,Awash Bank,Google Play
"it's better to select who is paying loans on time and not,then it's better to give chance for those who are paying their loans on time specifically.",5,2025-10-16,Awash Bank,Google Play
Awash baankii Hunda galeessa,2,2025-10-16,Awash Bank,Google Play
not compatible to use,1,2025-10-16,Awash Bank,Google Play
App baayye dansaadha Ani maqaa ofii kootiif itti moggaase jira #Haaja-baas jedhetiin waame,5,2025-10-16,Awash Bank,Google Play
wow i liket,5,2025-10-16,Awash Bank,Google Play
Nice app,5,2025-10-16,Awash Bank,Google Play
"simple,fast and reliable app also I appreciate awash bank service. my #1 choose bank thank you",5,2025-10-16,Awash Bank,Google Play
fast app,5,2025-10-16,Awash Bank,Google Play
"I am unable to use the application at this time due to compatibility issues with my device. I would like to point out that I possess a brand new phone manufactured in 2024. Please address this issue, as your customers require a better experience.",1,2025-10-16,Awash Bank,Google Play
the app isnt working currently. it takes a pin and unable to open the home page.,1,2025-10-16,Awash Bank,Google Play
I like It,5,2025-10-16,Awash Bank,Google Play
"I like the app,like the bank.",5,2025-10-16,Awash Bank,Google Play
make your life simple,5,2025-10-16,Awash Bank,Google Play
dont ask update,5,2025-10-15,Awash Bank,Google Play
shukran,5,2025-10-15,Awash Bank,Google Play
app kun bayye bayye gariidha!,5,2025-10-15,Awash Bank,Google Play
loved,5,2025-10-15,Awash Bank,Google Play
The Smart one,5,2025-10-15,Awash Bank,Google Play
👍✌️,4,2025-10-15,Awash Bank,Google Play
good app,5,2025-10-15,Awash Bank,Google Play
latest .....,4,2025-10-15,Awash Bank,Google Play
"Awash birr pro fast,secure and convenience.......",5,2025-10-12,Awash Bank,Google Play
The best app and bank fast service and honest.,5,2025-10-11,Awash Bank,Google Play
perfect applications easy and up-to-date.,5,2025-10-11,Awash Bank,Google Play
good,4,2025-10-11,Awash Bank,Google Play
good,5,2025-10-07,Awash Bank,Google Play
Good,5,2025-10-05,Awash Bank,Google Play
well service,5,2025-10-02,Awash Bank,Google Play
The best app for modern living,5,2025-10-02,Awash Bank,Google Play
wow,5,2025-10-01,Awash Bank,Google Play
Exciting,5,2025-10-01,Awash Bank,Google Play
the previous update doesn't wok on my phone samsung s8 edge,4,2025-09-30,Awash Bank,Google Play
thank u,5,2025-09-30,Awash Bank,Google Play
It's nice,4,2025-09-26,Awash Bank,Google Play
excellence app,5,2025-09-26,Awash Bank,Google Play
toleshi chawaqa,5,2025-09-25,Awash Bank,Google Play
my favourite app,5,2025-09-24,Awash Bank,Google Play
good,4,2025-09-24,Awash Bank,Google Play
"*Some limitations for AwashBirr pro and you will be adjust and add the following features and service's:- 1) Card management like card request,card replacement, pin change & card limit set..... 2) Money request QR code for all customers. 3) Packeges from telecom and safaricom~only air time is not enough. 4) new and beautifull interface's, themes, QR code scanning featurs for merchants, fuel payments and other... * If this addtional featurs are added for AwashBirr pro, it will be perfect.",4,2025-09-23,Awash Bank,Google Play
Good !,5,2025-09-23,Awash Bank,Google Play
Good 👍 so far,5,2025-09-22,Awash Bank,Google Play
Great,5,2025-09-19,Awash Bank,Google Play
Easy to use and convenient application!,5,2025-09-17,Awash Bank,Google Play
It has some improvement to easy our used,4,2025-09-17,Awash Bank,Google Play
awshbirrii,5,2025-09-15,Awash Bank,Google Play
Swiss de and the other one day we will be there,5,2025-09-15,Awash Bank,Google Play
very,5,2025-09-14,Awash Bank,Google Play
good app,4,2025-09-13,Awash Bank,Google Play
good i.believed you,5,2025-09-12,Awash Bank,Google Play
its best app ever,5,2025-09-12,Awash Bank,Google Play
Best app👌,5,2025-09-11,Awash Bank,Google Play
I'm only here add 5 star for thus app,1,2025-09-11,Awash Bank,Google Play
አይረባም,5,2025-09-10,Awash Bank,Google Play
it's good,2,2025-09-10,Awash Bank,Google Play
best bank 🏦 👌,5,2025-09-09,Awash Bank,Google Play
good app,5,2025-09-09,Awash Bank,Google Play
👌👌👌,5,2025-09-08,Awash Bank,Google Play
best,5,2025-09-08,Awash Bank,Google Play
that's so nice,5,2025-09-08,Awash Bank,Google Play
it's good,5,2025-09-07,Awash Bank,Google Play
well,5,2025-09-06,Awash Bank,Google Play
perfect app and bank,5,2025-09-06,Awash Bank,Google Play
Okey,4,2025-09-06,Awash Bank,Google Play
good app,5,2025-09-05,Awash Bank,Google Play
ኣዋሽ ባንክ ገራሚ ባንክ,5,2025-09-05,Awash Bank,Google Play
good,5,2025-09-05,Awash Bank,Google Play
overall good,5,2025-09-04,Awash Bank,Google Play
good bank,5,2025-09-04,Awash Bank,Google Play
it needs more thing,1,2025-09-04,Awash Bank,Google Play
good,4,2025-09-04,Awash Bank,Google Play
Tank,5,2025-09-04,Awash Bank,Google Play
the best bank which is reliable,5,2025-09-03,Awash Bank,Google Play
reliable app and easy to use and clear.,5,2025-09-03,Awash Bank,Google Play
like,5,2025-09-03,Awash Bank,Google Play
good,5,2025-09-03,Awash Bank,Google Play
naa dalaguu didee mee naa lalaa,5,2025-09-03,Awash Bank,Google Play
okay 👍 👌,2,2025-09-02,Awash Bank,Google Play
all system Excellent. keep it !!,5,2025-09-02,Awash Bank,Google Play
Good app@!!!,5,2025-09-02,Awash Bank,Google Play
awash,1,2025-09-01,Awash Bank,Google Play
why doesn't have fuel payement,4,2025-09-01,Awash Bank,Google Play
you app is vary slow to download i check network but it's not network problem,1,2025-09-01,Awash Bank,Google Play
best banking application but the new update is not working on my device it says it's not compatible with your device please do something.,3,2025-09-01,Awash Bank,Google Play
good,5,2025-09-01,Awash Bank,Google Play
"Easy to use the app,Fast Transaction and 24/7 active network 🛜",5,2025-08-31,Awash Bank,Google Play
difficult to update,1,2025-08-31,Awash Bank,Google Play
this awash birr pro application is good app for us and security,4,2025-08-31,Awash Bank,Google Play
very nice to use it for many purpose!!! I highly recommend it for all Awash Bank customers. Thanks a lot for it!!!!,5,2025-08-30,Awash Bank,Google Play
user friendly app…,5,2025-08-30,Awash Bank,Google Play
that is not fair ihave transfer but your cut balance,1,2025-08-30,Awash Bank,Google Play
excellent,5,2025-08-30,Awash Bank,Google Play
nice job,5,2025-08-29,Awash Bank,Google Play
Alright branch service first,5,2025-08-29,Awash Bank,Google Play
good,5,2025-08-29,Awash Bank,Google Play
i have used most of in your compan,5,2025-08-29,Awash Bank,Google Play
greate app,5,2025-08-29,Awash Bank,Google Play
exellent service thankyou!!!!,5,2025-08-29,Awash Bank,Google Play
HaderaSebah,5,2025-08-29,Awash Bank,Google Play
really i love it,5,2025-08-29,Awash Bank,Google Play
Hydraulics engineer,4,2025-08-29,Awash Bank,Google Play
this app is evrybay choise day to day useing thing,5,2025-08-29,Awash Bank,Google Play
good,5,2025-08-29,Awash Bank,Google Play
The best app i have ever used. It is very user friendly.,5,2025-08-29,Awash Bank,Google Play
ጥሩ ነው ግን አዲስ ሂሳብ በራስ መክፈት በሚቻልበት ደረጃ ብታዘምኑ እጅግ በጣም አሪፍ ይሆን ነበር,4,2025-08-29,Awash Bank,Google Play
SUBSCRIBE,5,2025-08-28,Awash Bank,Google Play
interesting,5,2025-08-26,Awash Bank,Google Play
not good I can't load it,3,2025-08-24,Awash Bank,Google Play
all of time 📈,5,2025-08-24,Awash Bank,Google Play
good👍,5,2025-08-23,Awash Bank,Google Play
wow,5,2025-08-22,Awash Bank,Google Play
wawu,5,2025-08-22,Awash Bank,Google Play
it's amaizing,5,2025-08-22,Awash Bank,Google Play
easy to use features,5,2025-08-22,Awash Bank,Google Play
excellent thank you!!!,5,2025-08-21,Awash Bank,Google Play
It good and the pending futures like fuel payment should be included swiftly,4,2025-08-21,Awash Bank,Google Play
"""This app is very useful. If we face any complications related to transferring or receiving money, we don’t need to visit the bank. We can simply use the app to view our transaction history and resolve the issue.""",5,2025-08-21,Awash Bank,Google Play
mobal banking,5,2025-08-19,Awash Bank,Google Play
"the worst banking experience, the app keeps crushing you guys better find a good developer",1,2025-08-18,Awash Bank,Google Play
"Awash Bank Birr Pro — Safe and reliable - Strong encryption and secure channels for all transactions - Multi factor protection with PIN, OTP and biometric login - Real time fraud monitoring and instant transaction alerts",5,2025-08-17,Awash Bank,Google Play
bedt app ever,5,2025-08-16,Awash Bank,Google Play
good app,5,2025-08-16,Awash Bank,Google Play
Excellent App,5,2025-08-15,Awash Bank,Google Play
Amazing,5,2025-08-15,Awash Bank,Google Play
its best and trustworthy app i like,5,2025-08-13,Awash Bank,Google Play
ok,5,2025-08-12,Awash Bank,Google Play
best app,5,2025-08-11,Awash Bank,Google Play
the Best app,5,2025-08-11,Awash Bank,Google Play
good,5,2025-08-11,Awash Bank,Google Play
I have a great experience,5,2025-08-11,Awash Bank,Google Play
power full 💪,5,2025-08-10,Awash Bank,Google Play
it is not flexible,1,2025-08-09,Awash Bank,Google Play
good,5,2025-08-09,Awash Bank,Google Play
👍,5,2025-08-07,Awash Bank,Google Play
fast,5,2025-08-06,Awash Bank,Google Play
"the app says in my is note anymore compatible,please make the app for all divse",2,2025-08-03,Awash Bank,Google Play
excellent application,5,2025-08-03,Awash Bank,Google Play
very supportive and eazy to use,5,2025-08-02,Awash Bank,Google Play
🥳🤩,5,2025-08-01,Awash Bank,Google Play
interesting apps,5,2025-08-01,Awash Bank,Google Play
at all not worK properly !!!,5,2025-08-01,Awash Bank,Google Play
Oro koo,5,2025-08-01,Awash Bank,Google Play
"Tajaajilli Baankiinbkun kennu KEESSATTI gaheen AwashBirr pro App Kun GARMALEE guddaadha. App Kun itti fayyadamuuf salphaa, Afaanota gara garaatiin hojjechuu fi neetwoorkii salphaa keessatti hojjechuu danda'uu isaa dabalata.",5,2025-08-01,Awash Bank,Google Play
This app is very useful and I am enjoying and delighted with it,5,2025-07-31,Awash Bank,Google Play
the best bank,5,2025-07-30,Awash Bank,Google Play
good app,5,2025-07-29,Awash Bank,Google Play
very good,5,2025-07-29,Awash Bank,Google Play
"I couldn't update... the ""enable"" option doesn't even respond.",1,2025-07-28,Awash Bank,Google Play
good,5,2025-07-28,Awash Bank,Google Play
Good application,5,2025-07-27,Awash Bank,Google Play
v. good,4,2025-07-27,Awash Bank,Google Play
MashaALLAH it's an Excellent App.,5,2025-07-27,Awash Bank,Google Play
wow,5,2025-07-27,Awash Bank,Google Play
better it,4,2025-07-26,Awash Bank,Google Play
not safe to use but good and fast to transfer,1,2025-07-26,Awash Bank,Google Play
I realy like the app it so simple and user friendly,5,2025-07-26,Awash Bank,Google Play
waw🇪🇹🙏🙏🙏👍👍👍🥰🥰🥰,5,2025-07-26,Awash Bank,Google Play
it's easy and available to use,5,2025-07-26,Awash Bank,Google Play
good job,5,2025-07-25,Awash Bank,Google Play
BEST BANK IN ETHIOPIA,5,2025-07-25,Awash Bank,Google Play
excellent,5,2025-07-24,Awash Bank,Google Play
this app is greet,4,2025-07-24,Awash Bank,Google Play
Very attractive and functional app,5,2025-07-23,Awash Bank,Google Play
what is the reason can not run with Android brigage,1,2025-07-23,Awash Bank,Google Play
its good,5,2025-07-22,Awash Bank,Google Play
perfect!,5,2025-07-22,Awash Bank,Google Play
best,5,2025-07-22,Awash Bank,Google Play
I can 't update/enable the app,2,2025-07-22,Awash Bank,Google Play
interesting app,5,2025-07-22,Awash Bank,Google Play
best,5,2025-07-22,Awash Bank,Google Play
its interesting,5,2025-07-21,Awash Bank,Google Play
the best mobile banking app ever made in Ethiopia,5,2025-07-21,Awash Bank,Google Play
"fast, easy to access",5,2025-07-21,Awash Bank,Google Play
"Very good and easily access,secure ,good privacy APP",5,2025-07-20,Awash Bank,Google Play
"I am a developer an am having a lock out while am using USB debug , I have to turn it off and on simultaneously",3,2025-07-20,Awash Bank,Google Play
"The best banking app! Fast, secure, and super convenient.",5,2025-07-20,Awash Bank,Google Play
"Recent update (1.1.0) made the app so smooth. Great job. as a tip, the fingerprint should show up by itself, and in the bill section, I wish you provided more detailed usage information. but that's just me nitpicking.",5,2025-07-20,Awash Bank,Google Play
good app thanks,4,2025-07-20,Awash Bank,Google Play
Good journey!,5,2025-07-19,Awash Bank,Google Play
አጀጀከ,5,2025-07-19,Awash Bank,Google Play
good,5,2025-07-19,Awash Bank,Google Play
All ways my best choose,5,2025-07-19,Awash Bank,Google Play
effective and clean,4,2025-07-19,Awash Bank,Google Play
very good app for my side.,5,2025-07-19,Awash Bank,Google Play
I have the user of awashbirr pro.,5,2025-07-19,Awash Bank,Google Play
this app is very important,5,2025-07-18,Awash Bank,Google Play
በጣም አሪፍ ነው,4,2025-07-18,Awash Bank,Google Play
excellence,5,2025-07-18,Awash Bank,Google Play
Every transactions in one place,5,2025-07-18,Awash Bank,Google Play
It's every good,5,2025-07-18,Awash Bank,Google Play
is better system,5,2025-07-18,Awash Bank,Google Play
you are first number one am happy for service thank you,5,2025-07-18,Awash Bank,Google Play
Good,5,2025-07-18,Awash Bank,Google Play
Good app,1,2025-07-18,Awash Bank,Google Play
very good Ap,5,2025-07-18,Awash Bank,Google Play
easy to use it is user-friendly,5,2025-07-17,Awash Bank,Google Play
Where ever when ever .... Awash birr Pro,5,2025-07-17,Awash Bank,Google Play
nic,5,2025-07-17,Awash Bank,Google Play
Not fast,1,2025-07-17,Awash Bank,Google Play
Great app!,5,2025-07-17,Awash Bank,Google Play
Excellent,4,2025-07-17,Awash Bank,Google Play
Nice,2,2025-07-17,Awash Bank,Google Play
thanks for your support with app,5,2025-07-17,Awash Bank,Google Play
number 1,5,2025-07-17,Awash Bank,Google Play
Amazing app,5,2025-07-17,Awash Bank,Google Play
excellent app,5,2025-07-17,Awash Bank,Google Play
Excellent app and functioning,5,2025-07-17,Awash Bank,Google Play
Exceptional bank 🏦🏧,5,2025-07-17,Awash Bank,Google Play
Best Bank my first choice,1,2025-07-17,Awash Bank,Google Play
Its good but after withdrew my saving account.. to transfer it charge 60 Birr,5,2025-07-17,Awash Bank,Google Play
Good,5,2025-07-17,Awash Bank,Google Play
በጣም ጥሩ ነው አዋሽ ባንክ አንደኛ,5,2025-07-17,Awash Bank,Google Play
best app,5,2025-07-17,Awash Bank,Google Play
nice,4,2025-07-17,Awash Bank,Google Play
it's very fast and incredible,5,2025-07-17,Awash Bank,Google Play
amazing,5,2025-07-17,Awash Bank,Google Play
good,5,2025-07-17,Awash Bank,Google Play
very ugly,5,2025-07-15,Awash Bank,Google Play
good app,5,2025-07-13,Awash Bank,Google Play
prefer app,5,2025-07-10,Awash Bank,Google Play
This is the poorest app of the century. How come it selectively uses a device to function???,1,2025-07-09,Awash Bank,Google Play
it is a very good application if it is used.relibble and fast.,5,2025-07-08,Awash Bank,Google Play
مقبول جدا ضعيف,1,2025-07-07,Awash Bank,Google Play
They are Stingy to their customers.,1,2025-07-07,Awash Bank,Google Play
best apps,5,2025-07-06,Awash Bank,Google Play
Tajajilli kessan foyya'aadha.,5,2025-07-06,Awash Bank,Google Play
it is nice app,5,2025-07-02,Awash Bank,Google Play
This is the perfect banking app i was looking for in Ethiopia.,5,2025-07-01,Awash Bank,Google Play
working,4,2025-07-01,Awash Bank,Google Play
"good app, I loved",5,2025-06-30,Awash Bank,Google Play
Best application. 👌,5,2025-06-25,Awash Bank,Google Play
always at service,5,2025-06-23,Awash Bank,Google Play
Best app,5,2025-06-22,Awash Bank,Google Play
excellent,5,2025-06-21,Awash Bank,Google Play
😲woow,5,2025-06-21,Awash Bank,Google Play
Fast and Awesome,5,2025-06-21,Awash Bank,Google Play
Nice,5,2025-06-21,Awash Bank,Google Play
👍,3,2025-06-20,Awash Bank,Google Play
very good app,5,2025-06-20,Awash Bank,Google Play
best app,5,2025-06-20,Awash Bank,Google Play
interesting,4,2025-06-18,Awash Bank,Google Play
Nurturing lik the river!!,5,2025-06-17,Awash Bank,Google Play
good,5,2025-06-16,Awash Bank,Google Play
so good very much,5,2025-06-10,Awash Bank,Google Play
amazing 😍,3,2025-06-06,Awash Bank,Google Play
😊,5,2025-06-05,Awash Bank,Google Play
best mobile banking app,4,2025-06-05,Awash Bank,Google Play
convinent,1,2025-06-05,Awash Bank,Google Play
It's so amazing app,1,2025-06-03,Awash Bank,Google Play
It's well for all activities but have some bad features,4,2025-06-02,Awash Bank,Google Play
I love it,5,2025-06-01,Awash Bank,Google Play
its good to perform transaction,5,2025-06-01,Awash Bank,Google Play
good,5,2025-05-31,Awash Bank,Google Play
Amazing,4,2025-05-29,Awash Bank,Google Play
excellent,5,2025-05-28,Awash Bank,Google Play
"I dislike this new update. It doesn't open the app, but keep saying that you log in to another device.",1,2025-05-27,Awash Bank,Google Play
keeps saying I'm logged into another device when I'm sure I'm not.,1,2025-05-27,Awash Bank,Google Play
Awash your bank and where you proudly being served.,5,2025-05-25,Awash Bank,Google Play
"You the developers your development is going downward or what happened with you? After last year everything about the app is getting worse. Even if you can't update to a better version, why don't you leave as it is? I hated this version.",1,2025-05-25,Awash Bank,Google Play
very nice app thanks Awash bank leading bank,5,2025-05-24,Awash Bank,Google Play
the best mobile banking in our nation,5,2025-05-23,Awash Bank,Google Play
Not working well 22/05/2025 6:48 PM,1,2025-05-22,Awash Bank,Google Play
good,3,2025-05-22,Awash Bank,Google Play
Good,5,2025-05-21,Awash Bank,Google Play
l apdate the app android bridge active,1,2025-05-21,Awash Bank,Google Play
wow,5,2025-05-21,Awash Bank,Google Play
Awash #1,5,2025-05-20,Awash Bank,Google Play
very good app,1,2025-05-20,Awash Bank,Google Play
ok,5,2025-05-19,Awash Bank,Google Play
amazing app.,5,2025-05-18,Awash Bank,Google Play
amazingly,5,2025-05-18,Awash Bank,Google Play
0% attractiveness. am sorry.,1,2025-05-18,Awash Bank,Google Play
"It's a very cool, all-inclusive app, but it's difficult to use with data. If we make a little adjustment to it, we can use it more in places where there is no WiFi. Keep updating it.",5,2025-05-18,Awash Bank,Google Play
life is good with your app,5,2025-05-17,Awash Bank,Google Play
good,4,2025-05-17,Awash Bank,Google Play
Good,5,2025-05-17,Awash Bank,Google Play
It's simple and fast.,5,2025-05-17,Awash Bank,Google Play
nice,5,2025-05-13,Awash Bank,Google Play
good app,5,2025-05-13,Awash Bank,Google Play
Good,5,2025-05-12,Awash Bank,Google Play
it's good service as I see,5,2025-05-11,Awash Bank,Google Play
"after i used it for 4 months, it says that the app is not compatible with your phone. But my Phone is samsung galaxy A13 that I have been using it on.",2,2025-05-11,Awash Bank,Google Play
soo coid in use,5,2025-05-10,Awash Bank,Google Play
"I could not use the app as it says, 'app locked. awashBirrpro cannot run while the android bridge is active'.",1,2025-05-10,Awash Bank,Google Play
thes app can't Working on my deivais,3,2025-05-10,Awash Bank,Google Play
"Seamless, Suitable, Comfortable. Just, Excellent.",5,2025-05-09,Awash Bank,Google Play
amazing application I appreciate,5,2025-05-09,Awash Bank,Google Play
good,5,2025-05-09,Awash Bank,Google Play
good,5,2025-05-07,Awash Bank,Google Play
best of best,5,2025-05-06,Awash Bank,Google Play
I have used the previous version perfectly but now the updated version responds you are logged in on another device even Iam uising on phone only.But when I have cleared my cache date it works fine as before. but the saddest part there is no response for any review here from the developer,1,2025-05-05,Awash Bank,Google Play
the best one,5,2025-05-03,Awash Bank,Google Play
amazing,5,2025-05-02,Awash Bank,Google Play
Good,5,2025-05-02,Awash Bank,Google Play
good,5,2025-05-02,Awash Bank,Google Play
best,5,2025-05-01,Awash Bank,Google Play
Good app,5,2025-04-30,Awash Bank,Google Play
it such good app for me,5,2025-04-30,Awash Bank,Google Play
"Unresponsive, showing error 'you have logged in on other devices '",1,2025-04-29,Awash Bank,Google Play
"when I try to use now display "" you are logged in to another device"" please fix it.",1,2025-04-29,Awash Bank,Google Play
keep going its amazing app and add some new function,5,2025-04-28,Awash Bank,Google Play
its best app thank you,5,2025-04-28,Awash Bank,Google Play
Great app,5,2025-04-28,Awash Bank,Google Play
I couldnt login for an hour it restricts me despite any effort. Awash mobile banking system needs improvement and reoperation.,1,2025-04-28,Awash Bank,Google Play
best app,5,2025-04-27,Awash Bank,Google Play
"the worst mobile banking i have ever seen in my entire life, Thanks to Dashen bank they come up with Dashen Super App. i have stoped using this Nightmare mobile banking for now, thanks to good it will continue to be the nightmare for those who are using it.",1,2025-04-26,Awash Bank,Google Play
"awashbirr pro app fulfill my issues, and deserve 5 star",5,2025-04-26,Awash Bank,Google Play
waw best app,5,2025-04-26,Awash Bank,Google Play
nice,5,2025-04-25,Awash Bank,Google Play
"the app used to work perfectly but now when I try to log in, it says you are logged in another device. please resolve this issue. this has been going on for over 2 weeks now.",3,2025-04-25,Awash Bank,Google Play
nice,5,2025-04-25,Awash Bank,Google Play
it is exceptional!,5,2025-04-24,Awash Bank,Google Play
Exceptional,5,2025-04-24,Awash Bank,Google Play
Awashpro like,5,2025-04-24,Awash Bank,Google Play
"I've been using the Awash Pro app for digital banking, and while it offers many useful features like bill payments and micro-loans, the login experience is frustrating. After a recent update, I constantly get a message saying “You are logged in on another device”—even when I’m not. The biometric login feature also doesn’t work properly. I tried clearing cache, reinstalling, and even contacting support, but the problem remains.",2,2025-04-24,Awash Bank,Google Play
modernized and fast mobile banking application.It's best keep it up.A few corrections must be needed so fix it.,5,2025-04-24,Awash Bank,Google Play
best,5,2025-04-24,Awash Bank,Google Play
"This is a great update, it would be great if the loan started.",5,2025-04-24,Awash Bank,Google Play
wenderful app,5,2025-04-23,Awash Bank,Google Play
"after the last update, couldn't login at all",1,2025-04-23,Awash Bank,Google Play
Good,4,2025-04-22,Awash Bank,Google Play
"""you are logged in on another device"" እና error code 400 ለሚላቹ መፍትሄው የትም branch ሳትሄዱ applicationኑን unistall አድርጉት መልሳችሁ install አድርጉት ቋንቋ ምረጡ ስልክ 9ብላቹ እስገቡ ምትጠቀሙትን የAwash pro password አስገቡ መስራት ይጀምራል &""App Locked"" ለሚላቹ መፍትሄው specially (tecno &infnix) setting ግቡ my phone or about phone ላይ bulid number የሚል ፈልጉ ስታገኙት 7 ጊዜ ንኩት ከዛ የስልካችሁን patter or password አስገቡ ከዛ setting ላይ developer option ብላቹ search አድርጉ or system የሚለው ውስጥ ፈልጉት or main setting ላይ ፈልጉት ከዛ off አድርጉት አለቀ Done! 🙏from dire dawa awash❤",5,2025-04-22,Awash Bank,Google Play
thanks a lot,5,2025-04-22,Awash Bank,Google Play
nice,5,2025-04-21,Awash Bank,Google Play
Appilikaashiniin kun hedduu bu'a qabeessaa fi akkaan barbaachisaadha.,5,2025-04-21,Awash Bank,Google Play
nice app,5,2025-04-21,Awash Bank,Google Play
Good,5,2025-04-21,Awash Bank,Google Play
good,2,2025-04-21,Awash Bank,Google Play
number.ONE.🥰,5,2025-04-20,Awash Bank,Google Play
"best,easy and good digitalized app.",5,2025-04-19,Awash Bank,Google Play
how to set pass word?,5,2025-04-19,Awash Bank,Google Play
"Its not working for techno users * error code 500 * after updating , confirmation code and signing in problem",1,2025-04-18,Awash Bank,Google Play
This app is useful.,5,2025-04-18,Awash Bank,Google Play
very good,5,2025-04-18,Awash Bank,Google Play
good work,5,2025-04-18,Awash Bank,Google Play
good,5,2025-04-18,Awash Bank,Google Play
thank for service,5,2025-04-18,Awash Bank,Google Play
"The previous app was functioning normally before I updated it yesterday. Now, when I try to log in, it displays a security alert stating, ""You are logged in on another device."" I'm only using one device, which is my current phone.",1,2025-04-18,Awash Bank,Google Play
"Awash Bank stands out as a truly loyal and innovative financial institution—through the Awash Pro App, it proves its commitment to excellence and staying ahead in today’s digital age. A bank i can trust, now and always.",5,2025-04-17,Awash Bank,Google Play
nice application,5,2025-04-17,Awash Bank,Google Play
totally encouraging!!,5,2025-04-17,Awash Bank,Google Play
good,5,2025-04-17,Awash Bank,Google Play
it is easy and fast to use i enjoy it,5,2025-04-17,Awash Bank,Google Play
nice app,5,2025-04-17,Awash Bank,Google Play
top,5,2025-04-17,Awash Bank,Google Play
Convenient and efficient,5,2025-04-17,Awash Bank,Google Play
V.good,5,2025-04-17,Awash Bank,Google Play
good,5,2025-04-17,Awash Bank,Google Play
this is what a Bank mobile app should look like. this is the best.,5,2025-04-17,Awash Bank,Google Play
best,5,2025-04-17,Awash Bank,Google Play
It's a nice app... the interface is smooth and comfortable.,5,2025-04-17,Awash Bank,Google Play
very nice,5,2025-04-17,Awash Bank,Google Play
amezing,5,2025-04-17,Awash Bank,Google Play
nice app,5,2025-04-17,Awash Bank,Google Play
excellent app!!!,5,2025-04-17,Awash Bank,Google Play
nice app. Thanks Awash.,5,2025-04-17,Awash Bank,Google Play
the nice one,5,2025-04-17,Awash Bank,Google Play
good,5,2025-04-17,Awash Bank,Google Play
very smart and effective! also possible to use #*****#,5,2025-04-17,Awash Bank,Google Play
"The Best ... AwashBirr Pro a convenient and secure platform designed specifically for corporate Billers, Merchants and Bank customers to manage their financial transactions conveniently and efficiently. With this app, you can easily access and control your business accounts from your mobile devices, providing you with the flexibility and freedom to manage your finances on the go.",5,2025-04-17,Awash Bank,Google Play
so good,5,2025-04-17,Awash Bank,Google Play
this application good,5,2025-04-17,Awash Bank,Google Play
nice application,4,2025-04-17,Awash Bank,Google Play
it's very good to solve the problem I love it,5,2025-04-17,Awash Bank,Google Play
This application used to perform well. But sometimes not working perfectly,5,2025-04-17,Awash Bank,Google Play
This app is very useful and convenient to use.,5,2025-04-17,Awash Bank,Google Play
good,5,2025-04-17,Awash Bank,Google Play
Great App!,5,2025-04-17,Awash Bank,Google Play
Awash I appreciate for the update that you have been. you're going with latest technological compatibility. go a head!👍✌️,5,2025-04-17,Awash Bank,Google Play
it's best and fast serviced.,5,2025-04-17,Awash Bank,Google Play
Best app from any other bank apps,5,2025-04-17,Awash Bank,Google Play
Not the best experience but decent.,4,2025-04-17,Awash Bank,Google Play
excellent and reliable,5,2025-04-17,Awash Bank,Google Play
Best app..I like it,5,2025-04-16,Awash Bank,Google Play
very nice AwashBIRR pro🥰,5,2025-04-16,Awash Bank,Google Play
very good,5,2025-04-16,Awash Bank,Google Play
best,5,2025-04-16,Awash Bank,Google Play
excellent,5,2025-04-16,Awash Bank,Google Play
nice,5,2025-04-15,Awash Bank,Google Play
It's so customer friendly that I am enjoying every transactions I make .,5,2025-04-15,Awash Bank,Google Play
😍...,5,2025-04-15,Awash Bank,Google Play
very best,5,2025-04-15,Awash Bank,Google Play
"The APP was working normally but after I updated it, I couldn't log in saying that ""you are logged in to another device"". Please resolve this issue.",4,2025-04-15,Awash Bank,Google Play
good,4,2025-04-15,Awash Bank,Google Play
i like,5,2025-04-15,Awash Bank,Google Play
smart,2,2025-04-15,Awash Bank,Google Play
excellent,4,2025-04-15,Awash Bank,Google Play
very good!!!,5,2025-04-14,Awash Bank,Google Play
ok,5,2025-04-14,Awash Bank,Google Play
best app,5,2025-04-14,Awash Bank,Google Play
The best mobile Banking application ever,5,2025-04-14,Awash Bank,Google Play
good👍,2,2025-04-14,Awash Bank,Google Play
very satisfactory service,5,2025-04-14,Awash Bank,Google Play
good 👍,5,2025-04-14,Awash Bank,Google Play
Great app,4,2025-04-14,Awash Bank,Google Play
very nice app,5,2025-04-14,Awash Bank,Google Play
hope for help me good that..,5,2025-04-14,Awash Bank,Google Play
"Easy, fast and accurate!",5,2025-04-14,Awash Bank,Google Play
"I started using the app properly, but now I can't transfer to other bank. when I click the button, it will redirect me to play store and say it's not compatible with your device.",3,2025-04-14,Awash Bank,Google Play
very good,5,2025-04-14,Awash Bank,Google Play
Awash mobile banking is one of the fastest bank and growing allover the country,5,2025-04-14,Awash Bank,Google Play
good app,5,2025-04-13,Awash Bank,Google Play
thanks shortly fixe the problem (it shows error code 400),5,2025-04-13,Awash Bank,Google Play
good apps,5,2025-04-12,Awash Bank,Google Play
Smart app 👌,5,2025-04-12,Awash Bank,Google Play
Great App but Currently not working and it replied while log in ' request failed with status Code 400',5,2025-04-11,Awash Bank,Google Play
good app for financial,5,2025-04-11,Awash Bank,Google Play
100000M ⭐️,5,2025-04-11,Awash Bank,Google Play
nice,5,2025-04-11,Awash Bank,Google Play
its writing error code pleas fix,2,2025-04-11,Awash Bank,Google Play
best version of all the time,5,2025-04-11,Awash Bank,Google Play
i'm the customers of your bank why didn't work this app in my phone?,5,2025-04-11,Awash Bank,Google Play
nice app,5,2025-04-11,Awash Bank,Google Play
why this is not work,5,2025-04-11,Awash Bank,Google Play
the app is not working your device what can i do,1,2025-04-10,Awash Bank,Google Play
my app is not working erro400 show how to resolve,3,2025-04-10,Awash Bank,Google Play
this last 10 days the app is not working and says this app is not supporting similar devices like mine please fix it.,1,2025-04-10,Awash Bank,Google Play
doesnot work on older devices! mine is android 9,1,2025-04-10,Awash Bank,Google Play
"Nice, but needs some modifications and features and also it is good if you upgrade into Superapp",4,2025-04-09,Awash Bank,Google Play
good,5,2025-04-09,Awash Bank,Google Play
App is not working even after reinstall ...shows error 400,1,2025-04-09,Awash Bank,Google Play
please AwashBIRR pro in not working,1,2025-04-09,Awash Bank,Google Play
"you app is not working starting from last week,I is great shame for company this big with out fix for almost 8 days",1,2025-04-08,Awash Bank,Google Play
your app is didn't work.,1,2025-04-08,Awash Bank,Google Play
don't be stupid you post andiroid 10 and above but it doesn't work,1,2025-04-08,Awash Bank,Google Play
i have been used the app for a while and got it interesting,5,2025-04-08,Awash Bank,Google Play
this apps useful and simple to access financial transaction,5,2025-04-08,Awash Bank,Google Play
i like the app,5,2025-04-07,Awash Bank,Google Play
"needs regular updates, can't install on the latest Android version",2,2025-04-07,Awash Bank,Google Play
good,5,2025-04-07,Awash Bank,Google Play
the bea is locked me 400,5,2025-04-07,Awash Bank,Google Play
Transfer detail ማለት የአስገቢ ስም ቢኖረው በጣም አሪፍ ነበር,2,2025-04-06,Awash Bank,Google Play
very good,3,2025-04-06,Awash Bank,Google Play
Request failed with status code 400 error message appears for the past few days. Can't access the app. please have a look,1,2025-04-06,Awash Bank,Google Play
አወሽፖሮ ጡሩ ነው…ግን በጠም የስቸግራል,2,2025-04-06,Awash Bank,Google Play
good application highly secured.,5,2025-04-05,Awash Bank,Google Play
nice app,1,2025-04-04,Awash Bank,Google Play
the app stop working and I asked 4 branches of awash but still the issue not solved,2,2025-04-04,Awash Bank,Google Play
wonderful apk,5,2025-04-04,Awash Bank,Google Play
good,5,2025-04-04,Awash Bank,Google Play
not working,1,2025-04-03,Awash Bank,Google Play
very good,4,2025-04-03,Awash Bank,Google Play
geat app easy to use,5,2025-04-02,Awash Bank,Google Play
htuifful,5,2025-04-02,Awash Bank,Google Play
android bridge enabled?,5,2025-04-01,Awash Bank,Google Play
great AP,5,2025-04-01,Awash Bank,Google Play
This app is best.,4,2025-04-01,Awash Bank,Google Play
wow,5,2025-04-01,Awash Bank,Google Play
Really exceptional,5,2025-04-01,Awash Bank,Google Play
wow,5,2025-03-31,Awash Bank,Google Play
good App,5,2025-03-31,Awash Bank,Google Play
no active no work what happened?,5,2025-03-31,Awash Bank,Google Play
Nice,5,2025-03-31,Awash Bank,Google Play
couldnt transfer for 3 days now,1,2025-03-29,Awash Bank,Google Play
Good,5,2025-03-29,Awash Bank,Google Play
good,5,2025-03-29,Awash Bank,Google Play
the best private bank,5,2025-03-28,Awash Bank,Google Play
"its very simple for use application and also its very special(different) from other bank application like Electiric utility payment,statement,....",5,2025-03-27,Awash Bank,Google Play
easy to use and fast,5,2025-03-26,Awash Bank,Google Play
Awash bank is my bank,5,2025-03-23,Awash Bank,Google Play
"transfer to Telebir isn't working,can you fix it.",3,2025-03-22,Awash Bank,Google Play
Distinguished,5,2025-03-20,Awash Bank,Google Play
በጣም አስቀያሚ ሲስተም ያለው ባንክ ነው 😡😡,1,2025-03-19,Awash Bank,Google Play
good,5,2025-03-19,Awash Bank,Google Play
It's one of the leading private bank I like the connected feature that links both main awash bank account and awash birr wallet,5,2025-03-18,Awash Bank,Google Play
Good,5,2025-03-17,Awash Bank,Google Play
very nice,5,2025-03-16,Awash Bank,Google Play
Is good but why transaction didn't work between CBE and AwashBIRR Pro?,5,2025-03-16,Awash Bank,Google Play
It is better than CBE it doesn't have a lot of fee😎😎🧐,5,2025-03-14,Awash Bank,Google Play
"To bad everything, the service, the UI, functionality",1,2025-03-13,Awash Bank,Google Play
Great app! Looking forward to more improvements,5,2025-03-12,Awash Bank,Google Play
great,5,2025-03-12,Awash Bank,Google Play
"It is a fast, secure, and easy-to-use mobile banking app from Awash Bank. It helps you manage your money anytime, anywhere. Key Features: ✅ Easy Transactions – Send money, pay bills, and buy airtime quickly. ✅ Secure Banking – Uses biometric login and strong security. ✅ Simple Design – Easy to navigate for all users. ✅ 24/7 Access – Bank anytime, from anywhere. Why Choose Awash Birr Pro? It’s fast, reliable, and user-friendly, making banking simple and convenient. ⭐⭐⭐⭐⭐ Highly",5,2025-03-11,Awash Bank,Google Play
"I use this application before updates and I like it. but, after updates this application is not working on my phone. my phone is techno Mobile.",1,2025-03-11,Awash Bank,Google Play
Stupid App😡😡😡😡,1,2025-03-10,Awash Bank,Google Play
Awash bakib,5,2025-03-09,Awash Bank,Google Play
Not good b/c not work,1,2025-03-08,Awash Bank,Google Play
Very usefully,5,2025-03-07,Awash Bank,Google Play
This app has played a major role in making banking services in our country timely and accessible.,5,2025-03-06,Awash Bank,Google Play
Very nice,5,2025-03-06,Awash Bank,Google Play
Nice,5,2025-03-05,Awash Bank,Google Play
My favourite awash birr Pro,5,2025-03-03,Awash Bank,Google Play
good app,5,2025-03-02,Awash Bank,Google Play
👍Good,5,2025-02-28,Awash Bank,Google Play
Needs improvements,1,2025-02-28,Awash Bank,Google Play
AwashBIRR Pro is my number one choice And I Love It ❤❤❤❤,5,2025-02-26,Awash Bank,Google Play
Interesting app,5,2025-02-26,Awash Bank,Google Play
Well organized application most effective,5,2025-02-22,Awash Bank,Google Play
With didn't dawonload me,2,2025-02-22,Awash Bank,Google Play
it good app,5,2025-02-22,Awash Bank,Google Play
Good bank,5,2025-02-19,Awash Bank,Google Play
I love it,5,2025-02-18,Awash Bank,Google Play
👍👍👍,5,2025-02-18,Awash Bank,Google Play
Yarabbi yaakaliqu nuu ararami,5,2025-02-17,Awash Bank,Google Play
My first option AB,5,2025-02-17,Awash Bank,Google Play
I want to download AwashBirr Pro,5,2025-02-16,Awash Bank,Google Play
Bareedadha!,2,2025-02-15,Awash Bank,Google Play
Nice app,5,2025-02-14,Awash Bank,Google Play
I apprciate this app its more convinant user freindly and has more transaction option keep it up 👍👍👍,5,2025-02-12,Awash Bank,Google Play
እንደዚ ሰው ከምታጎሳቅሉ ባንኩን ብትዘጉት ይሻላል,1,2025-02-12,Awash Bank,Google Play
The aplication have been closing repeatedly for no reason the past 2 months.I un/re installed it many times following advice from your staff .,3,2025-02-11,Awash Bank,Google Play
"Unable to refund failed transfer , extremely disappointing",1,2025-02-11,Awash Bank,Google Play
😡😡😡😡😡bad,1,2025-02-10,Awash Bank,Google Play
Why it says android bridge,5,2025-02-10,Awash Bank,Google Play
Good,5,2025-02-08,Awash Bank,Google Play
Good,5,2025-02-07,Awash Bank,Google Play
Good App.,5,2025-02-07,Awash Bank,Google Play
Love it,4,2025-02-06,Awash Bank,Google Play
Excellent,5,2025-02-06,Awash Bank,Google Play
Good,5,2025-02-05,Awash Bank,Google Play
I don't like the app,1,2025-02-04,Awash Bank,Google Play
"This application is"" Said Awashbirr pro cannot run while the android bridge is ended"" so if you can please prove this thing 🙏",1,2025-02-03,Awash Bank,Google Play
Great application 👍,5,2025-02-01,Awash Bank,Google Play
በጣም ምርጥ app ነው ግን ወደ ሌላ ሰው ቴሌብር መላክ ቢቻል ጥሩ ነው,5,2025-01-31,Awash Bank,Google Play
More life to awash bank,1,2025-01-29,Awash Bank,Google Play
"it's great application💪 Easily accessible thank you He's saying, ""You're asking for money. Just open it for me."" I hate it. You were so cool. What should we do now? Just open it for me.Oh, I'm going to transfer to Maryam, what should I do when they give me the money? Just leave me alone, okay, what should I do? Tell me later, I'll give it to the cat, I'll give it to him, I'll transfer him, my pen",2,2025-01-29,Awash Bank,Google Play
👍,5,2025-01-28,Awash Bank,Google Play
SUBSCRAYB,3,2025-01-28,Awash Bank,Google Play
Nice and fast Awash 🤗,5,2025-01-27,Awash Bank,Google Play
The attached keyboard cannot print the decimal point. Thus amounts with a decimal point for exact payments cannot be typed and mobile payments like DStv cannot be done. Eg Birr 199.60 cannot be payed using AwashBirr pro,2,2025-01-27,Awash Bank,Google Play
smart,5,2025-01-26,Awash Bank,Google Play
Good,5,2025-01-25,Awash Bank,Google Play
Not work for me what is the reason???,1,2025-01-25,Awash Bank,Google Play
"Mobaayil baankiingiin Baankii Awaash baay'ee namatti tola, baay'ee mijataa fi ariitiidhaan maallaqa gara iddoo barbaadameetti daddabarsuuf kan nama gargaaruudha, nagahees download gochuuf waan mijataa taheef baay'ee namatti tola",5,2025-01-25,Awash Bank,Google Play
Good,5,2025-01-25,Awash Bank,Google Play
Amezing Internet banking❤️,5,2025-01-24,Awash Bank,Google Play
"Information needs to be available at much faster rate, and communication needs to happen b/w the branches and main office for a better experience, and if you can have better security when it comes to paper like having a paper shredding maching in the branches will help. Amazing customer service, and keep uo the great work. I'm planning on adding some other things, or services, God willing.",5,2025-01-23,Awash Bank,Google Play
Very Good,4,2025-01-23,Awash Bank,Google Play
Fantastic app,5,2025-01-21,Awash Bank,Google Play
It is good,5,2025-01-20,Awash Bank,Google Play
Very nice,5,2025-01-19,Awash Bank,Google Play
The leading private bank in ethiopia,5,2025-01-19,Awash Bank,Google Play
It good .but the app fail (stop working) frequently. Please solve the failurity or damage of application.,1,2025-01-16,Awash Bank,Google Play
Excelent app,1,2025-01-16,Awash Bank,Google Play
Good,5,2025-01-15,Awash Bank,Google Play
very bad app ever 1 seen😡🤬,1,2025-01-14,Awash Bank,Google Play
This app might look like legal but it's a scam they scammed me around 1000 ETB for transaction error,1,2025-01-14,Awash Bank,Google Play
💪,5,2025-01-12,Awash Bank,Google Play
Nice,4,2025-01-12,Awash Bank,Google Play
"When you look at transaction history, it shows the payer account number instead of the payer name. Please start showing the payer name, this is important to cross-check transactions.",3,2025-01-12,Awash Bank,Google Play
Awashbirr pro don't work way?please worked,5,2025-01-12,Awash Bank,Google Play
Nice!,3,2025-01-11,Awash Bank,Google Play
Please fix android bridge problem or developer options default,5,2025-01-11,Awash Bank,Google Play
Awash,5,2025-01-10,Awash Bank,Google Play
If I could leave a 0 star I would,1,2025-01-10,Awash Bank,Google Play
ፍጥነቱ በጣም ጥሩ ነው ነገር ግን ገንዘብ ከተላለፈ በሁዋላ በሚያመጣው የማረጋገጫ ደረሰኝ ላ ሴቩ እና ሼር አማራጩ ፎቶ ወይም jpg አማራጭ ብቻ መሆኑ ቢስተካከል እና pdf አማራጭ ቢኖረው ሁለተኛው እና ዋናው ችግር የገንዘቡ የተላከበት ምክንያት መፃፊያው ላይ የተገለፀውን ከሶስት ቃል በላይ ይቆርጠዋል! ሙሉ አያስገባም ቆርጦ ይተወዋል ባይሆን እንኩዋን ከስምን እስከ አስር ፊደል መቀበል ሲኖርበት የሌሎች mobiApp በዚህ የተሻለ ነው,5,2025-01-10,Awash Bank,Google Play
the most advanced,5,2025-01-10,Awash Bank,Google Play
"User friendly, best app of 2024! Hope you serve better in coming years.",5,2025-01-09,Awash Bank,Google Play
Nise,5,2025-01-08,Awash Bank,Google Play
Attractive,5,2025-01-08,Awash Bank,Google Play
i have been using awash birr pro a couple of years i am glad to be memeber of the bank,5,2025-01-06,Awash Bank,Google Play
Just it make my life Easy and happy Download it you will never ever regret it,5,2025-01-06,Awash Bank,Google Play
Fast money transaction and exellent app features to use easly.,5,2025-01-05,Awash Bank,Google Play
Lucho biranu dubala,2,2025-01-04,Awash Bank,Google Play
"I have been using the app up longer; for unknown reason the app got ""incompatible with your device"" and now I am in doubt of using it.",1,2025-01-04,Awash Bank,Google Play
Ashrafa safii,5,2025-01-03,Awash Bank,Google Play
It's good for me.,5,2025-01-03,Awash Bank,Google Play
👍👍👍👍👍👍👍👍👍👍👍👍👍👍,5,2025-01-03,Awash Bank,Google Play
❤️,4,2025-01-03,Awash Bank,Google Play
ቨሪህ,5,2025-01-02,Awash Bank,Google Play
Opar,5,2025-01-02,Awash Bank,Google Play
Very good,5,2025-01-02,Awash Bank,Google Play
Best,5,2025-01-01,Awash Bank,Google Play
This app is very good in access,5,2024-12-31,Awash Bank,Google Play
Free App,5,2024-12-30,Awash Bank,Google Play
Sport,5,2024-12-30,Awash Bank,Google Play
Iskandar amadysan Aliiyyii,5,2024-12-29,Awash Bank,Google Play
"my device is Techno Camon12 and but Awash Birr pro back me to be incompatible to their version. do I have to buy an other devices only for Awash Birr pro 😂, please tell me the jock. even you should warn us before fall to our devices.",1,2024-12-29,Awash Bank,Google Play
Check am,5,2024-12-29,Awash Bank,Google Play
The best app,5,2024-12-29,Awash Bank,Google Play
"It used to fast and reliable a week ago but this days, it became slower and having an issues every time. Please fix it",1,2024-12-29,Awash Bank,Google Play
"App have many issues, Finger print security becomes disabled, sometimes you can not access the app , sometimes its very slow with you having proper connection",1,2024-12-28,Awash Bank,Google Play
Awash like the river It's Best,5,2024-12-28,Awash Bank,Google Play
"It isn't working, what the problem ?",2,2024-12-28,Awash Bank,Google Play
Not working after update,1,2024-12-28,Awash Bank,Google Play
be fast,5,2024-12-27,Awash Bank,Google Play
Very fast bank,5,2024-12-27,Awash Bank,Google Play
AwashBirr Pro best is simply the best mobile banking App,5,2024-12-27,Awash Bank,Google Play
Please change the sdk version my phone is no longer supported and also buttons are not responsive they require multiple press to function.,3,2024-12-27,Awash Bank,Google Play
"Very good , except that it doesn't operate well on sundays",5,2024-12-27,Awash Bank,Google Play
Oh,5,2024-12-26,Awash Bank,Google Play
Eyaschegere new,5,2024-12-26,Awash Bank,Google Play
Good,5,2024-12-26,Awash Bank,Google Play
Good,5,2024-12-26,Awash Bank,Google Play
AwashBirr pro is really a great and crucial for better banking.,5,2024-12-26,Awash Bank,Google Play
Garbage Mobile banking app,1,2024-12-26,Awash Bank,Google Play
This is masha Allah,5,2024-12-26,Awash Bank,Google Play
It's good.,3,2024-12-26,Awash Bank,Google Play
Good,5,2024-12-26,Awash Bank,Google Play
Good and interesting.,5,2024-12-26,Awash Bank,Google Play
wawe,5,2024-12-26,Awash Bank,Google Play
"Very good, always i appreciated awash birr.. Keep it up",3,2024-12-26,Awash Bank,Google Play
Good,4,2024-12-26,Awash Bank,Google Play
Nice,4,2024-12-26,Awash Bank,Google Play
Best of best,5,2024-12-26,Awash Bank,Google Play
Uninstall goonee deebisne install gochuu irra update utuu nama goosisee gaarii dha.,1,2024-12-26,Awash Bank,Google Play
It's boring,5,2024-12-26,Awash Bank,Google Play
Awash birr pro always,5,2024-12-26,Awash Bank,Google Play
Too smart,5,2024-12-26,Awash Bank,Google Play
Good app,5,2024-12-26,Awash Bank,Google Play
I'ts special app,5,2024-12-26,Awash Bank,Google Play
Good,3,2024-12-26,Awash Bank,Google Play
Great app,5,2024-12-26,Awash Bank,Google Play
You are right,5,2024-12-26,Awash Bank,Google Play
Posetive experiance,5,2024-12-26,Awash Bank,Google Play
Love it,4,2024-12-26,Awash Bank,Google Play
After update totaly the app stoped working,1,2024-12-26,Awash Bank,Google Play
Very good app,5,2024-12-26,Awash Bank,Google Play
Best very very bohot achi,4,2024-12-26,Awash Bank,Google Play
Didn't work,5,2024-12-26,Awash Bank,Google Play
Ok,1,2024-12-26,Awash Bank,Google Play
Good service,5,2024-12-26,Awash Bank,Google Play
It's good app,5,2024-12-26,Awash Bank,Google Play
Not working,1,2024-12-26,Awash Bank,Google Play
Very nice app,5,2024-12-26,Awash Bank,Google Play
Nice application,5,2024-12-26,Awash Bank,Google Play
Awash BIRR Pro was exelent mobile banking app,5,2024-12-26,Awash Bank,Google Play
great,5,2024-12-26,Awash Bank,Google Play
በድርቅና ሪአክት አድርጉ አትበሉን,5,2024-12-26,Awash Bank,Google Play
Okey,4,2024-12-26,Awash Bank,Google Play
aupdate,5,2024-12-26,Awash Bank,Google Play
It's a good App,5,2024-12-26,Awash Bank,Google Play
Good,5,2024-12-26,Awash Bank,Google Play
Ok,5,2024-12-26,Awash Bank,Google Play
Best,1,2024-12-26,Awash Bank,Google Play
Good,5,2024-12-26,Awash Bank,Google Play
Good,4,2024-12-26,Awash Bank,Google Play
Good,5,2024-12-26,Awash Bank,Google Play
Good,4,2024-12-26,Awash Bank,Google Play
Egchfu,1,2024-12-26,Awash Bank,Google Play
Amazing experience 👍🏻👍🏻,4,2024-12-26,Awash Bank,Google Play
Ok,5,2024-12-26,Awash Bank,Google Play
Not working properly,1,2024-12-26,Awash Bank,Google Play
I am proud in your app pro,5,2024-12-26,Awash Bank,Google Play
It is good app,5,2024-12-26,Awash Bank,Google Play
ምርጥ እና አጠቃቀሙ ቀላል የሆነ App ሰለሆነ ተመችቶኛል,5,2024-12-26,Awash Bank,Google Play
this app is not work in my divise,1,2024-12-26,Awash Bank,Google Play
"When money is sent to us, it does not show the name of the sender, please fix it quickly",3,2024-12-26,Awash Bank,Google Play
Good,5,2024-12-26,Awash Bank,Google Play
Excelent,5,2024-12-26,Awash Bank,Google Play
Wow,4,2024-12-26,Awash Bank,Google Play
So far Slso good,5,2024-12-26,Awash Bank,Google Play
Good,5,2024-12-26,Awash Bank,Google Play
Best,5,2024-12-26,Awash Bank,Google Play
Why is stop working,1,2024-12-26,Awash Bank,Google Play
Nice,5,2024-12-26,Awash Bank,Google Play
Since last week this is the worst app.,1,2024-12-26,Awash Bank,Google Play
good woork,1,2024-12-26,Awash Bank,Google Play
Please fix the issue with other banks transfer. Its not working for any other banks including telebirr or M-pesa .,1,2024-12-26,Awash Bank,Google Play
It is good,5,2024-12-26,Awash Bank,Google Play
Very accessible and comfortable,5,2024-12-26,Awash Bank,Google Play
Good,5,2024-12-26,Awash Bank,Google Play
It's good app,5,2024-12-26,Awash Bank,Google Play
Great application,5,2024-12-26,Awash Bank,Google Play
Way,1,2024-12-26,Awash Bank,Google Play
Perfect,5,2024-12-26,Awash Bank,Google Play
Not need anymore,5,2024-12-26,Awash Bank,Google Play
Good,5,2024-12-26,Awash Bank,Google Play
በጣም ግሩም አፕሊኬሽን ነው,5,2024-12-26,Awash Bank,Google Play
Not working properly.,1,2024-12-25,Awash Bank,Google Play
Like,5,2024-12-25,Awash Bank,Google Play
feeling good with the app,5,2024-12-25,Awash Bank,Google Play
Fast pro,5,2024-12-25,Awash Bank,Google Play
Awashbirr pro is fast and all in one interface. My #1 choice thank you.,5,2024-12-25,Awash Bank,Google Play
It makes life easy,5,2024-12-25,Awash Bank,Google Play
Best,5,2024-12-25,Awash Bank,Google Play
Excellent,5,2024-12-25,Awash Bank,Google Play
Awesomely,5,2024-12-25,Awash Bank,Google Play
Smart app,5,2024-12-25,Awash Bank,Google Play
It's user friendly!,5,2024-12-25,Awash Bank,Google Play
Best,5,2024-12-25,Awash Bank,Google Play
wow,5,2024-12-25,Awash Bank,Google Play
It is a good app,5,2024-12-25,Awash Bank,Google Play
Good,2,2024-12-25,Awash Bank,Google Play
Good,1,2024-12-25,Awash Bank,Google Play
Good,3,2024-12-25,Awash Bank,Google Play
excellent,5,2024-12-25,Awash Bank,Google Play
Its good and user friendly,3,2024-12-25,Awash Bank,Google Play
Good,5,2024-12-25,Awash Bank,Google Play
Good,5,2024-12-25,Awash Bank,Google Play
Nice,5,2024-12-25,Awash Bank,Google Play
Yes we can Hfhfhfhf,3,2024-12-25,Awash Bank,Google Play
Great app,5,2024-12-25,Awash Bank,Google Play
"This app is very good, I was used twicly",1,2024-12-25,Awash Bank,Google Play
Ok,5,2024-12-25,Awash Bank,Google Play
Awash,5,2024-12-25,Awash Bank,Google Play
Bad,1,2024-12-25,Awash Bank,Google Play
Amazing app,5,2024-12-25,Awash Bank,Google Play
Nice,5,2024-12-25,Awash Bank,Google Play
Great,5,2024-12-25,Awash Bank,Google Play
Best platform. I love ❤️ it.,5,2024-12-25,Awash Bank,Google Play
very interesting app,5,2024-12-25,Awash Bank,Google Play
Update,4,2024-12-25,Awash Bank,Google Play
I like it,5,2024-12-25,Awash Bank,Google Play
Nice,5,2024-12-25,Awash Bank,Google Play
Top!!,4,2024-12-25,Awash Bank,Google Play
Best of ethiopia,5,2024-12-25,Awash Bank,Google Play
Its good,4,2024-12-25,Awash Bank,Google Play
I Love Awash Pro,5,2024-12-25,Awash Bank,Google Play
Best,5,2024-12-25,Awash Bank,Google Play
Its goood,4,2024-12-25,Awash Bank,Google Play
woow,5,2024-12-25,Awash Bank,Google Play
Good,5,2024-12-25,Awash Bank,Google Play
Good Awash Birr pro,5,2024-12-25,Awash Bank,Google Play
Keep it up,5,2024-12-25,Awash Bank,Google Play
Good,3,2024-12-25,Awash Bank,Google Play
I was not able to transfer to another bank. The transfer to the bank button leads to Google play. I hope you will fix the glitch.,3,2024-12-25,Awash Bank,Google Play
Good & reliable,5,2024-12-25,Awash Bank,Google Play
Good fast nd reliable,3,2024-12-25,Awash Bank,Google Play
good,5,2024-12-25,Awash Bank,Google Play
Best,5,2024-12-25,Awash Bank,Google Play
Abde nasera,1,2024-12-25,Awash Bank,Google Play
Wowww,5,2024-12-25,Awash Bank,Google Play
It's good,5,2024-12-25,Awash Bank,Google Play
Student,5,2024-12-25,Awash Bank,Google Play
This is helpful.,4,2024-12-25,Awash Bank,Google Play
nice,3,2024-12-25,Awash Bank,Google Play
Its a littel slow app i think the app before this app was wonderful for me,2,2024-12-25,Awash Bank,Google Play
Very friendly app!!,4,2024-12-25,Awash Bank,Google Play
Excellent app,5,2024-12-25,Awash Bank,Google Play
Excellent app,5,2024-12-25,Awash Bank,Google Play
Nice,5,2024-12-25,Awash Bank,Google Play
ok,5,2024-12-25,Awash Bank,Google Play
Apdet,5,2024-12-25,Awash Bank,Google Play
"This app has been great until five days ago when I started experiencing issues. I noticed that both the Play Store and App Store have alerts indicating that the app may not be functioning properly. I hope the developers can address this issue soon, as I really value the app’s features.",1,2024-12-25,Awash Bank,Google Play
Good,5,2024-12-25,Awash Bank,Google Play
Good,5,2024-12-25,Awash Bank,Google Play
Ok,5,2024-12-25,Awash Bank,Google Play
good!,5,2024-12-25,Awash Bank,Google Play
i have used it for more than 2 ears and its is best app when i compare with other banks application,5,2024-12-25,Awash Bank,Google Play
good,5,2024-12-25,Awash Bank,Google Play
👍,5,2024-12-25,Awash Bank,Google Play
Excellent,5,2024-12-25,Awash Bank,Google Play
Awash birr pro excellent aplication simple to use and more recommend it for all,5,2024-12-25,Awash Bank,Google Play
This application doesnt work properly,1,2024-12-25,Awash Bank,Google Play
Why work transfer,3,2024-12-25,Awash Bank,Google Play
V.good app,5,2024-12-25,Awash Bank,Google Play
Smart app,3,2024-12-25,Awash Bank,Google Play
Best App,5,2024-12-25,Awash Bank,Google Play
Great app,1,2024-12-25,Awash Bank,Google Play
Ethiopia,5,2024-12-25,Awash Bank,Google Play
Great,5,2024-12-25,Awash Bank,Google Play
Awesome,1,2024-12-25,Awash Bank,Google Play
Wow,5,2024-12-25,Awash Bank,Google Play
Nice,5,2024-12-25,Awash Bank,Google Play
good,5,2024-12-25,Awash Bank,Google Play
Its not working,5,2024-12-25,Awash Bank,Google Play
Not bad,3,2024-12-25,Awash Bank,Google Play
Excellent app. Makes life easier.,5,2024-12-25,Awash Bank,Google Play
Very good,4,2024-12-25,Awash Bank,Google Play
good,5,2024-12-25,Awash Bank,Google Play
Good,1,2024-12-25,Awash Bank,Google Play
Good,5,2024-12-25,Awash Bank,Google Play
Veryi good,3,2024-12-25,Awash Bank,Google Play
👍good,5,2024-12-25,Awash Bank,Google Play
"The best advanced mobile banking ever by encompassing various functionalities inculcating bill payments, school fee payment, various transfer method, micro-loan application (Awash Lehulum), plane ticket paymets, air time topup, instant daily exchange rate review options, Dstv and canal plus payments , and many others lucrative features dubbed to it. I Strongly urge everyone to keep in touch with this user-friendly advanced AwashBirr-Pro mobile banking app.",5,2024-12-25,Awash Bank,Google Play
Very good application and simple to use,5,2024-12-25,Awash Bank,Google Play
Best,5,2024-12-25,Awash Bank,Google Play
It's good app.,5,2024-12-25,Awash Bank,Google Play
It is a great app and facilitates many financial tasks.,5,2024-12-25,Awash Bank,Google Play
Please get up date me Awash pro for this device.,5,2024-12-25,Awash Bank,Google Play
Not good bank application,1,2024-12-25,Awash Bank,Google Play
Good Application,4,2024-12-25,Awash Bank,Google Play
Interesting bank&well service,5,2024-12-25,Awash Bank,Google Play
Nice,5,2024-12-25,Awash Bank,Google Play
Good,3,2024-12-25,Awash Bank,Google Play
"Fast, Easy and Perfect",5,2024-12-25,Awash Bank,Google Play
Very good to have this app,5,2024-12-25,Awash Bank,Google Play
Good,5,2024-12-25,Awash Bank,Google Play
Wow,5,2024-12-25,Awash Bank,Google Play
Doesn't work what's new,5,2024-12-25,Awash Bank,Google Play
Good,5,2024-12-25,Awash Bank,Google Play
Awash birr pro app is very nice and impressive. But it's not working for Android version of under 10 phone. How do you looking fron mass market-appeal. interm of making accessible to everyone. With the goal of widespread dissemination. 🙏,5,2024-12-25,Awash Bank,Google Play
It has been a nice & interesting app.,3,2024-12-25,Awash Bank,Google Play
Good,5,2024-12-25,Awash Bank,Google Play
Good,5,2024-12-25,Awash Bank,Google Play
Good,5,2024-12-25,Awash Bank,Google Play
User-friendly,5,2024-12-25,Awash Bank,Google Play
Good,3,2024-12-25,Awash Bank,Google Play
Nice app,5,2024-12-25,Awash Bank,Google Play
Very great app with feature,3,2024-12-25,Awash Bank,Google Play
Good app,5,2024-12-25,Awash Bank,Google Play
It s redirecting me to the google play page,1,2024-12-25,Awash Bank,Google Play
Nice,5,2024-12-25,Awash Bank,Google Play
fast,4,2024-12-25,Awash Bank,Google Play
Good,5,2024-12-25,Awash Bank,Google Play
donr,4,2024-12-25,Awash Bank,Google Play
It doesn't work.,1,2024-12-25,Awash Bank,Google Play
l like awash birr pro app it is great app to usse,5,2024-12-25,Awash Bank,Google Play
Woww app,5,2024-12-25,Awash Bank,Google Play
Nice app,5,2024-12-25,Awash Bank,Google Play
It's the most frustrating bank and app,1,2024-12-25,Awash Bank,Google Play
Good,5,2024-12-25,Awash Bank,Google Play
Awashbirr pro is an excellent appn in mobile banking system in 🇪🇹,5,2024-12-25,Awash Bank,Google Play
Good,5,2024-12-25,Awash Bank,Google Play
So fast and rssy,5,2024-12-25,Awash Bank,Google Play
Interesting app,5,2024-12-25,Awash Bank,Google Play
Very good,5,2024-12-25,Awash Bank,Google Play
Like it,5,2024-12-25,Awash Bank,Google Play
Very good,5,2024-12-25,Awash Bank,Google Play
Yas,5,2024-12-25,Awash Bank,Google Play
Very good,5,2024-12-25,Awash Bank,Google Play
good app,5,2024-12-25,Awash Bank,Google Play
Convenient wire transfer options.,4,2024-12-25,Awash Bank,Google Play
9 years,5,2024-12-25,Awash Bank,Google Play
I can'nt Installed this app on this device I need too!,5,2024-12-25,Awash Bank,Google Play
Ok,5,2024-12-25,Awash Bank,Google Play
Very good,3,2024-12-25,Awash Bank,Google Play
It's good,2,2024-12-25,Awash Bank,Google Play
Shortly Wow It’s easy to use and all-encompassing so it’s my first choice,5,2024-12-24,Awash Bank,Google Play
Good,5,2024-12-24,Awash Bank,Google Play
👌,5,2024-12-24,Awash Bank,Google Play
Good,5,2024-12-24,Awash Bank,Google Play
Best but. Ke 50 birr lay mawtat bichal arif new,4,2024-12-24,Awash Bank,Google Play
Good,5,2024-12-24,Awash Bank,Google Play
Good,5,2024-12-24,Awash Bank,Google Play
Trying to pay but sends back to another link,1,2024-12-24,Awash Bank,Google Play
nice mobile bank app,5,2024-12-24,Awash Bank,Google Play
Good,5,2024-12-24,Awash Bank,Google Play
Great,5,2024-12-24,Awash Bank,Google Play
i am very interested,5,2024-12-24,Awash Bank,Google Play
I like it,5,2024-12-24,Awash Bank,Google Play
Good,5,2024-12-24,Awash Bank,Google Play
Excellent,5,2024-12-24,Awash Bank,Google Play
I like it,5,2024-12-24,Awash Bank,Google Play
"It is very good app, fast and secure",5,2024-12-24,Awash Bank,Google Play
Very good,5,2024-12-24,Awash Bank,Google Play
Good,4,2024-12-24,Awash Bank,Google Play
Good,2,2024-12-24,Awash Bank,Google Play
Best App,5,2024-12-24,Awash Bank,Google Play
Good,5,2024-12-24,Awash Bank,Google Play
Best app,5,2024-12-24,Awash Bank,Google Play
"It's not working for one week, and it redirects me to an app update, but no updates here on Play Store!",1,2024-12-24,Awash Bank,Google Play
It is great app I have seen ever.,5,2024-12-24,Awash Bank,Google Play
It is not working a while,1,2024-12-24,Awash Bank,Google Play
Why not transfer to other bank,4,2024-12-24,Awash Bank,Google Play
This is,1,2024-12-24,Awash Bank,Google Play
Wow,5,2024-12-24,Awash Bank,Google Play
Nice app.,4,2024-12-24,Awash Bank,Google Play
It's a very amazing app. I really like it.,5,2024-12-24,Awash Bank,Google Play
Awash birr pro is Nice bank,5,2024-12-24,Awash Bank,Google Play
cany acces,2,2024-12-24,Awash Bank,Google Play
You have better app,4,2024-12-24,Awash Bank,Google Play
I am not hapy. This app is not user freindly.,2,2024-12-24,Awash Bank,Google Play
It is not downloadable,1,2024-12-24,Awash Bank,Google Play
It lacks speed,3,2024-12-24,Awash Bank,Google Play
Nice,5,2024-12-24,Awash Bank,Google Play
Haala gaariin nuuf hojjataa jira itti muddaa waan haarawa itti dabalaa,5,2024-12-24,Awash Bank,Google Play
Excellent app! I loved it,5,2024-12-24,Awash Bank,Google Play
Keep it up,5,2024-12-24,Awash Bank,Google Play
Excellent,5,2024-12-24,Awash Bank,Google Play
I like it,3,2024-12-24,Awash Bank,Google Play
It's ok,5,2024-12-24,Awash Bank,Google Play
Good,5,2024-12-24,Awash Bank,Google Play
Good,5,2024-12-24,Awash Bank,Google Play
It is good,5,2024-12-24,Awash Bank,Google Play
It's good. I like it,5,2024-12-24,Awash Bank,Google Play
good,1,2024-12-24,Awash Bank,Google Play
Good 👍,5,2024-12-24,Awash Bank,Google Play
Good work,5,2024-12-24,Awash Bank,Google Play
Too slow,2,2024-12-24,Awash Bank,Google Play
Well good app,5,2024-12-24,Awash Bank,Google Play
it's easy to access with amazing experience,5,2024-12-24,Awash Bank,Google Play
"The app is good , good user interface and user experience. But the bank , you can't buy airtime with your own money I have 50 birr and it says not enough balance. Please fix this what do broke people like myself suppose to do?",1,2024-12-24,Awash Bank,Google Play
Easy to use and Managing,4,2024-12-24,Awash Bank,Google Play
Nice,5,2024-12-24,Awash Bank,Google Play
Good,4,2024-12-24,Awash Bank,Google Play
I love it,5,2024-12-24,Awash Bank,Google Play
ok,5,2024-12-24,Awash Bank,Google Play
Good,5,2024-12-24,Awash Bank,Google Play
Nebiy,5,2024-12-24,Awash Bank,Google Play
Real,5,2024-12-24,Awash Bank,Google Play
Best app,4,2024-12-24,Awash Bank,Google Play
Well,4,2024-12-24,Awash Bank,Google Play
Good customer service,5,2024-12-24,Awash Bank,Google Play
excellent,5,2024-12-24,Awash Bank,Google Play
Wonderful progress!keep it up!!!,5,2024-12-24,Awash Bank,Google Play
Awash my bank,5,2024-12-24,Awash Bank,Google Play
good,5,2024-12-24,Awash Bank,Google Play
Good,5,2024-12-24,Awash Bank,Google Play
Good service,5,2024-12-24,Awash Bank,Google Play
Great app to use,5,2024-12-24,Awash Bank,Google Play
When you want us to update this app just let us know...don't make us uninstall and reinstall again.,5,2024-12-24,Awash Bank,Google Play
Nice,5,2024-12-24,Awash Bank,Google Play
Good,5,2024-12-24,Awash Bank,Google Play
Good,5,2024-12-24,Awash Bank,Google Play
Great,5,2024-12-24,Awash Bank,Google Play
It is Very good app,5,2024-12-24,Awash Bank,Google Play
Best app,5,2024-12-24,Awash Bank,Google Play
Super,5,2024-12-24,Awash Bank,Google Play
The best one,5,2024-12-24,Awash Bank,Google Play
Ok,5,2024-12-24,Awash Bank,Google Play
Excellent,5,2024-12-24,Awash Bank,Google Play
The best mobile banking app!!!,5,2024-12-24,Awash Bank,Google Play
It is user friendly and it doesn't have complicate procedures.,5,2024-12-24,Awash Bank,Google Play
Poor,4,2024-12-24,Awash Bank,Google Play
Trust bank,5,2024-12-24,Awash Bank,Google Play
awsome,4,2024-12-24,Awash Bank,Google Play
Nice App 👍👍👍👍👍👍,4,2024-12-24,Awash Bank,Google Play
Nice app,5,2024-12-24,Awash Bank,Google Play
Update,5,2024-12-24,Awash Bank,Google Play
Good,5,2024-12-24,Awash Bank,Google Play
Best application,5,2024-12-24,Awash Bank,Google Play
good,4,2024-12-24,Awash Bank,Google Play
Good,5,2024-12-24,Awash Bank,Google Play
Gog app,5,2024-12-24,Awash Bank,Google Play
Happy with the app.,4,2024-12-24,Awash Bank,Google Play
Arife new,5,2024-12-24,Awash Bank,Google Play
"Awash bank pro is an excellent application, fast, reliable with multiple tasks.",5,2024-12-24,Awash Bank,Google Play
Best,5,2024-12-24,Awash Bank,Google Play
I'm using AwashBIRII Pro,5,2024-12-24,Awash Bank,Google Play
Can't use the updated version.,1,2024-12-24,Awash Bank,Google Play
Nice,5,2024-12-24,Awash Bank,Google Play
Re,5,2024-12-24,Awash Bank,Google Play
"Excellent I use Awash Pro regularly. I have no problem. If I do, I will go to tha nearest branch and will solve on time.",4,2024-12-24,Awash Bank,Google Play
"Why it says ""cannot run bridge android""",4,2024-12-24,Awash Bank,Google Play
Good,5,2024-12-24,Awash Bank,Google Play
Arif new,5,2024-12-24,Awash Bank,Google Play
Awash is like the River!,5,2024-12-24,Awash Bank,Google Play
Awash Birr,5,2024-12-24,Awash Bank,Google Play
Wab,1,2024-12-24,Awash Bank,Google Play
Good,5,2024-12-24,Awash Bank,Google Play
Very nice app,5,2024-12-24,Awash Bank,Google Play
I like it,5,2024-12-24,Awash Bank,Google Play
Good app,5,2024-12-24,Awash Bank,Google Play
Good,1,2024-12-24,Awash Bank,Google Play
What is wrong this application?,5,2024-12-24,Awash Bank,Google Play
Very nice and friendly,4,2024-12-24,Awash Bank,Google Play
Please,5,2024-12-24,Awash Bank,Google Play
"The app redirects all transfer request to Google play, even if it doesn't have any new updates. So basically, you cant solve it even if flaged for weeks. Common guys.",2,2024-12-24,Awash Bank,Google Play
Nice,5,2024-12-24,Awash Bank,Google Play
Good,5,2024-12-24,Awash Bank,Google Play
Very good application 👍,5,2024-12-24,Awash Bank,Google Play
This app.is fast and reliable. And very good in modern financing systems.,5,2024-12-24,Awash Bank,Google Play
Best,4,2024-12-24,Awash Bank,Google Play
Bad app,2,2024-12-24,Awash Bank,Google Play
Good,5,2024-12-24,Awash Bank,Google Play
Better,5,2024-12-24,Awash Bank,Google Play
Student,5,2024-12-24,Awash Bank,Google Play
Good,2,2024-12-24,Awash Bank,Google Play
Great,5,2024-12-24,Awash Bank,Google Play
👍,5,2024-12-24,Awash Bank,Google Play
I like this app for transfer money.,5,2024-12-24,Awash Bank,Google Play
more helpfull,5,2024-12-24,Awash Bank,Google Play
Nice,5,2024-12-24,Awash Bank,Google Play
It is good,2,2024-12-24,Awash Bank,Google Play
Awash pro best mobile banking it helps me more and make my life easy,4,2024-12-24,Awash Bank,Google Play
very nice app i love it,5,2024-12-24,Awash Bank,Google Play
poor,1,2024-12-24,Awash Bank,Google Play
Very good,5,2024-12-24,Awash Bank,Google Play
Excellent,5,2024-12-24,Awash Bank,Google Play
Good 👍,5,2024-12-24,Awash Bank,Google Play
Best app,5,2024-12-24,Awash Bank,Google Play
its not work thise app what is the reaso,1,2024-12-24,Awash Bank,Google Play
Wow,1,2024-12-24,Awash Bank,Google Play
App is not compatible for my device so how can I make compatible with my phone please?,2,2024-12-24,Awash Bank,Google Play
1 year expriance,5,2024-12-24,Awash Bank,Google Play
Good,5,2024-12-24,Awash Bank,Google Play
Nice,5,2024-12-24,Awash Bank,Google Play
"Currently, this app is not working properly. After updating, it pops up to Google Play Store.",1,2024-12-24,Awash Bank,Google Play
Good,5,2024-12-24,Awash Bank,Google Play
Good,4,2024-12-24,Awash Bank,Google Play
Good,5,2024-12-24,Awash Bank,Google Play
Gaariidha,4,2024-12-24,Awash Bank,Google Play
Nice Apl,5,2024-12-24,Awash Bank,Google Play
Good,4,2024-12-24,Awash Bank,Google Play
Good,5,2024-12-24,Awash Bank,Google Play
Nice,5,2024-12-24,Awash Bank,Google Play
Thank u,5,2024-12-24,Awash Bank,Google Play
Nice,5,2024-12-24,Awash Bank,Google Play
"Good service , but sometimes get stuck",4,2024-12-24,Awash Bank,Google Play
Excellent,1,2024-12-24,Awash Bank,Google Play
Wow,5,2024-12-24,Awash Bank,Google Play
Thank you,4,2024-12-24,Awash Bank,Google Play
it is helpful,4,2024-12-23,Awash Bank,Google Play
It is a very nice app but please add biometric authentication in addition to pin.,4,2024-12-23,Awash Bank,Google Play
The best from 🇪🇹,5,2024-12-23,Awash Bank,Google Play
Very nice app,5,2024-12-23,Awash Bank,Google Play
Tranaction,5,2024-12-23,Awash Bank,Google Play
Good,5,2024-12-23,Awash Bank,Google Play
Thankiyou,5,2024-12-23,Awash Bank,Google Play
Excellent application,1,2024-12-23,Awash Bank,Google Play
Nice,5,2024-12-23,Awash Bank,Google Play
Amazing app,5,2024-12-23,Awash Bank,Google Play
Best,5,2024-12-23,Awash Bank,Google Play
Ok,5,2024-12-23,Awash Bank,Google Play
Great app,5,2024-12-23,Awash Bank,Google Play
Why it show up when i try to transfer money,3,2024-12-23,Awash Bank,Google Play
Goood service,5,2024-12-23,Awash Bank,Google Play
"It request update, after update is done, the same request appears again. Can't understand what exactly it needs. I genuinely rate it 3/10.",1,2024-12-23,Awash Bank,Google Play
Fast and Easy to use app,5,2024-12-23,Awash Bank,Google Play
Why does it keeps me showing this page after I posted a 5 star review. Now it's a 1 star app,1,2024-12-23,Awash Bank,Google Play
Satisfied,5,2024-12-23,Awash Bank,Google Play
👍,1,2024-12-23,Awash Bank,Google Play
Thank you,5,2024-12-23,Awash Bank,Google Play
I have'nt word,5,2024-12-23,Awash Bank,Google Play
good,5,2024-12-23,Awash Bank,Google Play
It's great apps,5,2024-12-23,Awash Bank,Google Play
ሽቅብ,2,2024-12-23,Awash Bank,Google Play
It's very good,5,2024-12-23,Awash Bank,Google Play
good,5,2024-12-23,Awash Bank,Google Play
This app is not compatible with my device please help me,5,2024-12-23,Awash Bank,Google Play
Best,5,2024-12-23,Awash Bank,Google Play
Good,1,2024-12-23,Awash Bank,Google Play
Butter goal,5,2024-12-23,Awash Bank,Google Play
🙏,5,2024-12-23,Awash Bank,Google Play
Good service,5,2024-12-23,Awash Bank,Google Play
Its a good app,3,2024-12-23,Awash Bank,Google Play
Excellent app!,5,2024-12-23,Awash Bank,Google Play
What a horrible app it denied by transfer to other bank only works for it own,1,2024-12-23,Awash Bank,Google Play
Good,1,2024-12-23,Awash Bank,Google Play
Amazing App,5,2024-12-23,Awash Bank,Google Play
Wow,5,2024-12-23,Awash Bank,Google Play
Good,5,2024-12-23,Awash Bank,Google Play
Ok,4,2024-12-23,Awash Bank,Google Play
"What is wrong with this? I tried to send it, and it kept sending me to playstore",1,2024-12-23,Awash Bank,Google Play
Good,5,2024-12-23,Awash Bank,Google Play
Good app,5,2024-12-23,Awash Bank,Google Play
Good.,4,2024-12-23,Awash Bank,Google Play
Good,5,2024-12-23,Awash Bank,Google Play
The best one of bank for me,5,2024-12-23,Awash Bank,Google Play
Good,5,2024-12-23,Awash Bank,Google Play
Great 👌,4,2024-12-23,Awash Bank,Google Play
Good,5,2024-12-23,Awash Bank,Google Play
Cool,4,2024-12-23,Awash Bank,Google Play
Good,5,2024-12-23,Awash Bank,Google Play
Nice,4,2024-12-23,Awash Bank,Google Play
Very good,3,2024-12-23,Awash Bank,Google Play
Okay,1,2024-12-23,Awash Bank,Google Play
App not opening and I don't know why but good banking,5,2024-12-23,Awash Bank,Google Play
God is good,5,2024-12-23,Awash Bank,Google Play
Hand Working,5,2024-12-23,Awash Bank,Google Play
It's good,4,2024-12-23,Awash Bank,Google Play
When i try to make my transaction it doesn't work it says update many times and i can't wisdraw my money,1,2024-12-23,Awash Bank,Google Play
Good,5,2024-12-23,Awash Bank,Google Play
I have no complaints. So far so good! 👍,3,2024-12-23,Awash Bank,Google Play
Wrong pin attempt,1,2024-12-23,Awash Bank,Google Play
Nice apk,5,2024-12-23,Awash Bank,Google Play
Excellent,5,2024-12-23,Awash Bank,Google Play
It's good but have some problems,3,2024-12-23,Awash Bank,Google Play
It was very fast and interesting,5,2024-12-23,Awash Bank,Google Play
Great app!!,5,2024-12-23,Awash Bank,Google Play
Good to use,5,2024-12-23,Awash Bank,Google Play
The good job,5,2024-12-23,Awash Bank,Google Play
Nice service,5,2024-12-23,Awash Bank,Google Play
it is good,4,2024-12-23,Awash Bank,Google Play
Great,5,2024-12-23,Awash Bank,Google Play
Awash birr pro the choice for all!!!!,5,2024-12-23,Awash Bank,Google Play
I am happy of using Awash Birrpro.,3,2024-12-23,Awash Bank,Google Play
Great,5,2024-12-23,Awash Bank,Google Play
Use awash pro to pay school fee.,4,2024-12-23,Awash Bank,Google Play
It is an excellent app.,4,2024-12-23,Awash Bank,Google Play
It didint work for more than 3 days 😡😡😡🤬,1,2024-12-23,Awash Bank,Google Play
awase,5,2024-12-23,Awash Bank,Google Play
YHYAMAHMAD Ali,1,2024-12-23,Awash Bank,Google Play
This App is Good 👍,5,2024-12-23,Awash Bank,Google Play
Good,5,2024-12-23,Awash Bank,Google Play
I am satisfied with Awashbirr pro,5,2024-12-23,Awash Bank,Google Play
Good,5,2024-12-23,Awash Bank,Google Play
Good application,3,2024-12-23,Awash Bank,Google Play
Tankyou,5,2024-12-23,Awash Bank,Google Play
Everything is perfect.,5,2024-12-23,Awash Bank,Google Play
Good,5,2024-12-23,Awash Bank,Google Play
Ok,5,2024-12-23,Awash Bank,Google Play
Re,5,2024-12-23,Awash Bank,Google Play
Crashes constantly,2,2024-12-23,Awash Bank,Google Play
"I tried to transfer money to another bank using AWASH BirrPro and it refused me, it tells me to go to play store and download InfinixX657 but, I couldn't download it so, help me please, I need it for now!",5,2024-12-23,Awash Bank,Google Play
Good,5,2024-12-23,Awash Bank,Google Play
Good,5,2024-12-23,Awash Bank,Google Play
Excellent application.,5,2024-12-23,Awash Bank,Google Play
Keep it up...,5,2024-12-23,Awash Bank,Google Play
Awash birrpro is fast and reilable,5,2024-12-23,Awash Bank,Google Play
"Awash bank is taking the lead, keep hard working, upgrading the system and equal service for all your customers. Improve your ATM specially on weekend and holidays .",4,2024-12-23,Awash Bank,Google Play
Like,5,2024-12-23,Awash Bank,Google Play
Good,5,2024-12-23,Awash Bank,Google Play
ነዳጅ ያምንከፍልበት ቢስተካከል አሪፍ ነው,5,2024-12-23,Awash Bank,Google Play
Fast &relayable,5,2024-12-23,Awash Bank,Google Play
Had Here Are amazing,5,2024-12-23,Awash Bank,Google Play
This App is excellent.,4,2024-12-23,Awash Bank,Google Play
Good,5,2024-12-23,Awash Bank,Google Play
Uuyyy,5,2024-12-23,Awash Bank,Google Play
Great app,5,2024-12-23,Awash Bank,Google Play
Good,5,2024-12-23,Awash Bank,Google Play
Very good,5,2024-12-23,Awash Bank,Google Play
Obse galana,5,2024-12-23,Awash Bank,Google Play
"great experience. User-friendly interface. But currently, I couldn't use it. It brings me back to this page for every transaction",3,2024-12-23,Awash Bank,Google Play
fast and reliable,4,2024-12-23,Awash Bank,Google Play
I can't re access it,5,2024-12-23,Awash Bank,Google Play
Good,1,2024-12-23,Awash Bank,Google Play
Go ahead,5,2024-12-23,Awash Bank,Google Play
It's a good App,3,2024-12-23,Awash Bank,Google Play
Nice,4,2024-12-23,Awash Bank,Google Play
best,5,2024-12-23,Awash Bank,Google Play
Wow,5,2024-12-23,Awash Bank,Google Play
👍👍👍,5,2024-12-23,Awash Bank,Google Play
Highly helpful and supportive app,5,2024-12-23,Awash Bank,Google Play
Good,4,2024-12-23,Awash Bank,Google Play
Awash the best of best bank,5,2024-12-23,Awash Bank,Google Play
Good,4,2024-12-23,Awash Bank,Google Play
Temesgen,5,2024-12-23,Awash Bank,Google Play
Good,5,2024-12-23,Awash Bank,Google Play
Best,5,2024-12-23,Awash Bank,Google Play
አበበ አክሊሉ,5,2024-12-23,Awash Bank,Google Play
I am satisfied on it.,5,2024-12-23,Awash Bank,Google Play
Best experience,5,2024-12-23,Awash Bank,Google Play
I'm satisfied with my experience,5,2024-12-23,Awash Bank,Google Play
Today It's not working. Someone can you tell me the problem?,1,2024-12-23,Awash Bank,Google Play
Ok,5,2024-12-23,Awash Bank,Google Play
Awash always my choose,5,2024-12-23,Awash Bank,Google Play
It's fast,4,2024-12-23,Awash Bank,Google Play
It is nice,4,2024-12-23,Awash Bank,Google Play
Goood,5,2024-12-23,Awash Bank,Google Play
Good,1,2024-12-23,Awash Bank,Google Play
Great,5,2024-12-23,Awash Bank,Google Play
Awash birr pro,1,2024-12-23,Awash Bank,Google Play
Awash,5,2024-12-23,Awash Bank,Google Play
Best app,5,2024-12-23,Awash Bank,Google Play
V good,5,2024-12-23,Awash Bank,Google Play
Good,5,2024-12-23,Awash Bank,Google Play
Nice and easy to use,5,2024-12-23,Awash Bank,Google Play
"Big shame on you Awash Bank. Your app is not working, it asks to update several times",1,2024-12-23,Awash Bank,Google Play
👍,5,2024-12-23,Awash Bank,Google Play
There is something wrong on the app Is not completing the transferring tasacks.,3,2024-12-23,Awash Bank,Google Play
Good,5,2024-12-23,Awash Bank,Google Play
I can't transfer to mpesa. Forwards me to play store. But I can't update it either. It says uninstall or open .,2,2024-12-23,Awash Bank,Google Play
Nice,1,2024-12-23,Awash Bank,Google Play
Good service,5,2024-12-23,Awash Bank,Google Play
Best,5,2024-12-23,Awash Bank,Google Play
These,5,2024-12-23,Awash Bank,Google Play
Ok,4,2024-12-23,Awash Bank,Google Play
Good,5,2024-12-23,Awash Bank,Google Play
good,4,2024-12-23,Awash Bank,Google Play
Wiw,4,2024-12-23,Awash Bank,Google Play
Transfer to other bank delays,5,2024-12-23,Awash Bank,Google Play
Awashbirr pro app is an amazing mobile blanking with the most recent ones closer than friends,3,2024-12-23,Awash Bank,Google Play
Great app,5,2024-12-23,Awash Bank,Google Play
Its good,5,2024-12-23,Awash Bank,Google Play
Good,3,2024-12-23,Awash Bank,Google Play
this app is very good service and it use easy,3,2024-12-23,Awash Bank,Google Play
please update this app,5,2024-12-23,Awash Bank,Google Play
its fast and safe,5,2024-12-23,Awash Bank,Google Play
Nice,5,2024-12-23,Awash Bank,Google Play
Good,5,2024-12-23,Awash Bank,Google Play
It ok,5,2024-12-23,Awash Bank,Google Play
Good,5,2024-12-23,Awash Bank,Google Play
Thanx,5,2024-12-23,Awash Bank,Google Play
Good app,5,2024-12-23,Awash Bank,Google Play
Good,5,2024-12-23,Awash Bank,Google Play
Good,5,2024-12-23,Awash Bank,Google Play
Good,5,2024-12-23,Awash Bank,Google Play
ምርጥ ነው,5,2024-12-23,Awash Bank,Google Play
Very good,1,2024-12-23,Awash Bank,Google Play
Great,5,2024-12-23,Awash Bank,Google Play
Excellent,5,2024-12-23,Awash Bank,Google Play
Fast and reliable,1,2024-12-23,Awash Bank,Google Play
Good,5,2024-12-23,Awash Bank,Google Play
CBE,5,2024-12-23,Awash Bank,Google Play
HHajjajammkamamamama,5,2024-12-23,Awash Bank,Google Play
Nice,5,2024-12-23,Awash Bank,Google Play
👍,5,2024-12-23,Awash Bank,Google Play
It has good features,5,2024-12-23,Awash Bank,Google Play
Good,5,2024-12-23,Awash Bank,Google Play
Good,5,2024-12-23,Awash Bank,Google Play
1 yer,5,2024-12-23,Awash Bank,Google Play
It's so nice,5,2024-12-23,Awash Bank,Google Play
Nice,5,2024-12-23,Awash Bank,Google Play
So terrible,1,2024-12-23,Awash Bank,Google Play
Awash bir pro is an excellent mobile app.,5,2024-12-23,Awash Bank,Google Play
Good App,5,2024-12-23,Awash Bank,Google Play
እየሰራልኝ አይደለም,5,2024-12-23,Awash Bank,Google Play
Nice fast,4,2024-12-23,Awash Bank,Google Play
👍👍👍👍,5,2024-12-23,Awash Bank,Google Play
Wow,1,2024-12-23,Awash Bank,Google Play
Full of problem,3,2024-12-23,Awash Bank,Google Play
Excellent,5,2024-12-23,Awash Bank,Google Play
Very good,5,2024-12-23,Awash Bank,Google Play
Good,5,2024-12-23,Awash Bank,Google Play
It's fast and easy,5,2024-12-23,Awash Bank,Google Play
I couldn't access exchange rate,3,2024-12-23,Awash Bank,Google Play
Good,5,2024-12-23,Awash Bank,Google Play
Starting from 22/12/2024 not transferred to other bank,5,2024-12-23,Awash Bank,Google Play
You makes me comment forcefully. Anyway I like this app than other banks apps,4,2024-12-23,Awash Bank,Google Play
Good,4,2024-12-23,Awash Bank,Google Play
It is very good,5,2024-12-23,Awash Bank,Google Play
Not working properly,2,2024-12-23,Awash Bank,Google Play
Well app.,5,2024-12-23,Awash Bank,Google Play
Safe and easy,5,2024-12-23,Awash Bank,Google Play
Besr,2,2024-12-23,Awash Bank,Google Play
Good,4,2024-12-23,Awash Bank,Google Play
Like it very much,5,2024-12-23,Awash Bank,Google Play
It is not working properly. When I try to process payment it takes me to Google play for no reason. Please fix.,2,2024-12-23,Awash Bank,Google Play
"Very nice, fast and friendly app.",5,2024-12-23,Awash Bank,Google Play
Good,5,2024-12-23,Awash Bank,Google Play
This app is very very fine,5,2024-12-23,Awash Bank,Google Play
Happiens bank,5,2024-12-23,Awash Bank,Google Play
Amazing app,5,2024-12-23,Awash Bank,Google Play
Ok,5,2024-12-23,Awash Bank,Google Play
Perfect,5,2024-12-23,Awash Bank,Google Play
very good and fast,3,2024-12-23,Awash Bank,Google Play
App version updated,5,2024-12-23,Awash Bank,Google Play
Useful application,5,2024-12-22,Awash Bank,Google Play
This version is not compatible to most phones. Please improve,2,2024-12-22,Awash Bank,Google Play
Nice app,5,2024-12-22,Awash Bank,Google Play
Best,4,2024-12-22,Awash Bank,Google Play
Good 👍,3,2024-12-22,Awash Bank,Google Play
Why update option pop up while I try to transfer?,1,2024-12-22,Awash Bank,Google Play
Nice,5,2024-12-22,Awash Bank,Google Play
Very good,5,2024-12-22,Awash Bank,Google Play
Great,5,2024-12-22,Awash Bank,Google Play
"Awash bank pro is an excellent mobile banking application. Its user friendly fast and reliable, making transactions seamless and hassle free especially after the recent update. I love the intuitive design and wide range of the features, from bill paymenys to transfers highly recommend! Awash bank is very fast for mobile banking with in short time and in safe way Awash bank pro is my best favorite from the all other banking mobile Thank you awash bank pro Awash bank pro app is best of all othres.",5,2024-12-22,Awash Bank,Google Play
Verry good,5,2024-12-22,Awash Bank,Google Play
Very Good,5,2024-12-22,Awash Bank,Google Play
App,1,2024-12-22,Awash Bank,Google Play
Good,5,2024-12-22,Awash Bank,Google Play
Nice pro,5,2024-12-22,Awash Bank,Google Play
Ok,5,2024-12-22,Awash Bank,Google Play
Good apps,5,2024-12-22,Awash Bank,Google Play
Nice I am sena,1,2024-12-22,Awash Bank,Google Play
Good app,5,2024-12-22,Awash Bank,Google Play
Good app,5,2024-12-22,Awash Bank,Google Play
Nice 👍,5,2024-12-22,Awash Bank,Google Play
Good,5,2024-12-22,Awash Bank,Google Play
I find it easy to use,5,2024-12-22,Awash Bank,Google Play
Not so bad,4,2024-12-22,Awash Bank,Google Play
Nice,5,2024-12-22,Awash Bank,Google Play
CBE,5,2024-12-22,Awash Bank,Google Play
Good,5,2024-12-22,Awash Bank,Google Play
Good,5,2024-12-22,Awash Bank,Google Play
Good 100%,5,2024-12-22,Awash Bank,Google Play
Its a very nice app,5,2024-12-22,Awash Bank,Google Play
Good,5,2024-12-22,Awash Bank,Google Play
good,5,2024-12-22,Awash Bank,Google Play
It is not fast,1,2024-12-22,Awash Bank,Google Play
Good application,5,2024-12-22,Awash Bank,Google Play
More you ther,5,2024-12-22,Awash Bank,Google Play
It is a great option,3,2024-12-22,Awash Bank,Google Play
Good,4,2024-12-22,Awash Bank,Google Play
Fast and user-friendly app,5,2024-12-22,Awash Bank,Google Play
It's not working,1,2024-12-22,Awash Bank,Google Play
Electricity,5,2024-12-22,Awash Bank,Google Play
Very good,5,2024-12-22,Awash Bank,Google Play
very Good,5,2024-12-22,Awash Bank,Google Play
The app is disturbing me,1,2024-12-22,Awash Bank,Google Play
He is not working 😕 transfer to Telebirr,5,2024-12-22,Awash Bank,Google Play
Good,4,2024-12-22,Awash Bank,Google Play
You are the best. Staff are efficient. Your mobile banking service is fast. But you must provide mobile bankng service from abroad by the phonne number of that country. Thank you.,5,2024-12-22,Awash Bank,Google Play
Good,4,2024-12-22,Awash Bank,Google Play
Ok,5,2024-12-22,Awash Bank,Google Play
Good,2,2024-12-22,Awash Bank,Google Play
Good,5,2024-12-22,Awash Bank,Google Play
Nice,5,2024-12-22,Awash Bank,Google Play
wonderful,5,2024-12-22,Awash Bank,Google Play
Airtime,1,2024-12-22,Awash Bank,Google Play
Tenfu,2,2024-12-22,Awash Bank,Google Play
Wow,5,2024-12-22,Awash Bank,Google Play
This app is so effective to facilitate your daily works and transactions.,5,2024-12-22,Awash Bank,Google Play
Good and best financial platt forms!,5,2024-12-22,Awash Bank,Google Play
Best,5,2024-12-22,Awash Bank,Google Play
Use full but sometimes not working properly,5,2024-12-22,Awash Bank,Google Play
Best application,5,2024-12-22,Awash Bank,Google Play
Best app,4,2024-12-22,Awash Bank,Google Play
Best app for ever,5,2024-12-22,Awash Bank,Google Play
Nice,5,2024-12-22,Awash Bank,Google Play
yrsad,5,2024-12-22,Awash Bank,Google Play
Very good apps,5,2024-12-22,Awash Bank,Google Play
Very nice app,5,2024-12-22,Awash Bank,Google Play
nice app,4,2024-12-22,Awash Bank,Google Play
Ok,4,2024-12-22,Awash Bank,Google Play
2 years,5,2024-12-22,Awash Bank,Google Play
"Good , today i can not pay a transaction , can you look in to the system please? Eg. transfer to other bank, awash e.t.c., why??????",1,2024-12-22,Awash Bank,Google Play
Best,5,2024-12-22,Awash Bank,Google Play
All,5,2024-12-22,Awash Bank,Google Play
Great app,5,2024-12-22,Awash Bank,Google Play
"Since it has been updated, I can not make any transfers to the other awash account or other bank account. It's very disgusting",1,2024-12-22,Awash Bank,Google Play
It bring you to google store when you try to transfer money. 0/10 at this time.,1,2024-12-22,Awash Bank,Google Play
Excellent application,5,2024-12-22,Awash Bank,Google Play
Good,5,2024-12-22,Awash Bank,Google Play
Easy to use,5,2024-12-22,Awash Bank,Google Play
Best,5,2024-12-22,Awash Bank,Google Play
Good,1,2024-12-22,Awash Bank,Google Play
Gd app,5,2024-12-22,Awash Bank,Google Play
It is a good app.,4,2024-12-22,Awash Bank,Google Play
Good.,5,2024-12-22,Awash Bank,Google Play
nice,5,2024-12-22,Awash Bank,Google Play
Good app💪,5,2024-12-22,Awash Bank,Google Play
"Performance declined, takes to play store on every transaction, but doesn't perform any transaction.",1,2024-12-22,Awash Bank,Google Play
Nice,5,2024-12-22,Awash Bank,Google Play
This app is very bad when i wanted to do a transaction it keeps taking me to playstore it doesnt say update or anything it just takes me there its very unreliable,1,2024-12-22,Awash Bank,Google Play
Nice,4,2024-12-22,Awash Bank,Google Play
V. Nice app,5,2024-12-22,Awash Bank,Google Play
Long,5,2024-12-22,Awash Bank,Google Play
Sometimes it stops after confirmation.,3,2024-12-22,Awash Bank,Google Play
Wow AWASH 😍,5,2024-12-22,Awash Bank,Google Play
"AwashBirr Pro a convenient and secure platform designed specifically for corporate Billers, Merchants and Bank customers to manage their financial transactions conveniently and efficiently. With this app, you can easily access and control your business accounts from your mobile devices, providing you with the flexibility and freedom to manage your finances on the go.",5,2024-12-22,Awash Bank,Google Play
Very good‼️,5,2024-12-22,Awash Bank,Google Play
Highly satisfied,5,2024-12-22,Awash Bank,Google Play
Excellent,4,2024-12-22,Awash Bank,Google Play
Nice,5,2024-12-22,Awash Bank,Google Play
Its good,5,2024-12-22,Awash Bank,Google Play
Very nice,5,2024-12-22,Awash Bank,Google Play
Good up,5,2024-12-22,Awash Bank,Google Play
Like,5,2024-12-22,Awash Bank,Google Play
Excellent services,5,2024-12-22,Awash Bank,Google Play
Good App,5,2024-12-22,Awash Bank,Google Play
Good,1,2024-12-22,Awash Bank,Google Play
This App is very interesting becouse most of the time am using awash birr Aplication thanx.,5,2024-12-22,Awash Bank,Google Play
Nice solution for bill settlements.,4,2024-12-22,Awash Bank,Google Play
Perfect,5,2024-12-22,Awash Bank,Google Play
ex,5,2024-12-22,Awash Bank,Google Play
Good app,5,2024-12-22,Awash Bank,Google Play
It is good app for the banking services,4,2024-12-22,Awash Bank,Google Play
Dependable and very fast,5,2024-12-22,Awash Bank,Google Play
ምንድነው ነገሩ አይሰራም እንደ,4,2024-12-22,Awash Bank,Google Play
Very Useful app,5,2024-12-22,Awash Bank,Google Play
Besst,5,2024-12-22,Awash Bank,Google Play
it's not working,5,2024-12-22,Awash Bank,Google Play
Awash Birr Pro provides great and fast money transfers; the service saved my time and energy,5,2024-12-22,Awash Bank,Google Play
Excellent,5,2024-12-22,Awash Bank,Google Play
needed,5,2024-12-22,Awash Bank,Google Play
smart,4,2024-12-22,Awash Bank,Google Play
Best,5,2024-12-22,Awash Bank,Google Play
Great,5,2024-12-22,Awash Bank,Google Play
The best,5,2024-12-22,Awash Bank,Google Play
"Good app 👍 download Gadal market App for Machinery Vehicles, property and others",4,2024-12-22,Awash Bank,Google Play
Very good app thank you awash bank,5,2024-12-22,Awash Bank,Google Play
Good,5,2024-12-22,Awash Bank,Google Play
Good 🙏🙏,5,2024-12-22,Awash Bank,Google Play
Excellent app,4,2024-12-22,Awash Bank,Google Play
work,2,2024-12-22,Awash Bank,Google Play
"Awash app dev team, you made some UI/UX change on dec 17 due to that change it is been 5 days and i can't perform any transaction, this is frustrating.",1,2024-12-22,Awash Bank,Google Play
Nice app,4,2024-12-22,Awash Bank,Google Play
More to improve but we rely on it !,5,2024-12-22,Awash Bank,Google Play
Poor,1,2024-12-22,Awash Bank,Google Play
Great,5,2024-12-22,Awash Bank,Google Play
Good,1,2024-12-22,Awash Bank,Google Play
Good displayed,5,2024-12-22,Awash Bank,Google Play
Best,5,2024-12-22,Awash Bank,Google Play
I have used this app more than a year it is my first choice app especially for E.-school and bill payment,5,2024-12-22,Awash Bank,Google Play
Very fast,5,2024-12-22,Awash Bank,Google Play
Good,4,2024-12-22,Awash Bank,Google Play
Nice,5,2024-12-22,Awash Bank,Google Play
nice,5,2024-12-22,Awash Bank,Google Play
Great,5,2024-12-22,Awash Bank,Google Play
Great app,5,2024-12-22,Awash Bank,Google Play
It is more convenience for online financial transactions.,5,2024-12-22,Awash Bank,Google Play
good,1,2024-12-22,Awash Bank,Google Play
Good,4,2024-12-22,Awash Bank,Google Play
It is the best app,5,2024-12-22,Awash Bank,Google Play
Very good app,4,2024-12-22,Awash Bank,Google Play
Useful,5,2024-12-22,Awash Bank,Google Play
Fedilu salo,5,2024-12-22,Awash Bank,Google Play
So fast apps....thanks fir your creation,5,2024-12-22,Awash Bank,Google Play
I have enjoyed this application in very smart and satisfied system,5,2024-12-22,Awash Bank,Google Play
It is fast and easy to transfer.,5,2024-12-22,Awash Bank,Google Play
Pro,5,2024-12-22,Awash Bank,Google Play
Great,5,2024-12-22,Awash Bank,Google Play
It's nice,5,2024-12-22,Awash Bank,Google Play
best,5,2024-12-22,Awash Bank,Google Play
Great app,5,2024-12-22,Awash Bank,Google Play
It's most admirable app...effective ...top of banking apps🙏❤️🤍,5,2024-12-22,Awash Bank,Google Play
Update,5,2024-12-22,Awash Bank,Google Play
Very good to me thanks,1,2024-12-22,Awash Bank,Google Play
Good,5,2024-12-22,Awash Bank,Google Play
ABDUSE 0000000000000,5,2024-12-22,Awash Bank,Google Play
Good service,5,2024-12-22,Awash Bank,Google Play
Very good,4,2024-12-22,Awash Bank,Google Play
stupid app,1,2024-12-22,Awash Bank,Google Play
Giif,5,2024-12-21,Awash Bank,Google Play
I cant transfer to any bank and wallet birr rather than Awash account only. Please can you solve the ፕሮብለም?,5,2024-12-21,Awash Bank,Google Play
Didnt face any problem,5,2024-12-21,Awash Bank,Google Play
"Good, easy to use and friendly",4,2024-12-21,Awash Bank,Google Play
Fine,5,2024-12-21,Awash Bank,Google Play
Good app,5,2024-12-21,Awash Bank,Google Play
Works fine for me.,4,2024-12-21,Awash Bank,Google Play
Nice and Easy app i like it,3,2024-12-21,Awash Bank,Google Play
It's good,4,2024-12-21,Awash Bank,Google Play
Its not functional since 19/12/24,5,2024-12-21,Awash Bank,Google Play
Best app,5,2024-12-21,Awash Bank,Google Play
Excellent,5,2024-12-21,Awash Bank,Google Play
Nice,4,2024-12-21,Awash Bank,Google Play
Best mobile banking app,5,2024-12-21,Awash Bank,Google Play
nice,5,2024-12-21,Awash Bank,Google Play
Very nice app,3,2024-12-21,Awash Bank,Google Play
goid,4,2024-12-21,Awash Bank,Google Play
Excellent,5,2024-12-21,Awash Bank,Google Play
This app is very easy and fast,4,2024-12-21,Awash Bank,Google Play
Ok,5,2024-12-21,Awash Bank,Google Play
I loved it,5,2024-12-21,Awash Bank,Google Play
Good,5,2024-12-21,Awash Bank,Google Play
Good app,3,2024-12-21,Awash Bank,Google Play
Great,5,2024-12-21,Awash Bank,Google Play
It is not working today,5,2024-12-21,Awash Bank,Google Play
That is very good,5,2024-12-21,Awash Bank,Google Play
👍,5,2024-12-21,Awash Bank,Google Play
It's fast and very easy to use,5,2024-12-21,Awash Bank,Google Play
Fantastic,5,2024-12-21,Awash Bank,Google Play
Nice,1,2024-12-21,Awash Bank,Google Play
Best,5,2024-12-21,Awash Bank,Google Play
good,4,2024-12-21,Awash Bank,Google Play
Good,5,2024-12-21,Awash Bank,Google Play
Amazing app for all.... I like it..,5,2024-12-21,Awash Bank,Google Play
Good,1,2024-12-21,Awash Bank,Google Play
Great,5,2024-12-21,Awash Bank,Google Play
Why it is not working,5,2024-12-21,Awash Bank,Google Play
Nice service,5,2024-12-21,Awash Bank,Google Play
Its an excellent app and gave me alot of services in critcal time. So I'm very interested on it.,5,2024-12-21,Awash Bank,Google Play
Good app,5,2024-12-21,Awash Bank,Google Play
Good,5,2024-12-21,Awash Bank,Google Play
The 25K limit is not acceptable. Improve,4,2024-12-21,Awash Bank,Google Play
Nice 👍,5,2024-12-21,Awash Bank,Google Play
አኤ,5,2024-12-21,Awash Bank,Google Play
I like how fast it is,4,2024-12-21,Awash Bank,Google Play
Good,5,2024-12-21,Awash Bank,Google Play
"It's best , secure and faster app.",5,2024-12-21,Awash Bank,Google Play
Thanks for your service,5,2024-12-21,Awash Bank,Google Play
Good,3,2024-12-21,Awash Bank,Google Play
Cool,5,2024-12-21,Awash Bank,Google Play
It is great.,5,2024-12-21,Awash Bank,Google Play
Okey,5,2024-12-21,Awash Bank,Google Play
Good,5,2024-12-21,Awash Bank,Google Play
Poor network connection,5,2024-12-21,Awash Bank,Google Play
Good,1,2024-12-21,Awash Bank,Google Play
Good,5,2024-12-21,Awash Bank,Google Play
Great,2,2024-12-21,Awash Bank,Google Play
It's cool but somehow fails to work in moyale,4,2024-12-21,Awash Bank,Google Play
Good,5,2024-12-21,Awash Bank,Google Play
Good,5,2024-12-21,Awash Bank,Google Play
Excellent,5,2024-12-21,Awash Bank,Google Play
It is user friendly,1,2024-12-21,Awash Bank,Google Play
Wow,5,2024-12-21,Awash Bank,Google Play
Good,5,2024-12-21,Awash Bank,Google Play
Wow,5,2024-12-21,Awash Bank,Google Play
👍,4,2024-12-21,Awash Bank,Google Play
Great and friendly to use,5,2024-12-21,Awash Bank,Google Play
Good 👍🏻,5,2024-12-21,Awash Bank,Google Play
Nice app for everything,4,2024-12-21,Awash Bank,Google Play
The mobile banking transaction not working pls cab you fix it,5,2024-12-21,Awash Bank,Google Play
"I recently started using the Awash Birr Pro app, and I have to say, it’s been a great experience overall. The user interface is sleek and easy to navigate, making it simple to perform transactions like money transfers and bill payments.",4,2024-12-21,Awash Bank,Google Play
Awashbirr pro is fast and very easy app to use money transferring .thanks,5,2024-12-21,Awash Bank,Google Play
Nice,5,2024-12-21,Awash Bank,Google Play
Awashbirr is good aplcashin,5,2024-12-21,Awash Bank,Google Play
Good app,5,2024-12-21,Awash Bank,Google Play
So good,5,2024-12-21,Awash Bank,Google Play
Nice app,5,2024-12-21,Awash Bank,Google Play
Ok,2,2024-12-21,Awash Bank,Google Play
👍,5,2024-12-21,Awash Bank,Google Play
Good,5,2024-12-21,Awash Bank,Google Play
4 out of5,4,2024-12-21,Awash Bank,Google Play
Good application and easy to use.,5,2024-12-21,Awash Bank,Google Play
Good,4,2024-12-21,Awash Bank,Google Play
Good lapp,5,2024-12-21,Awash Bank,Google Play
Good App,5,2024-12-21,Awash Bank,Google Play
It good banking apps and I like it,5,2024-12-21,Awash Bank,Google Play
Like,5,2024-12-21,Awash Bank,Google Play
Good,5,2024-12-21,Awash Bank,Google Play
Goood,5,2024-12-21,Awash Bank,Google Play
Very nice,1,2024-12-21,Awash Bank,Google Play
ደባሪ አኘልኬሽን ነው,1,2024-12-21,Awash Bank,Google Play
Best app ever,5,2024-12-21,Awash Bank,Google Play
"Effective,efficient and trusted",5,2024-12-21,Awash Bank,Google Play
Awash BIRR Pro An Excellent Mobile Banking App!Love It.,1,2024-12-21,Awash Bank,Google Play
good,5,2024-12-21,Awash Bank,Google Play
Best,5,2024-12-21,Awash Bank,Google Play
Good,5,2024-12-21,Awash Bank,Google Play
Fast and reliable Mobile Banking App keep it up.,5,2024-12-21,Awash Bank,Google Play
It's 👌!,5,2024-12-21,Awash Bank,Google Play
Good,4,2024-12-21,Awash Bank,Google Play
It good and attractive specially transform,5,2024-12-21,Awash Bank,Google Play
Go forward .great job,5,2024-12-21,Awash Bank,Google Play
Fast,5,2024-12-21,Awash Bank,Google Play
Good,5,2024-12-21,Awash Bank,Google Play
Equivalent,5,2024-12-21,Awash Bank,Google Play
Good app,5,2024-12-21,Awash Bank,Google Play
Bad,1,2024-12-21,Awash Bank,Google Play
It's very nice 👌 what not available,5,2024-12-21,Awash Bank,Google Play
Excellent!,5,2024-12-21,Awash Bank,Google Play
Perfect,5,2024-12-21,Awash Bank,Google Play
"After a year is not working in my device,it says it isn' t compatible sory.",1,2024-12-21,Awash Bank,Google Play
I love it,5,2024-12-21,Awash Bank,Google Play
Good,5,2024-12-21,Awash Bank,Google Play
Good,2,2024-12-21,Awash Bank,Google Play
Good,5,2024-12-21,Awash Bank,Google Play
Good but not open he says app is locked,1,2024-12-21,Awash Bank,Google Play
It is not working,1,2024-12-21,Awash Bank,Google Play
Aappii gowwaa kana fayyadamuu kootti baayyee gadda,1,2024-12-21,Awash Bank,Google Play
Good,5,2024-12-21,Awash Bank,Google Play
Nice,5,2024-12-21,Awash Bank,Google Play
Interesting app!,5,2024-12-21,Awash Bank,Google Play
Good,5,2024-12-21,Awash Bank,Google Play
Good application & easy to use,5,2024-12-21,Awash Bank,Google Play
Terrible Thing,5,2024-12-21,Awash Bank,Google Play
"Better using the app, sometimes there is some inconvinence",4,2024-12-21,Awash Bank,Google Play
Nice,5,2024-12-21,Awash Bank,Google Play
Kalifa,5,2024-12-21,Awash Bank,Google Play
Other Bank is the only problem,3,2024-12-21,Awash Bank,Google Play
Awashbirr pro is a good thing to explain how It life simple,5,2024-12-21,Awash Bank,Google Play
Ok,5,2024-12-21,Awash Bank,Google Play
Awsomr,5,2024-12-21,Awash Bank,Google Play
It's easy to access,5,2024-12-21,Awash Bank,Google Play
This is very nice for me,4,2024-12-21,Awash Bank,Google Play
Good,4,2024-12-21,Awash Bank,Google Play
Very poor,1,2024-12-21,Awash Bank,Google Play
Best,5,2024-12-21,Awash Bank,Google Play
This app is very nice,5,2024-12-21,Awash Bank,Google Play
Uhjj,5,2024-12-21,Awash Bank,Google Play
It's good,5,2024-12-21,Awash Bank,Google Play
Its very easy to use,3,2024-12-21,Awash Bank,Google Play
Good,5,2024-12-21,Awash Bank,Google Play
Thank you for making my life so easy!!,5,2024-12-21,Awash Bank,Google Play
Service,5,2024-12-21,Awash Bank,Google Play
"This is a user friendly app,",5,2024-12-21,Awash Bank,Google Play
It's good.,2,2024-12-21,Awash Bank,Google Play
Nice,5,2024-12-21,Awash Bank,Google Play
Great app,5,2024-12-21,Awash Bank,Google Play
Amazing,5,2024-12-21,Awash Bank,Google Play
Very good app.,5,2024-12-21,Awash Bank,Google Play
Good👍👍,5,2024-12-21,Awash Bank,Google Play
Good service,5,2024-12-21,Awash Bank,Google Play
Good app to use,5,2024-12-21,Awash Bank,Google Play
"it fails you when you need it most. the app was updated 5 days a go and when I try to transfer some cash it redirects to ""Google play"". when I try the ussd it says ""plug in problem"". reliability is a big issue!!",2,2024-12-21,Awash Bank,Google Play
Good,5,2024-12-21,Awash Bank,Google Play
Very good,5,2024-12-21,Awash Bank,Google Play
Best,5,2024-12-21,Awash Bank,Google Play
Awash birr pro is the best app,5,2024-12-21,Awash Bank,Google Play
Good,5,2024-12-21,Awash Bank,Google Play
Efrem,5,2024-12-21,Awash Bank,Google Play
Good,3,2024-12-21,Awash Bank,Google Play
I love awashBIRR pro app,4,2024-12-21,Awash Bank,Google Play
fast transaction,5,2024-12-21,Awash Bank,Google Play
Very nice,4,2024-12-21,Awash Bank,Google Play
good,5,2024-12-21,Awash Bank,Google Play
Good,5,2024-12-21,Awash Bank,Google Play
Good 👍,5,2024-12-21,Awash Bank,Google Play
Ok,5,2024-12-21,Awash Bank,Google Play
Wow,5,2024-12-21,Awash Bank,Google Play
Excellent,5,2024-12-21,Awash Bank,Google Play
Ok,5,2024-12-21,Awash Bank,Google Play
It is good,4,2024-12-21,Awash Bank,Google Play
Good 👍,5,2024-12-21,Awash Bank,Google Play
Pain,3,2024-12-21,Awash Bank,Google Play
Awash Bank akka maqa isaa app bareeda kan saffisaa bareeda qabuu waan nuuf fiddanif galaatoma,5,2024-12-21,Awash Bank,Google Play
Good app,5,2024-12-21,Awash Bank,Google Play
Good,5,2024-12-21,Awash Bank,Google Play
Good app,4,2024-12-21,Awash Bank,Google Play
I doesn't work i can open it but i can't cash out my money pls fix it if you can,1,2024-12-21,Awash Bank,Google Play
It is perfect,5,2024-12-21,Awash Bank,Google Play
Good,5,2024-12-21,Awash Bank,Google Play
i appreciate the app.,5,2024-12-21,Awash Bank,Google Play
Good,5,2024-12-21,Awash Bank,Google Play
Woow,5,2024-12-21,Awash Bank,Google Play
Good,5,2024-12-21,Awash Bank,Google Play
Best,5,2024-12-21,Awash Bank,Google Play
Best app,1,2024-12-21,Awash Bank,Google Play
Awash birr pro is an excellent app on the play store that we use in everyday for various transactions,5,2024-12-21,Awash Bank,Google Play
The awash bank is the best and the most useful banking and the mobile banking is fast and easy to use for all in ethiopia and the one which is the best in ethiopia so I like it and I went to let know who r not use this bank use this this is the best one,5,2024-12-21,Awash Bank,Google Play
chemist,5,2024-12-21,Awash Bank,Google Play
Good application,5,2024-12-21,Awash Bank,Google Play
Not bad,4,2024-12-21,Awash Bank,Google Play
Good application,5,2024-12-21,Awash Bank,Google Play
"This very review is forced upon me. I coul not use my mobile up, unless I do the review. Not right by any standard.",2,2024-12-21,Awash Bank,Google Play
Awash birr pro the best,1,2024-12-21,Awash Bank,Google Play
the best,5,2024-12-21,Awash Bank,Google Play
Good app,5,2024-12-21,Awash Bank,Google Play
Wonderful,5,2024-12-21,Awash Bank,Google Play
Good app,1,2024-12-21,Awash Bank,Google Play
Good,5,2024-12-21,Awash Bank,Google Play
Too much experience,5,2024-12-21,Awash Bank,Google Play
Good,5,2024-12-21,Awash Bank,Google Play
So far so good,4,2024-12-21,Awash Bank,Google Play
nice,1,2024-12-21,Awash Bank,Google Play
Great,5,2024-12-21,Awash Bank,Google Play
Good,2,2024-12-21,Awash Bank,Google Play
Good,5,2024-12-21,Awash Bank,Google Play
Happy,5,2024-12-21,Awash Bank,Google Play
The best,5,2024-12-21,Awash Bank,Google Play
Excellent App,5,2024-12-21,Awash Bank,Google Play
Medium,3,2024-12-21,Awash Bank,Google Play
Very suitable,5,2024-12-21,Awash Bank,Google Play
Excellent,5,2024-12-21,Awash Bank,Google Play
Good,5,2024-12-21,Awash Bank,Google Play
Good,5,2024-12-21,Awash Bank,Google Play
Wow,5,2024-12-21,Awash Bank,Google Play
It's not working properly for school payment,3,2024-12-21,Awash Bank,Google Play
Good,3,2024-12-21,Awash Bank,Google Play
Good,5,2024-12-21,Awash Bank,Google Play
It is good app!,5,2024-12-21,Awash Bank,Google Play
Less quality,1,2024-12-21,Awash Bank,Google Play
Wow,1,2024-12-21,Awash Bank,Google Play
Good,5,2024-12-21,Awash Bank,Google Play
Bonso mengistu mamo,5,2024-12-21,Awash Bank,Google Play
Good,3,2024-12-21,Awash Bank,Google Play
Awash birr is great,5,2024-12-21,Awash Bank,Google Play
Best app,5,2024-12-21,Awash Bank,Google Play
ዋው,5,2024-12-21,Awash Bank,Google Play
i found the application to be very helpful,5,2024-12-21,Awash Bank,Google Play
Am very happy,5,2024-12-21,Awash Bank,Google Play
Good,5,2024-12-21,Awash Bank,Google Play
Ok,5,2024-12-21,Awash Bank,Google Play
Very good app,5,2024-12-21,Awash Bank,Google Play
Good,5,2024-12-21,Awash Bank,Google Play
Amazing,5,2024-12-21,Awash Bank,Google Play
Nice,4,2024-12-21,Awash Bank,Google Play
Agrg,5,2024-12-21,Awash Bank,Google Play
Good,5,2024-12-21,Awash Bank,Google Play
Awsome and use-friendly appliance.,5,2024-12-21,Awash Bank,Google Play
good,5,2024-12-21,Awash Bank,Google Play
Very good Awash birri pro,1,2024-12-21,Awash Bank,Google Play
Good,5,2024-12-21,Awash Bank,Google Play
Easy to use and user-friendly,3,2024-12-21,Awash Bank,Google Play
Good,5,2024-12-21,Awash Bank,Google Play
Welcome,5,2024-12-21,Awash Bank,Google Play
In similar apps it is the leader,5,2024-12-21,Awash Bank,Google Play
I found it very helpful,5,2024-12-21,Awash Bank,Google Play
🥰🥰🥰,4,2024-12-21,Awash Bank,Google Play
Perfect,5,2024-12-21,Awash Bank,Google Play
Good,5,2024-12-21,Awash Bank,Google Play
The system is refusing why?,5,2024-12-21,Awash Bank,Google Play
abdulfeta nesru Nehru,5,2024-12-21,Awash Bank,Google Play
Very interesting and reliable,5,2024-12-21,Awash Bank,Google Play
Great,1,2024-12-21,Awash Bank,Google Play
It's good 👍 appreciate,4,2024-12-21,Awash Bank,Google Play
Nice app,5,2024-12-21,Awash Bank,Google Play
Good job awash keep it up,5,2024-12-21,Awash Bank,Google Play
Greatest,5,2024-12-21,Awash Bank,Google Play
Good,5,2024-12-21,Awash Bank,Google Play
Good,5,2024-12-21,Awash Bank,Google Play
Good,5,2024-12-21,Awash Bank,Google Play
Good,5,2024-12-21,Awash Bank,Google Play
nice,4,2024-12-21,Awash Bank,Google Play
Good,5,2024-12-21,Awash Bank,Google Play
ገንዘብ ለማዘዋወር ይመልሳል፡፡ አስቸጋሪ ነው,1,2024-12-21,Awash Bank,Google Play
Nice,5,2024-12-21,Awash Bank,Google Play
Nice,5,2024-12-21,Awash Bank,Google Play
When I want to make any transactions the app goes to the downloads page on goggles store even though I have the latest update of the app can someone explain or tell me how to fix it,2,2024-12-21,Awash Bank,Google Play
Yoannes,1,2024-12-21,Awash Bank,Google Play
Good app,1,2024-12-21,Awash Bank,Google Play
Not opening,3,2024-12-21,Awash Bank,Google Play
Good,1,2024-12-21,Awash Bank,Google Play
I'm regular customer,5,2024-12-21,Awash Bank,Google Play
Some update needed,2,2024-12-21,Awash Bank,Google Play
Iam very happy with Awash Birr Pro app.,5,2024-12-21,Awash Bank,Google Play
Best bank all in addis,5,2024-12-21,Awash Bank,Google Play
Nice,5,2024-12-21,Awash Bank,Google Play
Nice app,4,2024-12-21,Awash Bank,Google Play
Nice app,5,2024-12-21,Awash Bank,Google Play
Good,4,2024-12-21,Awash Bank,Google Play
Nice app,5,2024-12-21,Awash Bank,Google Play
This app such a boring app I have ever seen,1,2024-12-21,Awash Bank,Google Play
it nice,4,2024-12-21,Awash Bank,Google Play
Good,5,2024-12-21,Awash Bank,Google Play
Thank you,5,2024-12-21,Awash Bank,Google Play
Nice,5,2024-12-21,Awash Bank,Google Play
Perfect its better to handel and easy to use,5,2024-12-21,Awash Bank,Google Play
በጣም ያስጠላል,1,2024-12-21,Awash Bank,Google Play
Best good,5,2024-12-21,Awash Bank,Google Play
Best of the best,5,2024-12-21,Awash Bank,Google Play
Very good,1,2024-12-21,Awash Bank,Google Play
Nice one,5,2024-12-21,Awash Bank,Google Play
Excellent,5,2024-12-21,Awash Bank,Google Play
Best,3,2024-12-21,Awash Bank,Google Play
When I transfer other banks it's great,5,2024-12-21,Awash Bank,Google Play
"Nice Bank, my choice",5,2024-12-21,Awash Bank,Google Play
Its nice app intersting and best one,5,2024-12-21,Awash Bank,Google Play
Excellent,5,2024-12-21,Awash Bank,Google Play
Good,5,2024-12-21,Awash Bank,Google Play
Good,5,2024-12-21,Awash Bank,Google Play
Nays,5,2024-12-21,Awash Bank,Google Play
Very important application for evry us,5,2024-12-21,Awash Bank,Google Play
👍,5,2024-12-21,Awash Bank,Google Play
Waw Awash,5,2024-12-21,Awash Bank,Google Play
This are very good app@,4,2024-12-21,Awash Bank,Google Play
Bad experience,2,2024-12-21,Awash Bank,Google Play
Good,5,2024-12-21,Awash Bank,Google Play
Mamo merga deresa,5,2024-12-21,Awash Bank,Google Play
Very amazing,4,2024-12-21,Awash Bank,Google Play
"This past week, whenever I tried to make a transaction, it redirected me to the Play store download page. What's going on??",2,2024-12-21,Awash Bank,Google Play
best,5,2024-12-21,Awash Bank,Google Play
Good app,5,2024-12-21,Awash Bank,Google Play
Ok,5,2024-12-21,Awash Bank,Google Play
Good,5,2024-12-21,Awash Bank,Google Play
Waw,5,2024-12-21,Awash Bank,Google Play
Excellent,5,2024-12-21,Awash Bank,Google Play
Good,5,2024-12-21,Awash Bank,Google Play
Very good application 👍,5,2024-12-21,Awash Bank,Google Play
Good,5,2024-12-21,Awash Bank,Google Play
It is not working,1,2024-12-21,Awash Bank,Google Play
It is just fine,4,2024-12-21,Awash Bank,Google Play
ok,5,2024-12-21,Awash Bank,Google Play
Best,5,2024-12-21,Awash Bank,Google Play
This app is good for me and my business keep it up,5,2024-12-21,Awash Bank,Google Play
Good K,5,2024-12-21,Awash Bank,Google Play
nice app,5,2024-12-21,Awash Bank,Google Play
It's good,5,2024-12-21,Awash Bank,Google Play
Good,5,2024-12-20,Awash Bank,Google Play
Best,4,2024-12-20,Awash Bank,Google Play
V. Good,2,2024-12-20,Awash Bank,Google Play
Great,5,2024-12-20,Awash Bank,Google Play
It is good for customer security service,2,2024-12-20,Awash Bank,Google Play
Excellent,5,2024-12-20,Awash Bank,Google Play
Great,5,2024-12-20,Awash Bank,Google Play
Good app !,5,2024-12-20,Awash Bank,Google Play
Its great,5,2024-12-20,Awash Bank,Google Play
Two years,4,2024-12-20,Awash Bank,Google Play
Good,5,2024-12-20,Awash Bank,Google Play
Good,5,2024-12-20,Awash Bank,Google Play
Redirects me to the playstore when I click to send send money to my telebirr or other banks,1,2024-12-20,Awash Bank,Google Play
Its cool.,4,2024-12-20,Awash Bank,Google Play
Best app ever,5,2024-12-20,Awash Bank,Google Play
Very poor,1,2024-12-20,Awash Bank,Google Play
it's good,5,2024-12-20,Awash Bank,Google Play
Good,5,2024-12-20,Awash Bank,Google Play
👍👍,1,2024-12-20,Awash Bank,Google Play
Good,5,2024-12-20,Awash Bank,Google Play
Good,5,2024-12-20,Awash Bank,Google Play
Good,5,2024-12-20,Awash Bank,Google Play
Its good keep up,1,2024-12-20,Awash Bank,Google Play
Good chance,1,2024-12-20,Awash Bank,Google Play
Awesome,5,2024-12-20,Awash Bank,Google Play
It's better to use,5,2024-12-20,Awash Bank,Google Play
Good,5,2024-12-20,Awash Bank,Google Play
Its Best,5,2024-12-20,Awash Bank,Google Play
Good,5,2024-12-20,Awash Bank,Google Play
Master,5,2024-12-20,Awash Bank,Google Play
I like this app.,4,2024-12-20,Awash Bank,Google Play
It is not opening other bank,1,2024-12-20,Awash Bank,Google Play
👍,4,2024-12-20,Awash Bank,Google Play
Good,5,2024-12-20,Awash Bank,Google Play
💯,5,2024-12-20,Awash Bank,Google Play
It's a good app,5,2024-12-20,Awash Bank,Google Play
Good,5,2024-12-20,Awash Bank,Google Play
Good,5,2024-12-20,Awash Bank,Google Play
Driver,1,2024-12-20,Awash Bank,Google Play
best app,5,2024-12-20,Awash Bank,Google Play
Great app,5,2024-12-20,Awash Bank,Google Play
Very nice app,5,2024-12-20,Awash Bank,Google Play
Good,5,2024-12-20,Awash Bank,Google Play
Nic app,5,2024-12-20,Awash Bank,Google Play
Good,5,2024-12-20,Awash Bank,Google Play
Good,5,2024-12-20,Awash Bank,Google Play
Good,5,2024-12-20,Awash Bank,Google Play
Ok,5,2024-12-20,Awash Bank,Google Play
We are expecting more progress,4,2024-12-20,Awash Bank,Google Play
Good service,1,2024-12-20,Awash Bank,Google Play
Good,5,2024-12-20,Awash Bank,Google Play
I like it,4,2024-12-20,Awash Bank,Google Play
Great,5,2024-12-20,Awash Bank,Google Play
Good,5,2024-12-20,Awash Bank,Google Play
Very good,5,2024-12-20,Awash Bank,Google Play
Best of all bank,5,2024-12-20,Awash Bank,Google Play
Nice,4,2024-12-20,Awash Bank,Google Play
Wow,5,2024-12-20,Awash Bank,Google Play
Uth,5,2024-12-20,Awash Bank,Google Play
Good,5,2024-12-20,Awash Bank,Google Play
Am using from the beginning of this app technology started,5,2024-12-20,Awash Bank,Google Play
Good app walai,5,2024-12-20,Awash Bank,Google Play
Good,5,2024-12-20,Awash Bank,Google Play
Nice,5,2024-12-20,Awash Bank,Google Play
Great experience,5,2024-12-20,Awash Bank,Google Play
good,5,2024-12-20,Awash Bank,Google Play
Nice,2,2024-12-20,Awash Bank,Google Play
Awash is the best,4,2024-12-20,Awash Bank,Google Play
Nice work,5,2024-12-20,Awash Bank,Google Play
Good,5,2024-12-20,Awash Bank,Google Play
I like it very easy to use,5,2024-12-20,Awash Bank,Google Play
good,2,2024-12-20,Awash Bank,Google Play
Its good and digital financial method 👍👍👍,5,2024-12-20,Awash Bank,Google Play
nics,5,2024-12-20,Awash Bank,Google Play
nice and fast,5,2024-12-20,Awash Bank,Google Play
Great,5,2024-12-20,Awash Bank,Google Play
None,4,2024-12-20,Awash Bank,Google Play
Nice app and very fast and easy to use it and reliable.,4,2024-12-20,Awash Bank,Google Play
Very good,5,2024-12-20,Awash Bank,Google Play
Good,5,2024-12-20,Awash Bank,Google Play
Piss,5,2024-12-20,Awash Bank,Google Play
Good,5,2024-12-20,Awash Bank,Google Play
Ets nice,5,2024-12-20,Awash Bank,Google Play
It's good,5,2024-12-20,Awash Bank,Google Play
Good,4,2024-12-20,Awash Bank,Google Play
Etes good,5,2024-12-20,Awash Bank,Google Play
Good,5,2024-12-20,Awash Bank,Google Play
I update dont lead me here again and again,1,2024-12-20,Awash Bank,Google Play
I enjoy awash,5,2024-12-20,Awash Bank,Google Play
Good,5,2024-12-20,Awash Bank,Google Play
Temesgenk,5,2024-12-20,Awash Bank,Google Play
Nice App.,4,2024-12-20,Awash Bank,Google Play
Very nice,5,2024-12-20,Awash Bank,Google Play
Good,5,2024-12-20,Awash Bank,Google Play
Excellent,5,2024-12-20,Awash Bank,Google Play
Nice,5,2024-12-20,Awash Bank,Google Play
Nice,1,2024-12-20,Awash Bank,Google Play
Ok,4,2024-12-20,Awash Bank,Google Play
I pay my children school fee by this app,5,2024-12-20,Awash Bank,Google Play
Best,3,2024-12-20,Awash Bank,Google Play
Could be better,4,2024-12-20,Awash Bank,Google Play
Very good,5,2024-12-20,Awash Bank,Google Play
Pis,5,2024-12-20,Awash Bank,Google Play
Best,5,2024-12-20,Awash Bank,Google Play
"It was easy and friendly, but a few days ago, I couldn't make any transactions, including my own Telebirr wallet",5,2024-12-20,Awash Bank,Google Play
Good,5,2024-12-20,Awash Bank,Google Play
Good service,5,2024-12-20,Awash Bank,Google Play
Why the application ask to open or uninstal while I want to transfer to other bank!,5,2024-12-20,Awash Bank,Google Play
Awash is the best,5,2024-12-20,Awash Bank,Google Play
Want to High performed with our banks,5,2024-12-20,Awash Bank,Google Play
Good,5,2024-12-20,Awash Bank,Google Play
Good,4,2024-12-20,Awash Bank,Google Play
አዋሽ ባንክ ልክ እንደወንዛችን,5,2024-12-20,Awash Bank,Google Play
I have trouble with the new update when i open the app it will take me to playstore,1,2024-12-20,Awash Bank,Google Play
Nice bank,5,2024-12-20,Awash Bank,Google Play
Nice.,1,2024-12-20,Awash Bank,Google Play
Your loan interest rate is too high,5,2024-12-20,Awash Bank,Google Play
I am always using this app,5,2024-12-20,Awash Bank,Google Play
👍👍,5,2024-12-20,Awash Bank,Google Play
Perfect,5,2024-12-20,Awash Bank,Google Play
Disgusting,2,2024-12-20,Awash Bank,Google Play
Best,5,2024-12-20,Awash Bank,Google Play
Perfect,5,2024-12-20,Awash Bank,Google Play
Good,5,2024-12-20,Awash Bank,Google Play
Nice this app,5,2024-12-20,Awash Bank,Google Play
Not good,5,2024-12-20,Awash Bank,Google Play
Awash birr pro,5,2024-12-20,Awash Bank,Google Play
When I want to transfer to telebirr and other banks it's redirecting to play store Please fix it as soon as posible!,1,2024-12-20,Awash Bank,Google Play
Good service,5,2024-12-20,Awash Bank,Google Play
It is nice app ! But it needs Updating,5,2024-12-20,Awash Bank,Google Play
"Best,easy and an excellent mobile banking app.",5,2024-12-20,Awash Bank,Google Play
Nice,5,2024-12-20,Awash Bank,Google Play
Like,5,2024-12-20,Awash Bank,Google Play
This is the best App I have ever used. It's too friendly and so fast.,5,2024-12-20,Awash Bank,Google Play
????? I don't like it,1,2024-12-20,Awash Bank,Google Play
Easy to use,5,2024-12-20,Awash Bank,Google Play
Good,5,2024-12-20,Awash Bank,Google Play
Very nice,5,2024-12-20,Awash Bank,Google Play
Good,5,2024-12-20,Awash Bank,Google Play
amazing app,5,2024-12-20,Awash Bank,Google Play
Meksud Awol hussen,5,2024-12-20,Awash Bank,Google Play
Nice app,5,2024-12-20,Awash Bank,Google Play
Perfect,4,2024-12-20,Awash Bank,Google Play
good,5,2024-12-20,Awash Bank,Google Play
good,5,2024-12-20,Awash Bank,Google Play
Great,4,2024-12-20,Awash Bank,Google Play
The most user friendly financial app currently,5,2024-12-20,Awash Bank,Google Play
It's good 👍,5,2024-12-20,Awash Bank,Google Play
Bravo awash,5,2024-12-20,Awash Bank,Google Play
Awash,5,2024-12-20,Awash Bank,Google Play
I am saitsfed with the service,5,2024-12-20,Awash Bank,Google Play
Ok plus service,5,2024-12-20,Awash Bank,Google Play
Excellent,5,2024-12-20,Awash Bank,Google Play
It is always lagging It doesn't work 90 percent of the time I'm thinking of not using it until it get fixed,1,2024-12-20,Awash Bank,Google Play
friendly,4,2024-12-20,Awash Bank,Google Play
Good,5,2024-12-20,Awash Bank,Google Play
I dislike the app,5,2024-12-20,Awash Bank,Google Play
Thanks. So smart,5,2024-12-20,Awash Bank,Google Play
Great 👍👍,5,2024-12-20,Awash Bank,Google Play
Well,5,2024-12-20,Awash Bank,Google Play
👍,3,2024-12-20,Awash Bank,Google Play
Great and Smart awareness,5,2024-12-20,Awash Bank,Google Play
Good,5,2024-12-20,Awash Bank,Google Play
Excellent,5,2024-12-20,Awash Bank,Google Play
nice,3,2024-12-20,Awash Bank,Google Play
To other banks fee is high,4,2024-12-20,Awash Bank,Google Play
Good application,5,2024-12-20,Awash Bank,Google Play
Nice,1,2024-12-20,Awash Bank,Google Play
Great,4,2024-12-20,Awash Bank,Google Play
One of the best financial app,5,2024-12-20,Awash Bank,Google Play
Good application,5,2024-12-20,Awash Bank,Google Play
Why it does work when I try to transfer to another bank?,5,2024-12-20,Awash Bank,Google Play
Good,5,2024-12-20,Awash Bank,Google Play
There were a problem to update the application. User must go to the branch they first applay to hold the account but the east way to update the application is send a notification to update the former outdated application automatically.,5,2024-12-20,Awash Bank,Google Play
Best,5,2024-12-20,Awash Bank,Google Play
Best banking service,5,2024-12-20,Awash Bank,Google Play
Very good app,5,2024-12-20,Awash Bank,Google Play
Business man,4,2024-12-20,Awash Bank,Google Play
It is good as always,1,2024-12-20,Awash Bank,Google Play
Good 😊,5,2024-12-20,Awash Bank,Google Play
very good,5,2024-12-20,Awash Bank,Google Play
Good app. But it sometimes took a little long time to refresh.,4,2024-12-20,Awash Bank,Google Play
Good,5,2024-12-20,Awash Bank,Google Play
Nice,5,2024-12-20,Awash Bank,Google Play
Ok,5,2024-12-20,Awash Bank,Google Play
Good performance and easily accessibility,5,2024-12-20,Awash Bank,Google Play
Good,5,2024-12-20,Awash Bank,Google Play
Good app,5,2024-12-20,Awash Bank,Google Play
Best,5,2024-12-20,Awash Bank,Google Play
Good,5,2024-12-20,Awash Bank,Google Play
Good app,5,2024-12-20,Awash Bank,Google Play
Good,5,2024-12-20,Awash Bank,Google Play
No pirzze pool,5,2024-12-20,Awash Bank,Google Play
december 17 update doesnt work on all android phones,4,2024-12-20,Awash Bank,Google Play
it Is Good To Use This app,3,2024-12-20,Awash Bank,Google Play
It's easy to use app,4,2024-12-20,Awash Bank,Google Play
Nice,5,2024-12-20,Awash Bank,Google Play
Good,4,2024-12-20,Awash Bank,Google Play
nice,5,2024-12-20,Awash Bank,Google Play
I like this wonderful app,5,2024-12-20,Awash Bank,Google Play
Good app,5,2024-12-20,Awash Bank,Google Play
best app,5,2024-12-20,Awash Bank,Google Play
It's nice app but we can use loan future 0wwew🥰🥰🥰🥰,5,2024-12-20,Awash Bank,Google Play
"The service delivered is very good. Therefore, I will give 400 points out of 500.",4,2024-12-20,Awash Bank,Google Play
Satisfied banking system good job keep it up.,5,2024-12-20,Awash Bank,Google Play
Great and help ful,5,2024-12-20,Awash Bank,Google Play
Good and easy to use,5,2024-12-20,Awash Bank,Google Play
"Awash Birr pro is an efficient, reliable and economical mobile banking app. It is user friendly",5,2024-12-20,Awash Bank,Google Play
Great app and good network,5,2024-12-20,Awash Bank,Google Play
Good,5,2024-12-20,Awash Bank,Google Play
It is helpful.,5,2024-12-20,Awash Bank,Google Play
I used it,5,2024-12-20,Awash Bank,Google Play
good app,5,2024-12-20,Awash Bank,Google Play
Wow 😲,4,2024-12-20,Awash Bank,Google Play
Perfect,4,2024-12-20,Awash Bank,Google Play
Goood appp,5,2024-12-20,Awash Bank,Google Play
Nice,5,2024-12-20,Awash Bank,Google Play
Great,5,2024-12-20,Awash Bank,Google Play
Nice app,5,2024-12-20,Awash Bank,Google Play
It is great app,5,2024-12-20,Awash Bank,Google Play
ገንዘብ ለመላክ ስሞክር ወደ play store እየወሰደኝ ነው ኣስተካክሉት pls,2,2024-12-20,Awash Bank,Google Play
Smart,5,2024-12-20,Awash Bank,Google Play
Is not working,1,2024-12-20,Awash Bank,Google Play
Good option,5,2024-12-20,Awash Bank,Google Play
Great experience,5,2024-12-20,Awash Bank,Google Play
Good,5,2024-12-20,Awash Bank,Google Play
Good,3,2024-12-20,Awash Bank,Google Play
Awash birr so very much,5,2024-12-20,Awash Bank,Google Play
Good and fast app,4,2024-12-20,Awash Bank,Google Play
So beauitiful,5,2024-12-20,Awash Bank,Google Play
"Fast, reliable and simple",5,2024-12-20,Awash Bank,Google Play
Wonderful,5,2024-12-20,Awash Bank,Google Play
Not good,5,2024-12-20,Awash Bank,Google Play
Transfer,1,2024-12-20,Awash Bank,Google Play
Good!,3,2024-12-20,Awash Bank,Google Play
Awesome,1,2024-12-20,Awash Bank,Google Play
Good,1,2024-12-20,Awash Bank,Google Play
Great,5,2024-12-20,Awash Bank,Google Play
Application👍,4,2024-12-20,Awash Bank,Google Play
Nice,5,2024-12-20,Awash Bank,Google Play
It's good app,5,2024-12-20,Awash Bank,Google Play
Good,5,2024-12-20,Awash Bank,Google Play
Very nice,4,2024-12-20,Awash Bank,Google Play
Fully satisfied,5,2024-12-20,Awash Bank,Google Play
What a bunk . Amazing keep in good side,5,2024-12-20,Awash Bank,Google Play
Very nice,3,2024-12-20,Awash Bank,Google Play
Its great,5,2024-12-20,Awash Bank,Google Play
good,5,2024-12-20,Awash Bank,Google Play
Good,5,2024-12-20,Awash Bank,Google Play
Nice,5,2024-12-20,Awash Bank,Google Play
Open,1,2024-12-20,Awash Bank,Google Play
Best app,5,2024-12-20,Awash Bank,Google Play
Nice,5,2024-12-20,Awash Bank,Google Play
tofik,5,2024-12-20,Awash Bank,Google Play
Great,1,2024-12-20,Awash Bank,Google Play
Best,5,2024-12-20,Awash Bank,Google Play
Very good app.,4,2024-12-20,Awash Bank,Google Play
Thats good bank,5,2024-12-20,Awash Bank,Google Play
Perfect,5,2024-12-20,Awash Bank,Google Play
I love this app,5,2024-12-20,Awash Bank,Google Play
Good,5,2024-12-20,Awash Bank,Google Play
Best,5,2024-12-20,Awash Bank,Google Play
Very good app,5,2024-12-20,Awash Bank,Google Play
Best,4,2024-12-20,Awash Bank,Google Play
issues trying to transfer between banks,3,2024-12-20,Awash Bank,Google Play
Good,3,2024-12-20,Awash Bank,Google Play
Nice,5,2024-12-20,Awash Bank,Google Play
Its good,5,2024-12-20,Awash Bank,Google Play
Great,5,2024-12-20,Awash Bank,Google Play
Good app action any time,5,2024-12-20,Awash Bank,Google Play
Nice app,5,2024-12-20,Awash Bank,Google Play
ti is excellent app. But it requires mobile data if you make it free it is more convenient.,5,2024-12-20,Awash Bank,Google Play
Nice One,5,2024-12-20,Awash Bank,Google Play
good,5,2024-12-20,Awash Bank,Google Play
Good service,5,2024-12-20,Awash Bank,Google Play
Great,5,2024-12-20,Awash Bank,Google Play
Awas Banek,1,2024-12-20,Awash Bank,Google Play
Awash,5,2024-12-20,Awash Bank,Google Play
"Good app, and simple to use, thanks",5,2024-12-20,Awash Bank,Google Play
Nice,1,2024-12-20,Awash Bank,Google Play
Very good,5,2024-12-20,Awash Bank,Google Play
Ok,5,2024-12-20,Awash Bank,Google Play
It's easy for me where I am,5,2024-12-20,Awash Bank,Google Play
It is not working when i toch transfer to mpesa it takes me to google play and cant use it,1,2024-12-20,Awash Bank,Google Play
Very easy and interesting features it has.,3,2024-12-20,Awash Bank,Google Play
Wow app!,5,2024-12-20,Awash Bank,Google Play
AwashBirr pro baayyeen itti gammadde! App kana fayyadamuu kootii carraa qabeessa. Awash Birr pro Smart akka ta'e isinitti himuun barbaadda. Galatoomaa!,4,2024-12-20,Awash Bank,Google Play
Good,5,2024-12-20,Awash Bank,Google Play
"I must say, this mobile banking app is truly friendly and highly interactive!",5,2024-12-20,Awash Bank,Google Play
Nice,5,2024-12-20,Awash Bank,Google Play
good,5,2024-12-20,Awash Bank,Google Play
Nice,5,2024-12-20,Awash Bank,Google Play
Great,5,2024-12-20,Awash Bank,Google Play
Awash,4,2024-12-20,Awash Bank,Google Play
It keeps saying update the app and directs me to Google play store evenif I have already updated it.,3,2024-12-20,Awash Bank,Google Play
Very good,5,2024-12-20,Awash Bank,Google Play
Good,5,2024-12-20,Awash Bank,Google Play
Best,5,2024-12-20,Awash Bank,Google Play
Kedir,5,2024-12-20,Awash Bank,Google Play
Best,5,2024-12-20,Awash Bank,Google Play
Good,5,2024-12-20,Awash Bank,Google Play
Good,5,2024-12-20,Awash Bank,Google Play
Its Good,5,2024-12-20,Awash Bank,Google Play
Bad very annoying today,1,2024-12-20,Awash Bank,Google Play
Good,4,2024-12-20,Awash Bank,Google Play
Good,4,2024-12-20,Awash Bank,Google Play
Good,4,2024-12-20,Awash Bank,Google Play
Very good,5,2024-12-20,Awash Bank,Google Play
Exlent,5,2024-12-20,Awash Bank,Google Play
Why's it can not be down load,3,2024-12-20,Awash Bank,Google Play
This app is very useful and easy to use. Thanks,4,2024-12-20,Awash Bank,Google Play
Very very friendly app,5,2024-12-20,Awash Bank,Google Play
Buy,2,2024-12-20,Awash Bank,Google Play
Nice,5,2024-12-20,Awash Bank,Google Play
Good system,5,2024-12-20,Awash Bank,Google Play
Good,5,2024-12-20,Awash Bank,Google Play
gamal,2,2024-12-20,Awash Bank,Google Play
Back,5,2024-12-20,Awash Bank,Google Play
Nabil,5,2024-12-20,Awash Bank,Google Play
It's good and easy and also saves time app,2,2024-12-20,Awash Bank,Google Play
Abdu,4,2024-12-20,Awash Bank,Google Play
Nice all System,5,2024-12-20,Awash Bank,Google Play
Good,5,2024-12-20,Awash Bank,Google Play
Good,5,2024-12-20,Awash Bank,Google Play
best,5,2024-12-20,Awash Bank,Google Play
Good,5,2024-12-20,Awash Bank,Google Play
It was very good,5,2024-12-20,Awash Bank,Google Play
It's a great app simple use different paid,5,2024-12-20,Awash Bank,Google Play
Wow,5,2024-12-20,Awash Bank,Google Play
Good,1,2024-12-20,Awash Bank,Google Play
vtyi,5,2024-12-20,Awash Bank,Google Play
Arif new,5,2024-12-20,Awash Bank,Google Play
Einm,5,2024-12-20,Awash Bank,Google Play
Good,5,2024-12-20,Awash Bank,Google Play
Very fast,5,2024-12-20,Awash Bank,Google Play
15 years and three years for this month,5,2024-12-20,Awash Bank,Google Play
Fast to use,5,2024-12-20,Awash Bank,Google Play
Good,4,2024-12-20,Awash Bank,Google Play
Easy and fast to use.,5,2024-12-20,Awash Bank,Google Play
Wow,5,2024-12-20,Awash Bank,Google Play
Best,5,2024-12-20,Awash Bank,Google Play
Nice app,1,2024-12-20,Awash Bank,Google Play
good,5,2024-12-20,Awash Bank,Google Play
Perfect,5,2024-12-20,Awash Bank,Google Play
Interesting,5,2024-12-20,Awash Bank,Google Play
You mobile bank is good but at night it too slow and can tranfer to other bank,4,2024-12-20,Awash Bank,Google Play
It's good,5,2024-12-20,Awash Bank,Google Play
Best 👌,5,2024-12-20,Awash Bank,Google Play
Zget,1,2024-12-20,Awash Bank,Google Play
It is helpful sophisticated tool for swift transaction.,4,2024-12-20,Awash Bank,Google Play
Great app,4,2024-12-20,Awash Bank,Google Play
👍Good,5,2024-12-20,Awash Bank,Google Play
It's good,5,2024-12-20,Awash Bank,Google Play
Jonen,5,2024-12-20,Awash Bank,Google Play
Wow,5,2024-12-20,Awash Bank,Google Play
Good,3,2024-12-20,Awash Bank,Google Play
Good,5,2024-12-20,Awash Bank,Google Play
this app fast,5,2024-12-20,Awash Bank,Google Play
I like it,5,2024-12-20,Awash Bank,Google Play
ILit's a Great 👍 application and easily accessible. Thanks,5,2024-12-20,Awash Bank,Google Play
Very good,5,2024-12-20,Awash Bank,Google Play
Very good,1,2024-12-20,Awash Bank,Google Play
Best financial app I Have Seen Ever,5,2024-12-20,Awash Bank,Google Play
Bad,1,2024-12-20,Awash Bank,Google Play
I liked this app.,5,2024-12-20,Awash Bank,Google Play
Is not good,4,2024-12-20,Awash Bank,Google Play
This ape perfect,5,2024-12-20,Awash Bank,Google Play
Training,2,2024-12-20,Awash Bank,Google Play
Great App but once time it has problem,5,2024-12-20,Awash Bank,Google Play
Nice,5,2024-12-20,Awash Bank,Google Play
very good l like your,5,2024-12-20,Awash Bank,Google Play
Poor,1,2024-12-20,Awash Bank,Google Play
It's better from Ethiopian bank's Application's,1,2024-12-20,Awash Bank,Google Play
Good,5,2024-12-20,Awash Bank,Google Play
good,3,2024-12-20,Awash Bank,Google Play
Good,5,2024-12-20,Awash Bank,Google Play
Biotechnologist,5,2024-12-20,Awash Bank,Google Play
It's good,5,2024-12-20,Awash Bank,Google Play
Great app,5,2024-12-20,Awash Bank,Google Play
Yohans,5,2024-12-20,Awash Bank,Google Play
Good,3,2024-12-20,Awash Bank,Google Play
It ok,3,2024-12-20,Awash Bank,Google Play
It is one of the best mobile e many application next to telebirr but there are some feuture that are not working yet.,2,2024-12-20,Awash Bank,Google Play
Wow,5,2024-12-20,Awash Bank,Google Play
My favorite mobile banking app,5,2024-12-20,Awash Bank,Google Play
better app,3,2024-12-20,Awash Bank,Google Play
Why all time to be open the app go to google play,1,2024-12-20,Awash Bank,Google Play
Godamn awsome,5,2024-12-20,Awash Bank,Google Play
Great bank,5,2024-12-20,Awash Bank,Google Play
To much delayance,2,2024-12-20,Awash Bank,Google Play
The best,5,2024-12-20,Awash Bank,Google Play
Very good,5,2024-12-20,Awash Bank,Google Play
Like,5,2024-12-20,Awash Bank,Google Play
Not updated,5,2024-12-20,Awash Bank,Google Play
👍,5,2024-12-20,Awash Bank,Google Play
Aruf,4,2024-12-20,Awash Bank,Google Play
Low,3,2024-12-20,Awash Bank,Google Play
Good app,5,2024-12-20,Awash Bank,Google Play
Perfect,5,2024-12-20,Awash Bank,Google Play
I like it,5,2024-12-20,Awash Bank,Google Play
It start,5,2024-12-20,Awash Bank,Google Play
Good,5,2024-12-20,Awash Bank,Google Play
Good,5,2024-12-20,Awash Bank,Google Play
Why problem,5,2024-12-20,Awash Bank,Google Play
Very bad app,2,2024-12-20,Awash Bank,Google Play
Best,5,2024-12-20,Awash Bank,Google Play
Awash birr pro is very crucial especially when making transfer,4,2024-12-20,Awash Bank,Google Play
Excellent Service,5,2024-12-20,Awash Bank,Google Play
good,5,2024-12-20,Awash Bank,Google Play
"This app isn't working for me, its not working for all phones. You have to make update.",1,2024-12-20,Awash Bank,Google Play
It is a good app and so fast app,1,2024-12-20,Awash Bank,Google Play
ኦክ,5,2024-12-20,Awash Bank,Google Play
Mirt,5,2024-12-20,Awash Bank,Google Play
very very good,5,2024-12-20,Awash Bank,Google Play
Good experiance,5,2024-12-20,Awash Bank,Google Play
👍,5,2024-12-20,Awash Bank,Google Play
It best,5,2024-12-20,Awash Bank,Google Play
it is a very helpful app,5,2024-12-20,Awash Bank,Google Play
Good speed.,5,2024-12-20,Awash Bank,Google Play
no't bad,2,2024-12-20,Awash Bank,Google Play
Great app,5,2024-12-20,Awash Bank,Google Play
Good,5,2024-12-20,Awash Bank,Google Play
Best,5,2024-12-20,Awash Bank,Google Play
excellent bank,5,2024-12-20,Awash Bank,Google Play
Good,4,2024-12-20,Awash Bank,Google Play
Good app,5,2024-12-20,Awash Bank,Google Play
It's vere nice and i like your Job's,1,2024-12-20,Awash Bank,Google Play
Best,5,2024-12-20,Awash Bank,Google Play
Begid new emde,2,2024-12-20,Awash Bank,Google Play
It is very important app to transfer money to the bank account. Thanks,5,2024-12-20,Awash Bank,Google Play
Amazing,5,2024-12-20,Awash Bank,Google Play
Good,5,2024-12-20,Awash Bank,Google Play
"It's great app i ever seen, the best mobile banking application",5,2024-12-20,Awash Bank,Google Play
Best bank forever,5,2024-12-19,Awash Bank,Google Play
My lovely bank,5,2024-12-19,Awash Bank,Google Play
It's ease and good,4,2024-12-19,Awash Bank,Google Play
Nice,3,2024-12-19,Awash Bank,Google Play
Multiple service,5,2024-12-19,Awash Bank,Google Play
Hjisk,5,2024-12-19,Awash Bank,Google Play
Thanks very much abundantly,5,2024-12-19,Awash Bank,Google Play
Very good,5,2024-12-19,Awash Bank,Google Play
best,5,2024-12-19,Awash Bank,Google Play
Very good,5,2024-12-19,Awash Bank,Google Play
V.good 0132051...400,4,2024-12-19,Awash Bank,Google Play
It's easy to use,5,2024-12-19,Awash Bank,Google Play
Very simple and understandable to use,1,2024-12-19,Awash Bank,Google Play
It's good,2,2024-12-19,Awash Bank,Google Play
Best,5,2024-12-19,Awash Bank,Google Play
Beast,5,2024-12-19,Awash Bank,Google Play
Good,5,2024-12-19,Awash Bank,Google Play
Good,5,2024-12-19,Awash Bank,Google Play
Very nice,5,2024-12-19,Awash Bank,Google Play
Good work,5,2024-12-19,Awash Bank,Google Play
Excellent,5,2024-12-19,Awash Bank,Google Play
Good,3,2024-12-19,Awash Bank,Google Play
Is very good app to use interesting,5,2024-12-19,Awash Bank,Google Play
Positive,5,2024-12-19,Awash Bank,Google Play
Good,4,2024-12-19,Awash Bank,Google Play
Very nice,1,2024-12-19,Awash Bank,Google Play
It is a good application,3,2024-12-19,Awash Bank,Google Play
10 years of experience,3,2024-12-19,Awash Bank,Google Play
Easy,4,2024-12-19,Awash Bank,Google Play
Best,5,2024-12-19,Awash Bank,Google Play
It is the best apps,5,2024-12-19,Awash Bank,Google Play
Good,5,2024-12-19,Awash Bank,Google Play
Good,5,2024-12-19,Awash Bank,Google Play
Fast and good network,4,2024-12-19,Awash Bank,Google Play
It says not compatible,5,2024-12-19,Awash Bank,Google Play
Great,5,2024-12-19,Awash Bank,Google Play
Really very easy to use,5,2024-12-19,Awash Bank,Google Play
I have got Very nice service all the time In every branch,5,2024-12-19,Awash Bank,Google Play
Peyment,5,2024-12-19,Awash Bank,Google Play
My app isn't working for 2 days,1,2024-12-19,Awash Bank,Google Play
Good app,5,2024-12-19,Awash Bank,Google Play
Great,5,2024-12-19,Awash Bank,Google Play
Not to bad,3,2024-12-19,Awash Bank,Google Play
Good,5,2024-12-19,Awash Bank,Google Play
Good one,1,2024-12-19,Awash Bank,Google Play
It delays to process,1,2024-12-19,Awash Bank,Google Play
Good,5,2024-12-19,Awash Bank,Google Play
Good app for me&,5,2024-12-19,Awash Bank,Google Play
Nice,4,2024-12-19,Awash Bank,Google Play
Har'a malee durillee gaarii ture,4,2024-12-19,Awash Bank,Google Play
Awash the great! Nurturing like the lake. Great app with user friendly experience and interface.,5,2024-12-19,Awash Bank,Google Play
Excellent,5,2024-12-19,Awash Bank,Google Play
Its good,5,2024-12-19,Awash Bank,Google Play
Best app i love ot!,4,2024-12-19,Awash Bank,Google Play
I am Confortable,5,2024-12-19,Awash Bank,Google Play
So far good,5,2024-12-19,Awash Bank,Google Play
goood,3,2024-12-19,Awash Bank,Google Play
it's a great application that I choose for my all business,5,2024-12-19,Awash Bank,Google Play
Good,5,2024-12-19,Awash Bank,Google Play
It is helpful and easy to use .,5,2024-12-19,Awash Bank,Google Play
Ok,5,2024-12-19,Awash Bank,Google Play
This app is fast,5,2024-12-19,Awash Bank,Google Play
Ok,5,2024-12-19,Awash Bank,Google Play
😏😏😏😏😏😏😏,1,2024-12-19,Awash Bank,Google Play
Nice,5,2024-12-19,Awash Bank,Google Play
Good,1,2024-12-19,Awash Bank,Google Play
Best,4,2024-12-19,Awash Bank,Google Play
Best and fast,3,2024-12-19,Awash Bank,Google Play
Good,5,2024-12-19,Awash Bank,Google Play
Good,5,2024-12-19,Awash Bank,Google Play
Great,5,2024-12-19,Awash Bank,Google Play
Good,5,2024-12-19,Awash Bank,Google Play
It is Nice app .,5,2024-12-19,Awash Bank,Google Play
This app is so nice and easy to operate,4,2024-12-19,Awash Bank,Google Play
This App Is Very Fast And Easy,4,2024-12-19,Awash Bank,Google Play
Awful,1,2024-12-19,Awash Bank,Google Play
It is easy to use,1,2024-12-19,Awash Bank,Google Play
Very good,5,2024-12-19,Awash Bank,Google Play
Good,5,2024-12-19,Awash Bank,Google Play
Very good App. I like it,5,2024-12-19,Awash Bank,Google Play
exlent service,5,2024-12-19,Awash Bank,Google Play
ጥሩ ነው,5,2024-12-19,Awash Bank,Google Play
"The best ever app ,awash birr pro",5,2024-12-19,Awash Bank,Google Play
Is It Imposible To Tranisfer To Other Bank,5,2024-12-19,Awash Bank,Google Play
The best app,5,2024-12-19,Awash Bank,Google Play
nice app,5,2024-12-19,Awash Bank,Google Play
It is good,5,2024-12-19,Awash Bank,Google Play
Nice,5,2024-12-19,Awash Bank,Google Play
Nice,3,2024-12-19,Awash Bank,Google Play
It's the best app,5,2024-12-19,Awash Bank,Google Play
Good and fast,5,2024-12-19,Awash Bank,Google Play
nice,5,2024-12-19,Awash Bank,Google Play
The app did not recommend frequently used transactions.,5,2024-12-19,Awash Bank,Google Play
it's good platform thanks awash bank,5,2024-12-19,Awash Bank,Google Play
Nice,4,2024-12-19,Awash Bank,Google Play
Interesting,5,2024-12-19,Awash Bank,Google Play
👍 good,1,2024-12-19,Awash Bank,Google Play
Nice,5,2024-12-19,Awash Bank,Google Play
Very good,5,2024-12-19,Awash Bank,Google Play
Very nice appa,5,2024-12-19,Awash Bank,Google Play
It's very interesting,5,2024-12-19,Awash Bank,Google Play
Very good app,4,2024-12-19,Awash Bank,Google Play
It's good app.,5,2024-12-19,Awash Bank,Google Play
Best,5,2024-12-19,Awash Bank,Google Play
Nicely doneù,4,2024-12-19,Awash Bank,Google Play
Good,4,2024-12-19,Awash Bank,Google Play
1 year,5,2024-12-19,Awash Bank,Google Play
All,5,2024-12-19,Awash Bank,Google Play
good,5,2024-12-19,Awash Bank,Google Play
Good,5,2024-12-19,Awash Bank,Google Play
Good,5,2024-12-19,Awash Bank,Google Play
Good service,5,2024-12-19,Awash Bank,Google Play
Good very,5,2024-12-19,Awash Bank,Google Play
Its good and i use it,5,2024-12-19,Awash Bank,Google Play
Good,3,2024-12-19,Awash Bank,Google Play
I love this app,5,2024-12-19,Awash Bank,Google Play
Great,5,2024-12-19,Awash Bank,Google Play
working hard,5,2024-12-19,Awash Bank,Google Play
good,1,2024-12-19,Awash Bank,Google Play
Excellent,5,2024-12-19,Awash Bank,Google Play
Good,1,2024-12-19,Awash Bank,Google Play
I am happy,4,2024-12-19,Awash Bank,Google Play
Good,5,2024-12-19,Awash Bank,Google Play
Good,5,2024-12-19,Awash Bank,Google Play
Best,5,2024-12-19,Awash Bank,Google Play
Why u disturbing customers,1,2024-12-19,Awash Bank,Google Play
Best,5,2024-12-19,Awash Bank,Google Play
Good,5,2024-12-19,Awash Bank,Google Play
Good,3,2024-12-19,Awash Bank,Google Play
It's vary easy to use it thank you keep it your good job,5,2024-12-19,Awash Bank,Google Play
Wow das yilal,4,2024-12-19,Awash Bank,Google Play
Good,4,2024-12-19,Awash Bank,Google Play
Nice,5,2024-12-19,Awash Bank,Google Play
Melka nonoo,5,2024-12-19,Awash Bank,Google Play
This good app,4,2024-12-19,Awash Bank,Google Play
Good,5,2024-12-19,Awash Bank,Google Play
Good,5,2024-12-19,Awash Bank,Google Play
Amazing,5,2024-12-19,Awash Bank,Google Play
Very nice,5,2024-12-19,Awash Bank,Google Play
Best app,5,2024-12-19,Awash Bank,Google Play
Good,5,2024-12-19,Awash Bank,Google Play
Stupid,4,2024-12-19,Awash Bank,Google Play
Excellent,5,2024-12-19,Awash Bank,Google Play
Good app,5,2024-12-19,Awash Bank,Google Play
ok,5,2024-12-19,Awash Bank,Google Play
Its good app,5,2024-12-19,Awash Bank,Google Play
Good,5,2024-12-19,Awash Bank,Google Play
Amazing App,3,2024-12-19,Awash Bank,Google Play
gdkhe,1,2024-12-19,Awash Bank,Google Play
Good,5,2024-12-19,Awash Bank,Google Play
Very good,1,2024-12-19,Awash Bank,Google Play
Best app and easy to access.,5,2024-12-19,Awash Bank,Google Play
Good,1,2024-12-19,Awash Bank,Google Play
Good,5,2024-12-19,Awash Bank,Google Play
Good experience,5,2024-12-19,Awash Bank,Google Play
Awesome app,5,2024-12-19,Awash Bank,Google Play
This app is smart and very fast for any service,5,2024-12-19,Awash Bank,Google Play
Wow,5,2024-12-19,Awash Bank,Google Play
Very good AwashBank,5,2024-12-19,Awash Bank,Google Play
its not bad but its not that good too try to make it reliable,3,2024-12-19,Awash Bank,Google Play
Good,5,2024-12-19,Awash Bank,Google Play
Very good,5,2024-12-19,Awash Bank,Google Play
Goof,5,2024-12-19,Awash Bank,Google Play
Poor system,1,2024-12-19,Awash Bank,Google Play
Satisfied,5,2024-12-19,Awash Bank,Google Play
Very good,5,2024-12-19,Awash Bank,Google Play
Nice,4,2024-12-19,Awash Bank,Google Play
Nice,4,2024-12-19,Awash Bank,Google Play
Good,5,2024-12-19,Awash Bank,Google Play
Wow,5,2024-12-19,Awash Bank,Google Play
Excellent App,5,2024-12-19,Awash Bank,Google Play
Excellent app,5,2024-12-19,Awash Bank,Google Play
good,4,2024-12-19,Awash Bank,Google Play
Good,4,2024-12-19,Awash Bank,Google Play
very smart,5,2024-12-19,Awash Bank,Google Play
Good app,5,2024-12-19,Awash Bank,Google Play
Very good very nice,5,2024-12-19,Awash Bank,Google Play
It is very simple and always working,5,2024-12-19,Awash Bank,Google Play
Best,5,2024-12-19,Awash Bank,Google Play
Best app,5,2024-12-19,Awash Bank,Google Play
Best and Friendly Up,5,2024-12-19,Awash Bank,Google Play
Fast and consistent,5,2024-12-19,Awash Bank,Google Play
Good,5,2024-12-19,Awash Bank,Google Play
Superb,5,2024-12-19,Awash Bank,Google Play
Good service.,5,2024-12-19,Awash Bank,Google Play
I like this Awashbirr pro,5,2024-12-19,Awash Bank,Google Play
Best app,4,2024-12-19,Awash Bank,Google Play
Awash mobile banking is fantastic and indescribable,5,2024-12-19,Awash Bank,Google Play
Good,5,2024-12-19,Awash Bank,Google Play
It is the best app ever,5,2024-12-19,Awash Bank,Google Play
It is best app.,5,2024-12-19,Awash Bank,Google Play
Good,5,2024-12-19,Awash Bank,Google Play
Good one,5,2024-12-19,Awash Bank,Google Play
It is good except some intruption,5,2024-12-19,Awash Bank,Google Play
Nice,5,2024-12-19,Awash Bank,Google Play
Nice,5,2024-12-19,Awash Bank,Google Play
Best app,5,2024-12-19,Awash Bank,Google Play
Very good,4,2024-12-19,Awash Bank,Google Play
Nice app,5,2024-12-19,Awash Bank,Google Play
Very nice app,5,2024-12-19,Awash Bank,Google Play
Best,5,2024-12-19,Awash Bank,Google Play
Good,5,2024-12-19,Awash Bank,Google Play
Are uuuuuuuuuuu,3,2024-12-19,Awash Bank,Google Play
Wonderful app,5,2024-12-19,Awash Bank,Google Play
Smart,5,2024-12-19,Awash Bank,Google Play
Goodapp,5,2024-12-19,Awash Bank,Google Play
Usual,5,2024-12-19,Awash Bank,Google Play
Doesnt work on weekends,3,2024-12-19,Awash Bank,Google Play
Best,5,2024-12-19,Awash Bank,Google Play
Fastest and letst app,5,2024-12-19,Awash Bank,Google Play
Slow,1,2024-12-19,Awash Bank,Google Play
Good,5,2024-12-19,Awash Bank,Google Play
Doctor,5,2024-12-19,Awash Bank,Google Play
Good keep it up,5,2024-12-19,Awash Bank,Google Play
good,5,2024-12-19,Awash Bank,Google Play
Nice app,5,2024-12-19,Awash Bank,Google Play
very nice,5,2024-12-19,Awash Bank,Google Play
It is agreeable for all.,5,2024-12-19,Awash Bank,Google Play
Great,5,2024-12-19,Awash Bank,Google Play
Nice app,5,2024-12-19,Awash Bank,Google Play
Thank you,5,2024-12-19,Awash Bank,Google Play
Nice,5,2024-12-19,Awash Bank,Google Play
Its veey good for me,5,2024-12-19,Awash Bank,Google Play
Reupdate,5,2024-12-19,Awash Bank,Google Play
Good,4,2024-12-19,Awash Bank,Google Play
Good,5,2024-12-19,Awash Bank,Google Play
Great,5,2024-12-19,Awash Bank,Google Play
good app,5,2024-12-19,Awash Bank,Google Play
Its good but when you transfer to other bank it has network problem,4,2024-12-19,Awash Bank,Google Play
This app is so efficient and easier to use. ⭐⭐⭐⭐⭐,5,2024-12-19,Awash Bank,Google Play
very good,5,2024-12-19,Awash Bank,Google Play
It's good,4,2024-12-19,Awash Bank,Google Play
Great Application,5,2024-12-19,Awash Bank,Google Play
Best,5,2024-12-19,Awash Bank,Google Play
Awesome app,5,2024-12-19,Awash Bank,Google Play
Good,5,2024-12-19,Awash Bank,Google Play
Dje,5,2024-12-19,Awash Bank,Google Play
Good,5,2024-12-19,Awash Bank,Google Play
It very nice supper app,5,2024-12-19,Awash Bank,Google Play
Best,5,2024-12-19,Awash Bank,Google Play
Nice,5,2024-12-19,Awash Bank,Google Play
nice app,5,2024-12-19,Awash Bank,Google Play
wow amazing,5,2024-12-19,Awash Bank,Google Play
bes,2,2024-12-19,Awash Bank,Google Play
ረሰመተ,5,2024-12-19,Awash Bank,Google Play
I am satisfied with this app,5,2024-12-19,Awash Bank,Google Play
Best,5,2024-12-19,Awash Bank,Google Play
It's great,2,2024-12-19,Awash Bank,Google Play
4 student,5,2024-12-19,Awash Bank,Google Play
It is good in financial perfoemance,5,2024-12-19,Awash Bank,Google Play
Nice app,2,2024-12-19,Awash Bank,Google Play
Transfer,5,2024-12-19,Awash Bank,Google Play
nice,5,2024-12-19,Awash Bank,Google Play
I like it,1,2024-12-19,Awash Bank,Google Play
Like it,5,2024-12-19,Awash Bank,Google Play
Good,4,2024-12-19,Awash Bank,Google Play
It's good keep it up,5,2024-12-19,Awash Bank,Google Play
Perfect but better to view list of previous transaction,4,2024-12-19,Awash Bank,Google Play
Good,5,2024-12-19,Awash Bank,Google Play
Good,5,2024-12-19,Awash Bank,Google Play
Good application ever,5,2024-12-19,Awash Bank,Google Play
best,5,2024-12-19,Awash Bank,Google Play
Good,5,2024-12-19,Awash Bank,Google Play
Yes Of Corese,5,2024-12-19,Awash Bank,Google Play
great,5,2024-12-19,Awash Bank,Google Play
Amazing,4,2024-12-19,Awash Bank,Google Play
Good app,5,2024-12-19,Awash Bank,Google Play
The update is making it not work,4,2024-12-19,Awash Bank,Google Play
Zim,1,2024-12-19,Awash Bank,Google Play
Good,4,2024-12-19,Awash Bank,Google Play
Fyus,5,2024-12-19,Awash Bank,Google Play
Best application,5,2024-12-19,Awash Bank,Google Play
ጰጰጰ,5,2024-12-19,Awash Bank,Google Play
Good,5,2024-12-19,Awash Bank,Google Play
none,3,2024-12-19,Awash Bank,Google Play
Nice app,5,2024-12-19,Awash Bank,Google Play
Its easy to use and clear,3,2024-12-19,Awash Bank,Google Play
1 year,2,2024-12-19,Awash Bank,Google Play
good,4,2024-12-19,Awash Bank,Google Play
Not Good app,1,2024-12-19,Awash Bank,Google Play
10 years,5,2024-12-19,Awash Bank,Google Play
Best,5,2024-12-19,Awash Bank,Google Play
Good,5,2024-12-19,Awash Bank,Google Play
very good,5,2024-12-19,Awash Bank,Google Play
Good,5,2024-12-19,Awash Bank,Google Play
Ok,5,2024-12-19,Awash Bank,Google Play
Good,4,2024-12-19,Awash Bank,Google Play
Good bank 👍,5,2024-12-19,Awash Bank,Google Play
Best,5,2024-12-19,Awash Bank,Google Play
It's good one,5,2024-12-19,Awash Bank,Google Play
Wow,4,2024-12-19,Awash Bank,Google Play
"This App is good, It doesn't halt when using it. When you open it, it's very clear and is fast. I like this App.",4,2024-12-19,Awash Bank,Google Play
Very interesting and reliable,5,2024-12-19,Awash Bank,Google Play
Good,5,2024-12-19,Awash Bank,Google Play
Wjoshoks,5,2024-12-19,Awash Bank,Google Play
Good it is fast,4,2024-12-19,Awash Bank,Google Play
Yes it's z best,5,2024-12-19,Awash Bank,Google Play
Pay,4,2024-12-19,Awash Bank,Google Play
Nice,5,2024-12-19,Awash Bank,Google Play
nice,5,2024-12-19,Awash Bank,Google Play
good,4,2024-12-19,Awash Bank,Google Play
Good,5,2024-12-19,Awash Bank,Google Play
Nice ap,5,2024-12-19,Awash Bank,Google Play
interested,5,2024-12-19,Awash Bank,Google Play
Best,4,2024-12-19,Awash Bank,Google Play
Good service,5,2024-12-19,Awash Bank,Google Play
Good,5,2024-12-19,Awash Bank,Google Play
It is an easy and fast money transfer app for users from any where and every time. Thanks!,5,2024-12-19,Awash Bank,Google Play
Good app,5,2024-12-19,Awash Bank,Google Play
Perfect,5,2024-12-19,Awash Bank,Google Play
It keeps on getting stuck,1,2024-12-19,Awash Bank,Google Play
It is good but you can still improve with new update,4,2024-12-19,Awash Bank,Google Play
Great,5,2024-12-19,Awash Bank,Google Play
"It was excellent service yesterday, but today I can't transfer . Please advise . Best regards",5,2024-12-19,Awash Bank,Google Play
Good,3,2024-12-19,Awash Bank,Google Play
Ok,1,2024-12-19,Awash Bank,Google Play
Good,5,2024-12-19,Awash Bank,Google Play
Wow,5,2024-12-19,Awash Bank,Google Play
Goid,5,2024-12-19,Awash Bank,Google Play
Why I can't transfer to other banks,5,2024-12-19,Awash Bank,Google Play
Helpful,5,2024-12-19,Awash Bank,Google Play
Nice app!,5,2024-12-19,Awash Bank,Google Play
Satisfied,5,2024-12-19,Awash Bank,Google Play
it does not work,5,2024-12-19,Awash Bank,Google Play
Won't make transfer very annoyed,1,2024-12-19,Awash Bank,Google Play
Nice app,5,2024-12-19,Awash Bank,Google Play
Good app,4,2024-12-19,Awash Bank,Google Play
👌,5,2024-12-19,Awash Bank,Google Play
Nice app but not functional with limited network,3,2024-12-19,Awash Bank,Google Play
nice,3,2024-12-19,Awash Bank,Google Play
Wonderful!!,5,2024-12-19,Awash Bank,Google Play
Best,5,2024-12-19,Awash Bank,Google Play
Bra,5,2024-12-19,Awash Bank,Google Play
"This great, the fastest among major banks in the country",4,2024-12-19,Awash Bank,Google Play
Great and friendly app!,4,2024-12-19,Awash Bank,Google Play
Good app,5,2024-12-19,Awash Bank,Google Play
"I am happy wiyhis app, its active and it meets all the craterias.",5,2024-12-19,Awash Bank,Google Play
Thank u,4,2024-12-19,Awash Bank,Google Play
NICE,5,2024-12-19,Awash Bank,Google Play
Great,5,2024-12-19,Awash Bank,Google Play
Pay,5,2024-12-19,Awash Bank,Google Play
Very good,5,2024-12-19,Awash Bank,Google Play
Very good,4,2024-12-19,Awash Bank,Google Play
good perfect,5,2024-12-19,Awash Bank,Google Play
Simply amazing,5,2024-12-19,Awash Bank,Google Play
It a bit problem of consistency,3,2024-12-19,Awash Bank,Google Play
It's is good but some things wrong It's has airtime to take difficult it's don't allowed to take it I do know why,1,2024-12-19,Awash Bank,Google Play
Very nice app,4,2024-12-19,Awash Bank,Google Play
Good,5,2024-12-19,Awash Bank,Google Play
The apps good,2,2024-12-19,Awash Bank,Google Play
Nic,3,2024-12-19,Awash Bank,Google Play
Ok,5,2024-12-19,Awash Bank,Google Play
Good,4,2024-12-19,Awash Bank,Google Play
Boring,1,2024-12-19,Awash Bank,Google Play
Its good,4,2024-12-19,Awash Bank,Google Play
That was good,4,2024-12-19,Awash Bank,Google Play
Good app,5,2024-12-19,Awash Bank,Google Play
Keep it,4,2024-12-19,Awash Bank,Google Play
Good,5,2024-12-19,Awash Bank,Google Play
Best,4,2024-12-19,Awash Bank,Google Play
Good App,4,2024-12-19,Awash Bank,Google Play
Its bad,2,2024-12-19,Awash Bank,Google Play
Good,1,2024-12-19,Awash Bank,Google Play
Smart,5,2024-12-19,Awash Bank,Google Play
Best,5,2024-12-19,Awash Bank,Google Play
Good experience,5,2024-12-19,Awash Bank,Google Play
Nice,5,2024-12-19,Awash Bank,Google Play
Great,5,2024-12-19,Awash Bank,Google Play
It's very nice,5,2024-12-19,Awash Bank,Google Play
Transactions speed is very low,3,2024-12-19,Awash Bank,Google Play
Why stoped work for me?,5,2024-12-19,Awash Bank,Google Play
Kardi,2,2024-12-19,Awash Bank,Google Play
User friendly,5,2024-12-19,Awash Bank,Google Play
Best app from all commercial banks,5,2024-12-19,Awash Bank,Google Play
Awash birr pro app is not working now,1,2024-12-19,Awash Bank,Google Play
Good service,5,2024-12-19,Awash Bank,Google Play
Nice,5,2024-12-19,Awash Bank,Google Play
Nice,5,2024-12-19,Awash Bank,Google Play
Best,5,2024-12-19,Awash Bank,Google Play
Nice app,4,2024-12-19,Awash Bank,Google Play
Excellent,5,2024-12-19,Awash Bank,Google Play
"Very good app, to facilitate daily Expense.",5,2024-12-19,Awash Bank,Google Play
Very good service,5,2024-12-19,Awash Bank,Google Play
good app,5,2024-12-19,Awash Bank,Google Play
nothing negative,5,2024-12-19,Awash Bank,Google Play
Good,5,2024-12-19,Awash Bank,Google Play
best,3,2024-12-19,Awash Bank,Google Play
Driver,4,2024-12-19,Awash Bank,Google Play
Good,4,2024-12-19,Awash Bank,Google Play
Boring,5,2024-12-19,Awash Bank,Google Play
Nice,1,2024-12-19,Awash Bank,Google Play
Perefect,5,2024-12-19,Awash Bank,Google Play
Good apps,5,2024-12-19,Awash Bank,Google Play
Good service,5,2024-12-19,Awash Bank,Google Play
Good app,5,2024-12-19,Awash Bank,Google Play
Am one of the best your customer th ank you for an excellent service,5,2024-12-19,Awash Bank,Google Play
best app,5,2024-12-19,Awash Bank,Google Play
This app is really amaizing i have some comnents like cbe mobile banking app registor all transactions.,5,2024-12-19,Awash Bank,Google Play
Amazing app,5,2024-12-19,Awash Bank,Google Play
Sometimes it takes to play store,4,2024-12-19,Awash Bank,Google Play
Not bad,3,2024-12-19,Awash Bank,Google Play
Great service,5,2024-12-19,Awash Bank,Google Play
Good,5,2024-12-19,Awash Bank,Google Play
Exelent,5,2024-12-19,Awash Bank,Google Play
Good app,4,2024-12-19,Awash Bank,Google Play
Good,2,2024-12-19,Awash Bank,Google Play
Its good !,1,2024-12-19,Awash Bank,Google Play
very slow,3,2024-12-19,Awash Bank,Google Play
Nice app,5,2024-12-19,Awash Bank,Google Play
Workable app,5,2024-12-19,Awash Bank,Google Play
Great,4,2024-12-19,Awash Bank,Google Play
Good app 👍🏿,5,2024-12-19,Awash Bank,Google Play
Amazing app,5,2024-12-19,Awash Bank,Google Play
best,5,2024-12-19,Awash Bank,Google Play
It's nice,5,2024-12-19,Awash Bank,Google Play
Application is genuine,4,2024-12-19,Awash Bank,Google Play
Goat,5,2024-12-19,Awash Bank,Google Play
Food,5,2024-12-19,Awash Bank,Google Play
Nice easy fasr,5,2024-12-19,Awash Bank,Google Play
Good,1,2024-12-19,Awash Bank,Google Play
Better,5,2024-12-19,Awash Bank,Google Play
Nice,5,2024-12-19,Awash Bank,Google Play
Good,5,2024-12-19,Awash Bank,Google Play
Fast and precise app,5,2024-12-19,Awash Bank,Google Play
it best app,5,2024-12-19,Awash Bank,Google Play
What is problem this app,5,2024-12-19,Awash Bank,Google Play
Very nice app,5,2024-12-19,Awash Bank,Google Play
Too bad,1,2024-12-19,Awash Bank,Google Play
Good,2,2024-12-19,Awash Bank,Google Play
Tuhh,5,2024-12-19,Awash Bank,Google Play
I proud by awash bank,5,2024-12-19,Awash Bank,Google Play
good,4,2024-12-19,Awash Bank,Google Play
Good,5,2024-12-19,Awash Bank,Google Play
It would be better,5,2024-12-19,Awash Bank,Google Play
I can't access anything,1,2024-12-19,Awash Bank,Google Play
ok hfd,5,2024-12-19,Awash Bank,Google Play
Smart app,5,2024-12-19,Awash Bank,Google Play
best,5,2024-12-19,Awash Bank,Google Play
Nice,5,2024-12-19,Awash Bank,Google Play
Good,5,2024-12-19,Awash Bank,Google Play
Good,3,2024-12-19,Awash Bank,Google Play
Good service,3,2024-12-19,Awash Bank,Google Play
nice,5,2024-12-19,Awash Bank,Google Play
a very good app and easy to use.,4,2024-12-19,Awash Bank,Google Play
Nice,5,2024-12-19,Awash Bank,Google Play
Trustful,5,2024-12-19,Awash Bank,Google Play
Nice app,5,2024-12-19,Awash Bank,Google Play
Waldaa,4,2024-12-19,Awash Bank,Google Play
Excellent service.,5,2024-12-19,Awash Bank,Google Play
Very good,5,2024-12-19,Awash Bank,Google Play
Cool,2,2024-12-19,Awash Bank,Google Play
It is usually disabled by the system and inefficient.,2,2024-12-19,Awash Bank,Google Play
Best app,5,2024-12-19,Awash Bank,Google Play
Good,5,2024-12-19,Awash Bank,Google Play
Best app,5,2024-12-19,Awash Bank,Google Play
👍,5,2024-12-19,Awash Bank,Google Play
It's the best application 👍👍👍,5,2024-12-19,Awash Bank,Google Play
Good app,5,2024-12-19,Awash Bank,Google Play
Very good user interface,5,2024-12-19,Awash Bank,Google Play
Good,5,2024-12-19,Awash Bank,Google Play
Nice,5,2024-12-19,Awash Bank,Google Play
Perfect,5,2024-12-19,Awash Bank,Google Play
Good application Easy to use,4,2024-12-19,Awash Bank,Google Play
Good app,5,2024-12-19,Awash Bank,Google Play
Best banking interest,5,2024-12-19,Awash Bank,Google Play
Nice app,5,2024-12-18,Awash Bank,Google Play
good,5,2024-12-17,Awash Bank,Google Play
I love it this best app,5,2024-12-16,Awash Bank,Google Play
It is good app,5,2024-12-16,Awash Bank,Google Play
Wow,5,2024-12-15,Awash Bank,Google Play
"When it's too slow, the app waits too long for card service it's not work less than 10 birr what does it means? and another one is it's not work with out package like tele-birr apps, commercial app why?",1,2024-12-14,Awash Bank,Google Play
Fast and relaiable for given services than you.,5,2024-12-14,Awash Bank,Google Play
Just incredible,5,2024-12-13,Awash Bank,Google Play
By sociology and social anthropology,5,2024-12-13,Awash Bank,Google Play
It is an amsizing app just use it.,5,2024-12-12,Awash Bank,Google Play
"It's my bank ! Reliable system ,Free from theft we love you so much Long live us!❤️❤️❤️❤️❤️ I am really happy with you It is an amazing apps ❤️🙏💪💪 Awash is bank am rely on it !!!",5,2024-12-12,Awash Bank,Google Play
Good service,5,2024-12-11,Awash Bank,Google Play
intially it was working well but lately I encountered a problem to useit. I uninstall the App and i reinstall again and the same problem appear and finally i removed from my Mobile Phone . Please make un updated and correction for this corrupted App since it is dealing with Finance.,1,2024-12-10,Awash Bank,Google Play
Good work,5,2024-12-09,Awash Bank,Google Play
Good,5,2024-12-07,Awash Bank,Google Play
More,5,2024-12-07,Awash Bank,Google Play
It's a Great 👍 application and Easily accessible. Thanks,4,2024-12-06,Awash Bank,Google Play
Ok,5,2024-12-06,Awash Bank,Google Play
Awash birr pro is the best digital tranzaction,5,2024-12-05,Awash Bank,Google Play
Wow,5,2024-12-05,Awash Bank,Google Play
Best bank 🏦 Awash,5,2024-12-04,Awash Bank,Google Play
Waw,5,2024-12-03,Awash Bank,Google Play
I could go for 5 stars but nothing is perfect on earth,4,2024-12-02,Awash Bank,Google Play
Simple and comfortable to use.,5,2024-12-02,Awash Bank,Google Play
wow it is amazing apk የሚገርም ፈጣን እና ቀላል መተግበሪያ ስለመሆኖ እኔ አረጋግጣለሁ አመሠግናለሁ,5,2024-11-30,Awash Bank,Google Play
Amazing application!,5,2024-11-30,Awash Bank,Google Play
make it to use friendly,1,2024-11-29,Awash Bank,Google Play
ምርጥ,5,2024-11-29,Awash Bank,Google Play
Great app,5,2024-11-29,Awash Bank,Google Play
Awash pay nice app,5,2024-11-27,Awash Bank,Google Play
Wonderful application. Recommend every one to try it,5,2024-11-26,Awash Bank,Google Play
Good to use,5,2024-11-26,Awash Bank,Google Play
Keep it up!! Itti fufaa ammallee!!,5,2024-11-26,Awash Bank,Google Play
I have used awash Birr Pro to multi function like send money Utility payment receive money and so on,5,2024-11-23,Awash Bank,Google Play
Smart app love it,4,2024-11-23,Awash Bank,Google Play
I like it,5,2024-11-22,Awash Bank,Google Play
Awash birr por,5,2024-11-22,Awash Bank,Google Play
The app is not working on my device. And the previous app is not working. I'm just using it for checking balance. I can't send money to any other bank accounts. If this continues I'm afraid I'll shift to other banks. I expect more from awash.,1,2024-11-22,Awash Bank,Google Play
Good,5,2024-11-22,Awash Bank,Google Play
Darbee darbee Yeroo tokko tokko haa rakkisu malee saffisaa gaarii qaba.,5,2024-11-21,Awash Bank,Google Play
Good,5,2024-11-20,Awash Bank,Google Play
Good,4,2024-11-20,Awash Bank,Google Play
Perfect Mobile banking app👏,5,2024-11-19,Awash Bank,Google Play
Good 👍,5,2024-11-18,Awash Bank,Google Play
It's safest way to use transaction,4,2024-11-18,Awash Bank,Google Play
Extraordinary app 👌,5,2024-11-18,Awash Bank,Google Play
Amazing app,5,2024-11-14,Awash Bank,Google Play
Good,5,2024-11-13,Awash Bank,Google Play
This banik is best,5,2024-11-13,Awash Bank,Google Play
👍👍👍 good,5,2024-11-12,Awash Bank,Google Play
Best,5,2024-11-11,Awash Bank,Google Play
This application has come with many improvements.,5,2024-11-10,Awash Bank,Google Play
My first choice,5,2024-11-09,Awash Bank,Google Play
አፑ ከፎ ቀይሬ አሎርድም ብሎኛል በፊት ቀምጠቀመው ቀፎ ጋር ተገናኝቶዋል እንቢ አለኝ,5,2024-11-08,Awash Bank,Google Play
"Please help me When I entered the code in the last step, it refused saying First name is required, what should I do?",5,2024-11-08,Awash Bank,Google Play
Good,1,2024-11-07,Awash Bank,Google Play
App baredaa jiradhaa. Itti fufaa,5,2024-11-07,Awash Bank,Google Play
Best one app,5,2024-11-06,Awash Bank,Google Play
Best,3,2024-11-06,Awash Bank,Google Play
Good 👍👍 app,5,2024-11-06,Awash Bank,Google Play
Its good,5,2024-11-04,Awash Bank,Google Play
Thanks Awash bank teams. I really appreciate your efforts in digital platforms!! Keep moving forward!!,5,2024-11-04,Awash Bank,Google Play
SUBSCRIBE,3,2024-11-04,Awash Bank,Google Play
Best app! love it.,5,2024-11-03,Awash Bank,Google Play
Realy appreciated walahi for transfering bjt this nawadays you will not find when you transfer maney to other banks like ebir coopi so as as customer please find solution for that,5,2024-11-01,Awash Bank,Google Play
Its a good application,5,2024-11-01,Awash Bank,Google Play
Good,5,2024-11-01,Awash Bank,Google Play
A nice app with necessary details and transparency. Great!,5,2024-10-31,Awash Bank,Google Play
Nice it makes easy my life but some network problem and finger unlock doesn't work.,4,2024-10-30,Awash Bank,Google Play
Fattest App,1,2024-10-30,Awash Bank,Google Play
Awash pro is best ever app,5,2024-10-30,Awash Bank,Google Play
Hi awash birr pro,5,2024-10-29,Awash Bank,Google Play
It's the most convenient,5,2024-10-29,Awash Bank,Google Play
Best app,4,2024-10-29,Awash Bank,Google Play
super 💯,5,2024-10-28,Awash Bank,Google Play
AWASH BANK'S AWASH BIRR PRO THE MOST FAST AND INTERESTING APP,5,2024-10-26,Awash Bank,Google Play
"The most reliable service, Keep it on!",5,2024-10-26,Awash Bank,Google Play
They are not for urgent time.,1,2024-10-25,Awash Bank,Google Play
Nic,5,2024-10-24,Awash Bank,Google Play
Very excellent,5,2024-10-24,Awash Bank,Google Play
I am using the APP to pay my baby 👶 school 🏫 fee.it so much better and everyone use it.,5,2024-10-23,Awash Bank,Google Play
I like very much this upp,5,2024-10-23,Awash Bank,Google Play
Best,5,2024-10-19,Awash Bank,Google Play
"Hello my Bank, I'm Abraham moges worku from Ethiopia your member i need to get permission of you to receive money from My online digital work's over the world please? I achieved a lot of money but, can't get still. some are losing by not withdraw on time please can I get the accusing ?",5,2024-10-18,Awash Bank,Google Play
Install,5,2024-10-18,Awash Bank,Google Play
Pleace,3,2024-10-16,Awash Bank,Google Play
Fast and easy to use.,5,2024-10-15,Awash Bank,Google Play
It doesn't work on all types of phones you have to fix it,2,2024-10-14,Awash Bank,Google Play
Cannot install it because it has been marked as not compatible to my phone (Samsung A03),2,2024-10-14,Awash Bank,Google Play
Very fantastic app I like it.,5,2024-10-12,Awash Bank,Google Play
Nice I like this up,5,2024-10-11,Awash Bank,Google Play
Good,5,2024-10-11,Awash Bank,Google Play
Ruted,5,2024-10-10,Awash Bank,Google Play
Easy way,5,2024-10-08,Awash Bank,Google Play
Amazing,5,2024-10-07,Awash Bank,Google Play
"Fayyadamaaf salphaa, ariifataafi Amansiisadha. Awaash bank baayyen sin jaaladha",5,2024-10-05,Awash Bank,Google Play
It can't work on new Huawie pura 70 ultra phone. Why? I have tried to check many branches but no one can solve the problem. Please see the problem and try to put some solutions.,1,2024-10-03,Awash Bank,Google Play
Easy to use,5,2024-10-02,Awash Bank,Google Play
Very interesting user interface and best mabile app with compitative feature and banking service,5,2024-10-01,Awash Bank,Google Play
Best,3,2024-09-30,Awash Bank,Google Play
Wantii hundumtuu gaariidha Garuu off line maafi hin hojjetu Data malee,5,2024-09-29,Awash Bank,Google Play
The best mobile banking App,5,2024-09-28,Awash Bank,Google Play
I LIKE THIS APP THAN ANY AVAILABLE MOBIEL BANKIN APP,5,2024-09-28,Awash Bank,Google Play
Awash birr use,5,2024-09-27,Awash Bank,Google Play
I'm very glad to use this application,5,2024-09-26,Awash Bank,Google Play
Rakkoon isaa dafeeti update barbaada osoo kun fooyya'ee gaariidha. Tajaajilli inni ariitiin namaaf kennu immoo nama boonsa!❤,3,2024-09-22,Awash Bank,Google Play
Remzi,1,2024-09-22,Awash Bank,Google Play
"It easy to use and have many features which is indispensable to its user , I recommend to download it.",5,2024-09-22,Awash Bank,Google Play
Wow what a unique app. I do no any one us Awash app.,5,2024-09-21,Awash Bank,Google Play
Best app!!!,5,2024-09-21,Awash Bank,Google Play
Service charge is too high specifically for interbank. You don't have additional services and products suitable for clients like collateral free credit facilities based on history. Network issues are also another critical thing.,2,2024-09-21,Awash Bank,Google Play
Nice,5,2024-09-20,Awash Bank,Google Play
Ok,5,2024-09-20,Awash Bank,Google Play
Best Ethiopian bank and good service 🥰🥰,5,2024-09-18,Awash Bank,Google Play
Amazing,5,2024-09-17,Awash Bank,Google Play
It is good Best,5,2024-09-17,Awash Bank,Google Play
Ok,5,2024-09-16,Awash Bank,Google Play
LuliAdina,5,2024-09-12,Awash Bank,Google Play
👌,5,2024-09-11,Awash Bank,Google Play
Ikhlas mode is more than banking for Muslims,5,2024-09-11,Awash Bank,Google Play
Five star app,5,2024-09-10,Awash Bank,Google Play
Very useful,5,2024-09-08,Awash Bank,Google Play
Guud,5,2024-09-08,Awash Bank,Google Play
Ok,5,2024-09-07,Awash Bank,Google Play
Trusted bank,5,2024-09-07,Awash Bank,Google Play
Great App,4,2024-09-07,Awash Bank,Google Play
They are forcing me to update and the update is not that different. I recommend you to use others banks,1,2024-09-07,Awash Bank,Google Play
Very good thanks,5,2024-09-06,Awash Bank,Google Play
Best,5,2024-09-06,Awash Bank,Google Play
Best and simple,4,2024-09-06,Awash Bank,Google Play
Wow app,5,2024-09-05,Awash Bank,Google Play
Its nice app ever,5,2024-09-05,Awash Bank,Google Play
"Smooth, and has all the features you need.",5,2024-09-04,Awash Bank,Google Play
Wow,5,2024-09-04,Awash Bank,Google Play
The service of awashpro app is clear,5,2024-09-03,Awash Bank,Google Play
"Product, which I am always proud to promote to my customer",5,2024-09-03,Awash Bank,Google Play
Wow qibla and zekhatel mal 👌,5,2024-09-02,Awash Bank,Google Play
"It is so easy, nice and intractive application",5,2024-09-02,Awash Bank,Google Play
Nice,5,2024-09-01,Awash Bank,Google Play
but why is app update on separate?,5,2024-08-30,Awash Bank,Google Play
Best Mobile banking App in Ethiopia,5,2024-08-30,Awash Bank,Google Play
i have adreams but now personal option,1,2024-08-30,Awash Bank,Google Play
u r #1,5,2024-08-29,Awash Bank,Google Play
Best payment platform,5,2024-08-28,Awash Bank,Google Play
Awash birr pro ia a great financial institution application that are now providing agreat service for it's customers,5,2024-08-28,Awash Bank,Google Play
Very good app.,5,2024-08-26,Awash Bank,Google Play
yes go for ward!,5,2024-08-26,Awash Bank,Google Play
Very good app Exing features Thank you Awash,5,2024-08-25,Awash Bank,Google Play
ለካርድ አገልገሎት ትኩረት ቢሰጠው 100/100 Excellent ነበር ታደርጉታላችሁ ምክንያቱም አዋሾች ናችሁ,4,2024-08-25,Awash Bank,Google Play
Opn,5,2024-08-24,Awash Bank,Google Play
Awashbirr_Pro application is the most effective secured and reliable service provider.,5,2024-08-24,Awash Bank,Google Play
I think it is so good 👍 I like this app,5,2024-08-22,Awash Bank,Google Play
It's good app for transfer,5,2024-08-22,Awash Bank,Google Play
it is charging for Awash to awash transactions so it is imoral & illegal. stop it soon or we are going to use other better banks and telebirr,1,2024-08-22,Awash Bank,Google Play
"It's so Amazing app i ever used.you the management of AB is working best to transform private Bank Industry as well finance Sector.i hope that the other learn from you, lefting narrowing the media by Advertise and joke.",2,2024-08-22,Awash Bank,Google Play
thise up is so fast secure also support biometric it is so Amazing Awash Good work,5,2024-08-20,Awash Bank,Google Play
Nice application,5,2024-08-20,Awash Bank,Google Play
Your choice awash birr pro,5,2024-08-19,Awash Bank,Google Play
Very Very Nice app,5,2024-08-19,Awash Bank,Google Play
Best mobile banking application,5,2024-08-19,Awash Bank,Google Play
The fee is too much money,1,2024-08-19,Awash Bank,Google Play
It is good app,5,2024-08-18,Awash Bank,Google Play
it is very system Awashbirr keep it up,5,2024-08-17,Awash Bank,Google Play
Excellent,5,2024-08-13,Awash Bank,Google Play
Best app!!,5,2024-08-13,Awash Bank,Google Play
Great app,5,2024-08-13,Awash Bank,Google Play
Lacks stability.,2,2024-08-12,Awash Bank,Google Play
Its good ap by the way awash bank is my favorite bank,2,2024-08-10,Awash Bank,Google Play
What a nice app is Easy and fast❤❤🙏🙏,5,2024-08-09,Awash Bank,Google Play
It is a good app except it won't show you who sent the money or where you sent. It just shows an account number,2,2024-08-09,Awash Bank,Google Play
it just easy to use ...and the loan service ...? Nothing change.... update your service,1,2024-08-09,Awash Bank,Google Play
Best Apps,5,2024-08-08,Awash Bank,Google Play
Bayyee namati tollaa ap,5,2024-08-08,Awash Bank,Google Play
So far so good 👍😊,4,2024-08-07,Awash Bank,Google Play
Amazing 👏 digitalization in Ethiopia,5,2024-08-07,Awash Bank,Google Play
It is so good solution,5,2024-08-07,Awash Bank,Google Play
The best app so far,5,2024-08-06,Awash Bank,Google Play
Itti fayadamni isaa baayee natti toleraa! Jabaadhaa itti fufaa haala salphaa ta'een hawaasnii akka fayadamuuf...,1,2024-08-05,Awash Bank,Google Play
ይመቻለ ይመቻችሁ,5,2024-08-02,Awash Bank,Google Play
An iconic mobile banking application I used so far in Ethiopian Commercial Banks!,5,2024-08-02,Awash Bank,Google Play
ተመችቶኛል በተለይ ዋሌትና ሞባይል ባንኪንግ አንድ ላይ አካቶ መያዙ,4,2024-07-31,Awash Bank,Google Play
"Easy to use, up-to-date, allows almost all services mobile banking can provide, and fast. Totally I just gave 5 🌟.",5,2024-07-31,Awash Bank,Google Play
👌👌👌,5,2024-07-31,Awash Bank,Google Play
Thank you for updating the features and services.,5,2024-07-31,Awash Bank,Google Play
"Here, Quality Service excellence! One comment only to add ,. .ATM cash out effectively.",5,2024-07-31,Awash Bank,Google Play
Is very good but finish those up coming futures,5,2024-07-31,Awash Bank,Google Play
The service you deliver is incredible. Keep up the good work !,5,2024-07-30,Awash Bank,Google Play
Very best app. try more improvement like adding new features.,5,2024-07-29,Awash Bank,Google Play
Nays,5,2024-07-28,Awash Bank,Google Play
This app is the best app than the apps of other banks out there,5,2024-07-28,Awash Bank,Google Play
Best Application and frequently updated one Awash nurturing lok the river,5,2024-07-28,Awash Bank,Google Play
The app I like ever for everything I want I accessed in secured and honest,5,2024-07-28,Awash Bank,Google Play
The best and most secure mobile wallet,5,2024-07-27,Awash Bank,Google Play
Exceptional application what an amazing mobile banking app,5,2024-07-27,Awash Bank,Google Play
Good,5,2024-07-27,Awash Bank,Google Play
Awesome app,5,2024-07-27,Awash Bank,Google Play
Awash waliin gara fulduratti,5,2024-07-26,Awash Bank,Google Play
Keep it up,5,2024-07-25,Awash Bank,Google Play
Best mobile banking app,5,2024-07-25,Awash Bank,Google Play
Best financial platform of Awash Bank ...tbe First private bank in Ethiopia..but be update it continuously,5,2024-07-24,Awash Bank,Google Play
This is the most reliable financial app i ever installed.,5,2024-07-24,Awash Bank,Google Play
Its a good banking system,5,2024-07-23,Awash Bank,Google Play
Really amazing app.... I have only one comment....during transfer the app will record all account number with customer name only for a while as history.Please make it to remember all the account number we have entered as history forever like cbe mobile banking🙏,5,2024-07-23,Awash Bank,Google Play
It's best,5,2024-07-23,Awash Bank,Google Play
Smart,5,2024-07-22,Awash Bank,Google Play
Gool,5,2024-07-19,Awash Bank,Google Play
Best app,5,2024-07-18,Awash Bank,Google Play
Awash,5,2024-07-16,Awash Bank,Google Play
So it is good app,5,2024-07-16,Awash Bank,Google Play
The best financial app I have seen ever,5,2024-07-14,Awash Bank,Google Play
Ok,5,2024-07-14,Awash Bank,Google Play
Awash good,5,2024-07-13,Awash Bank,Google Play
It is good to access but it hasn't recover when you forget your password. Or tell me if it has a method to recover.,2,2024-07-13,Awash Bank,Google Play
The best private bank in Ethiopia. This app is great and easy to use.,1,2024-07-13,Awash Bank,Google Play
Ethiopian No. One mobile Banking App 👍👍👍👍,5,2024-07-13,Awash Bank,Google Play
Excellent app and friendly,3,2024-07-12,Awash Bank,Google Play
Best app,5,2024-07-11,Awash Bank,Google Play
Good,1,2024-07-11,Awash Bank,Google Play
It convinant to users,5,2024-07-10,Awash Bank,Google Play
Was good and access past,5,2024-07-10,Awash Bank,Google Play
Best bank ever.,5,2024-07-09,Awash Bank,Google Play
Wow wow,5,2024-07-08,Awash Bank,Google Play
Wow Awash Andenga,5,2024-07-05,Awash Bank,Google Play
Don't Transfer to Tellebirr,2,2024-07-05,Awash Bank,Google Play
Badhasa,5,2024-07-05,Awash Bank,Google Play
"AwashBirr pro is simple, easy and fast to use. But its better to add some additional features to be more attractive.",4,2024-07-05,Awash Bank,Google Play
Gi,5,2024-07-04,Awash Bank,Google Play
Great App,5,2024-07-02,Awash Bank,Google Play
"Easy, fast and secure",5,2024-07-01,Awash Bank,Google Play
Very good,5,2024-07-01,Awash Bank,Google Play
Wow,5,2024-06-29,Awash Bank,Google Play
great,5,2024-06-28,Awash Bank,Google Play
Keep it up,5,2024-06-27,Awash Bank,Google Play
Fantastic 🎉,5,2024-06-26,Awash Bank,Google Play
Daily updates are best,5,2024-06-25,Awash Bank,Google Play
Best but updates the app,5,2024-06-24,Awash Bank,Google Play
Best app 👌🏻,5,2024-06-24,Awash Bank,Google Play
Love it and add water service and be complete,5,2024-06-23,Awash Bank,Google Play
Kedir Musa wariyo AwashBirr pro,5,2024-06-22,Awash Bank,Google Play
But not work in Equatorial Guinea Malabo city!,5,2024-06-21,Awash Bank,Google Play
Great job!,4,2024-06-21,Awash Bank,Google Play
Ok,5,2024-06-21,Awash Bank,Google Play
Good,5,2024-06-20,Awash Bank,Google Play
Its a poor app,1,2024-06-20,Awash Bank,Google Play
Nice,5,2024-06-20,Awash Bank,Google Play
Exceptional service Productive mobile app Fast and secure Easy and simple #one Mobile app i saw ever,5,2024-06-18,Awash Bank,Google Play
"I didn't expected this kind QUALITY and SPEED, i say awash is the best for me !!!",5,2024-06-18,Awash Bank,Google Play
Very excellent,5,2024-06-17,Awash Bank,Google Play
All the bast,5,2024-06-17,Awash Bank,Google Play
The best mobile application of this time!!,5,2024-06-17,Awash Bank,Google Play
nice important 👏,4,2024-06-16,Awash Bank,Google Play
Woder,5,2024-06-16,Awash Bank,Google Play
This is one of the worst banking apps out there,1,2024-06-16,Awash Bank,Google Play
Simple to use,5,2024-06-16,Awash Bank,Google Play
The platform I appreciated fir ever,5,2024-06-15,Awash Bank,Google Play
Pro Top,5,2024-06-15,Awash Bank,Google Play
It best I love it,5,2024-06-15,Awash Bank,Google Play
This app is very good,5,2024-06-14,Awash Bank,Google Play
Thenks,5,2024-06-14,Awash Bank,Google Play
"Simple and good app, But the ''Micro loan"" is Fake, they didn't serve any micro loans,",3,2024-06-14,Awash Bank,Google Play
Best 👌 mobile banking app,5,2024-06-12,Awash Bank,Google Play
It is pretty good than previous version but still it is a little bit slower.,5,2024-06-11,Awash Bank,Google Play
Wow,5,2024-06-10,Awash Bank,Google Play
Fast and fact app,5,2024-06-09,Awash Bank,Google Play
its the type of app no other banks have ! I really like and appreciate it.,1,2024-06-09,Awash Bank,Google Play
It is an exceptional app.,4,2024-06-09,Awash Bank,Google Play
Interesting,5,2024-06-08,Awash Bank,Google Play
Simple way of transact.✅,5,2024-06-08,Awash Bank,Google Play
There hospitality was amazing.,5,2024-06-07,Awash Bank,Google Play
An amazing financial application and very easy to make any financial service. Thanku you Awash Bank❤❤,5,2024-06-07,Awash Bank,Google Play
Good financial app ever,5,2024-06-07,Awash Bank,Google Play
Best app deserve 5*,5,2024-06-06,Awash Bank,Google Play
"The user interface is polished and looks great which is amazing , but two things are bugging me first I can only see the balance in my wallet account and not the main account, and second the money doesn't show up after i deposit in to my wallet , which makes the app virtually unuseable, so please fix it as soon as possible.",2,2024-06-06,Awash Bank,Google Play
I like the app it have a fast speed,5,2024-06-05,Awash Bank,Google Play
Good at all !!!!,5,2024-06-05,Awash Bank,Google Play
Good Service,5,2024-06-04,Awash Bank,Google Play
Terrible application,2,2024-06-04,Awash Bank,Google Play
Appiin kun baayyee bareedadha salphaadhas mijataadhas awaash filannoo keenya,5,2024-06-04,Awash Bank,Google Play
"The system is so disgusting, always crushed when I sent money, And also their customer service are also unhelpful, they always make a long delay for services. I don't really like this app.",1,2024-06-04,Awash Bank,Google Play
It's good,5,2024-06-04,Awash Bank,Google Play
It's Very simple and convenient app.,5,2024-06-04,Awash Bank,Google Play
Its simple and best application,5,2024-06-03,Awash Bank,Google Play
Good as always.,4,2024-06-03,Awash Bank,Google Play
Perfect,5,2024-06-02,Awash Bank,Google Play
wow,5,2024-06-01,Awash Bank,Google Play
From zero to hero,5,2024-06-01,Awash Bank,Google Play
Tajaajila keessanitti quufeen jira.,5,2024-06-01,Awash Bank,Google Play
I really enjoying this mobile app the best mobile banking app in history of Ethiopian banking industry,5,2024-06-01,Awash Bank,Google Play
"I've found this app very userfriendly and it ain't take me long to install it. The features are also easy to go with, thanks to bank and the developers. I hope you can make more interesting features.",5,2024-05-31,Awash Bank,Google Play
Nice. App,5,2024-05-30,Awash Bank,Google Play
Five star.I love it.,5,2024-05-29,Awash Bank,Google Play
Wallet Sultaan Saalii Abdoo/140564,1,2024-05-29,Awash Bank,Google Play
Downloading the App was simple but it is not that useful as you can't directly access your account. Very annoying and backward or obsolete app,2,2024-05-29,Awash Bank,Google Play
Very super app.,5,2024-05-27,Awash Bank,Google Play
Leading bank,5,2024-05-27,Awash Bank,Google Play
Excellent service,5,2024-05-27,Awash Bank,Google Play
Best,5,2024-05-26,Awash Bank,Google Play
Wow this App is moderately active and any option it have plc use it,5,2024-05-24,Awash Bank,Google Play
Easy to use Awash birr pro,5,2024-05-23,Awash Bank,Google Play
"Really , Awash is more batter than any Bank in Ethiopia. Keep it up your Good work",5,2024-05-23,Awash Bank,Google Play
Best mobile banking application ever,5,2024-05-22,Awash Bank,Google Play
This is the one of my favorite apps,5,2024-05-22,Awash Bank,Google Play
The best bank,5,2024-05-21,Awash Bank,Google Play
🥰,5,2024-05-21,Awash Bank,Google Play
Best app in Ethiopia.,5,2024-05-20,Awash Bank,Google Play
It is the best app,5,2024-05-20,Awash Bank,Google Play
Reviews devivce info,4,2024-05-20,Awash Bank,Google Play
Smart app! Premium service always.,5,2024-05-19,Awash Bank,Google Play
Excellent Application. I only have two recommendation to include on the app. Bank Statement request option and making the user to set default account number to use for transfer.,4,2024-05-19,Awash Bank,Google Play
Wow,5,2024-05-19,Awash Bank,Google Play
My bank,5,2024-05-18,Awash Bank,Google Play
Good app,5,2024-05-18,Awash Bank,Google Play
This app is very interesting. It is better if you can make bank account a default selection in every transaction.,5,2024-05-18,Awash Bank,Google Play
Good job,5,2024-05-18,Awash Bank,Google Play
The best one!,5,2024-05-18,Awash Bank,Google Play
Wow is very fantastic app it's easy to use,5,2024-05-18,Awash Bank,Google Play
Keep it up 100%,5,2024-05-17,Awash Bank,Google Play
Areaf,5,2024-05-17,Awash Bank,Google Play
An extraordinary App so far,5,2024-05-17,Awash Bank,Google Play
Goog app,5,2024-05-17,Awash Bank,Google Play
The Bestbof all wallet apps in the country. I recommend to all to test it.,5,2024-05-17,Awash Bank,Google Play
😍😍😍😍😍,5,2024-05-16,Awash Bank,Google Play
Good,5,2024-05-16,Awash Bank,Google Play
Awash Realy done it.,5,2024-05-16,Awash Bank,Google Play
Use awash birr Pro for your payment and other transactions!,1,2024-05-16,Awash Bank,Google Play
Good app,5,2024-05-15,Awash Bank,Google Play
Amazing mobile banking,5,2024-05-15,Awash Bank,Google Play
Awash birr pro is very fast appn and easy to use on the what you need in every direction,5,2024-05-15,Awash Bank,Google Play
Heduu mijawadha,5,2024-05-15,Awash Bank,Google Play
Bala naw hawashe banke,1,2024-05-15,Awash Bank,Google Play
Amazing,5,2024-05-14,Awash Bank,Google Play
App is good but tranfer to Telebirr not supporting on updated one,2,2024-05-14,Awash Bank,Google Play
Awash Bank! Nurturing like the river😍🥰,5,2024-05-14,Awash Bank,Google Play
very good,5,2024-05-14,Awash Bank,Google Play
Wow nice mobile banking system,5,2024-05-14,Awash Bank,Google Play
I liked it so much awashbirr pro Its makes life and business easy,5,2024-05-13,Awash Bank,Google Play
Excellent application,5,2024-05-13,Awash Bank,Google Play
Sabaafiin,5,2024-05-13,Awash Bank,Google Play
Nice,5,2024-05-11,Awash Bank,Google Play
I like it,5,2024-05-10,Awash Bank,Google Play
we love also ALL MY Families use awashBIRR PRO,5,2024-05-09,Awash Bank,Google Play
God has plans for me,5,2024-05-08,Awash Bank,Google Play
Very good approach,5,2024-05-08,Awash Bank,Google Play
Best app,5,2024-05-07,Awash Bank,Google Play
Good,5,2024-05-07,Awash Bank,Google Play
"Of course it's simple,fast and easy.",3,2024-05-06,Awash Bank,Google Play
its was amazing but Please add tele birr agent,5,2024-05-06,Awash Bank,Google Play
Best app ever in compare to other banks Awash keep it up,5,2024-05-03,Awash Bank,Google Play
I like this app!,5,2024-05-02,Awash Bank,Google Play
Amazing app,5,2024-05-02,Awash Bank,Google Play
"My Bank (Nerturing like the river) Awash birr pro is not only pro ,it works like Bro [Awash birr Bro)",5,2024-05-01,Awash Bank,Google Play
ይህ በጣም ቀላልና ዘመናዊ መተግበሪያ ባንኩን የሚመጥን ነው🙏!,5,2024-05-01,Awash Bank,Google Play
An exceptional financial app,5,2024-04-26,Awash Bank,Google Play
Nice,5,2024-04-24,Awash Bank,Google Play
Best Mobile Banking App in Ethiopia.,5,2024-04-23,Awash Bank,Google Play
Best friendly use and easy,5,2024-04-22,Awash Bank,Google Play
Sorry to say this But the app is Extremely slow and buggy!,3,2024-04-22,Awash Bank,Google Play
EXCELLENT SERVICES,5,2024-04-22,Awash Bank,Google Play
Btm harif app hono gn ye electric le mekfel btm zegamtegn nw esun astekakelu please,1,2024-04-22,Awash Bank,Google Play
"Awash birr pro an amazing financial application easy, fast, multitasking.",5,2024-04-21,Awash Bank,Google Play
Best,5,2024-04-19,Awash Bank,Google Play
Excellent,5,2024-04-19,Awash Bank,Google Play
An amazing financial app,5,2024-04-18,Awash Bank,Google Play
Fish,5,2024-04-18,Awash Bank,Google Play
Greatly improved!,5,2024-04-15,Awash Bank,Google Play
PayPal account,5,2024-04-15,Awash Bank,Google Play
Fast and best,5,2024-04-14,Awash Bank,Google Play
መተግበሪያው በጣም ቀልጣፋ ዘመናዊ እና ቀላልና ምቹ የሚባል ነው እናም ተመችቶኛል ወድጄዋለሁ👌👌ግን አንድ ሀሳብ ማከል እፈልጋለሁ ለምሳሌ ወደ ቴሌብር(telebirr) ገንዘብ ለማስተላለፍ በምፈልግበት ጊዜ የግድ Account የከፈትኩበትን ስልክ ቁጥር ብቻ ነው የሚያመጣው ይሄ ደግሞ አስቸጋሪ ነው ምክንያቱም ቴሌብር በከፈትኩበት ስልክ ቁጥር ገንዘብ እንዳላስተላልፍ አግዶኛል እና telebirr to other የምትለውን ብትጨምሩበት ጥሩ ነው!!!,4,2024-04-11,Awash Bank,Google Play
It's simple and useful app,5,2024-04-11,Awash Bank,Google Play
Best app for mobile banking but you have to know that it needs internet connection to transfer money,4,2024-04-10,Awash Bank,Google Play
Good app,5,2024-04-10,Awash Bank,Google Play
What a nice app!,5,2024-04-08,Awash Bank,Google Play
Nice,5,2024-04-06,Awash Bank,Google Play
An amazing mobile banking app ever seen in ethiopain banking sector,5,2024-04-05,Awash Bank,Google Play
Hehehe I am beginning to like this,5,2024-04-04,Awash Bank,Google Play
፥።፦፦,4,2024-04-04,Awash Bank,Google Play
Nice,5,2024-04-01,Awash Bank,Google Play
Very good,5,2024-04-01,Awash Bank,Google Play
Bad UI. Please fix it!,1,2024-03-30,Awash Bank,Google Play
System is not fast,5,2024-03-29,Awash Bank,Google Play
አዋሽ ባንክ በጨዋነት ፣በፈጣን አገልግሎት ሰጪነት ፣በደንበኛ አቀባበላችሁ ሀገሪቱ ውስጥ ካሉ ባንኮች በአንደኛ ደረጃ ናችሁ ብል ማጋነን አይሆንም ! ቀጥሉበት በርቱ ! እላለሁ !!,5,2024-03-29,Awash Bank,Google Play
good,2,2024-03-29,Awash Bank,Google Play
Best,5,2024-03-28,Awash Bank,Google Play
I like the app.,5,2024-03-28,Awash Bank,Google Play
Amid Almacca,5,2024-03-28,Awash Bank,Google Play
Nice up,5,2024-03-27,Awash Bank,Google Play
Good app,5,2024-03-27,Awash Bank,Google Play
"Best mobile banking app ""The bank that nurturing your life like a river""",5,2024-03-26,Awash Bank,Google Play
Betam Arif new,5,2024-03-25,Awash Bank,Google Play
Abdulakim ahamad,1,2024-03-25,Awash Bank,Google Play
This app is so good and easy to understand. I wish all Ethiopia banks to fast with digital market,3,2024-03-23,Awash Bank,Google Play
"Wow! I really appreciate it, Awash Birr Pro is the fast, save and easy to use, it is the best mobile banking service to use and manage digital transactions that delighted its customers by offering many feature platforms.",5,2024-03-21,Awash Bank,Google Play
what amazing it was so safe simple and fast one,5,2024-03-21,Awash Bank,Google Play
Good,2,2024-03-19,Awash Bank,Google Play
The Best App ever.,5,2024-03-19,Awash Bank,Google Play
Excellent,5,2024-03-16,Awash Bank,Google Play
Amazing upbeat future,5,2024-03-16,Awash Bank,Google Play
Why it say 'AwashBirrPro cannot run while android bridge is enabled'? Normall I closed the developer options!,1,2024-03-16,Awash Bank,Google Play
Simply Wow 👍 Awash birr pro App is number One 👌,5,2024-03-15,Awash Bank,Google Play
👍,5,2024-03-15,Awash Bank,Google Play
"It's user friendly, simple, advanced and the best mobile banking.",5,2024-03-15,Awash Bank,Google Play
Best app,5,2024-03-15,Awash Bank,Google Play
This up good but not show profile or invisible home if change language in amharic .,3,2024-03-15,Awash Bank,Google Play
It's fast.,4,2024-03-15,Awash Bank,Google Play
nice,5,2024-03-14,Awash Bank,Google Play
Awash BirrPro easy and all in one Thanks ♥️,5,2024-03-13,Awash Bank,Google Play
Ok,3,2024-03-13,Awash Bank,Google Play
"Fast, simple.👌",5,2024-03-13,Awash Bank,Google Play
Appin kun malfayyada jedhani nu cinqa,1,2024-03-12,Awash Bank,Google Play
Just wanted to give thanks again for your help and support 🙏 this was very nice and very informative and very informative and helpful for me and the people who have been on this list jggfhgncskjv and are going through some tough things and have been busy with work and family stuff so we your parents are going out have a yummy dinner with you guys that you are going out with for dinner and then we will your parents make you want to do it for you 6.samado.2000 7.umar.4000 and then they can just g,5,2024-03-12,Awash Bank,Google Play
Has one problem if you uninstall the app and install it again it requires authentication from bank again which is bad .,3,2024-03-12,Awash Bank,Google Play
not work,2,2024-03-11,Awash Bank,Google Play
Nice,5,2024-03-11,Awash Bank,Google Play
The app is amazing and better than awash birr. Thank you awash,5,2024-03-10,Awash Bank,Google Play
It is amazing app for all of us,5,2024-03-09,Awash Bank,Google Play
Keep tuned,5,2024-03-09,Awash Bank,Google Play
ሸጋ ነው,5,2024-03-09,Awash Bank,Google Play
Nice app,5,2024-03-09,Awash Bank,Google Play
Best app,5,2024-03-08,Awash Bank,Google Play
Nice,5,2024-03-08,Awash Bank,Google Play
GOOD,5,2024-03-08,Awash Bank,Google Play
This is no Pro its poor I choose the frist version of Awash birr app,1,2024-03-07,Awash Bank,Google Play
It crashes after I take a headshot,1,2024-03-07,Awash Bank,Google Play
Waw! Amazing,5,2024-03-07,Awash Bank,Google Play
I feel the simplicity of life...,5,2024-03-07,Awash Bank,Google Play
"This app is not safe, it needs #update instalation by itself not from Google play or play store, That means the app can #access the phone's storage then #collect and #share customer's personal data to third party",1,2024-03-07,Awash Bank,Google Play
"Awashbirr has a function of transfer to telebirr agent. Incase you replace awashbirr by awashbirr pro, you have to include all functions available on awashbirr app.",5,2024-03-06,Awash Bank,Google Play
Nice app,5,2024-03-06,Awash Bank,Google Play
Check the transfer feature on the app it did not display the receiver account owner name before conforming transfer.,3,2024-03-06,Awash Bank,Google Play
Remzi Mohamed abdla,1,2024-03-06,Awash Bank,Google Play
Nice,5,2024-03-06,Awash Bank,Google Play
"I could""nt install on my INova7 Huawei it is my any app",4,2024-03-06,Awash Bank,Google Play
Nice,5,2024-03-05,Awash Bank,Google Play
Best app,5,2024-03-05,Awash Bank,Google Play
Nice,5,2024-03-04,Awash Bank,Google Play
Nice,5,2024-03-03,Awash Bank,Google Play
Good,5,2024-03-03,Awash Bank,Google Play
"Best and simple to use,many important things are included in it. I really love this app❤.",5,2024-03-02,Awash Bank,Google Play
What an amazing app🙏,5,2024-03-02,Awash Bank,Google Play
wow,5,2024-03-02,Awash Bank,Google Play
The User interface on the new Update is bad Fix it ASAP,4,2024-03-01,Awash Bank,Google Play
Nice,5,2024-03-01,Awash Bank,Google Play
Best Mobile banking app ever,5,2024-02-29,Awash Bank,Google Play
Amazing app,5,2024-02-26,Awash Bank,Google Play
It is an impressive apk,3,2024-02-26,Awash Bank,Google Play
Awashbirr pro is convenient mobile banking.It is UI is good and simple to use.But I cordially ask the developers to overcome the problem counterd when changing language it mixes one language with the other one.,5,2024-02-25,Awash Bank,Google Play
Milikiyas. Shuta,4,2024-02-24,Awash Bank,Google Play
Exceptional❤️,5,2024-02-23,Awash Bank,Google Play
Good,5,2024-02-22,Awash Bank,Google Play
installed the app but says developer settings are on so it may npt function. i don't know what to do,2,2024-02-22,Awash Bank,Google Play
Open awash birr pro,5,2024-02-20,Awash Bank,Google Play
Great job,5,2024-02-20,Awash Bank,Google Play
Axm,2,2024-02-20,Awash Bank,Google Play
Good 👍,2,2024-02-19,Awash Bank,Google Play
Top payment mechanisms for your bill,5,2024-02-17,Awash Bank,Google Play
Very good,5,2024-02-17,Awash Bank,Google Play
Well,5,2024-02-17,Awash Bank,Google Play
Amazing apps,5,2024-02-15,Awash Bank,Google Play
How I can use this application?,5,2024-02-15,Awash Bank,Google Play
good app,5,2024-02-14,Awash Bank,Google Play
Thanku awash bank,5,2024-02-14,Awash Bank,Google Play
This app is not working when developer mode is turned on this is not a good experience,2,2024-02-14,Awash Bank,Google Play
I can't finde the interface to write the verification code that I have received to proceed,2,2024-02-14,Awash Bank,Google Play
Wonderful app. Love it,5,2024-02-14,Awash Bank,Google Play
Great app,5,2024-02-13,Awash Bank,Google Play
"It doesn't functional on some Android devices, so please solve it.",5,2024-02-12,Awash Bank,Google Play
"AwashBirr Pro a convenient platform to manage your finances on the go AwashBirr Pro a convenient and secure platform designed specifically for corporate Billers, Merchants and Bank customers to manage their financial transactions conveniently and efficiently. With this app, you can easily access and control your business accounts from your mobile devices, providing you with the flexibility and freedom to manage your finances on the go. With AwashBirr Pro you can pay your electricity bill, pay",5,2024-02-11,Awash Bank,Google Play
Awash birr pro is best banking application enjoy it.,5,2024-02-11,Awash Bank,Google Play
Best app Best app,5,2024-02-10,Awash Bank,Google Play
"I can't choose from my gallery to setup my picture. I am forced to take it right there when setting up my account, and unfortunately my camera doesn't work. So I can't use this app.",2,2024-02-09,Awash Bank,Google Play
Unable to download the app from Google play store. How could I proceed please?,5,2024-02-08,Awash Bank,Google Play
Why it doesn't work in my device,5,2024-02-08,Awash Bank,Google Play
Very good,5,2024-02-08,Awash Bank,Google Play
He said it didn't work for me,5,2024-02-07,Awash Bank,Google Play
It's great app.,5,2024-02-06,Awash Bank,Google Play
"Wow , amazing app with features , thanks awash Bank!",5,2024-02-06,Awash Bank,Google Play
might be good,5,2024-02-05,Awash Bank,Google Play
very good,5,2024-02-05,Awash Bank,Google Play
Nice,4,2024-02-04,Awash Bank,Google Play
always smart virtual e bank awash bank of ethio Africa ⭐️⭐️⭐️⭐️⭐️,5,2024-02-04,Awash Bank,Google Play
"It is simple and user friendly app. When I installed it was saying ""app can not run while android bridge is enabled"" and I fixed the problem. To fix this problem I gone through setting-search ""build number"" in the search bar or you can get it from about phone then tap ""build number"" 6/7 times until it requests you to insert your lock password/pattern then ""Developer option"" will be appear on your setting bar lists and finally go into ""Developer option and turn it off. It is just a piece of cake!",5,2024-02-04,Awash Bank,Google Play
best,5,2024-02-02,Awash Bank,Google Play
long step,5,2024-02-02,Awash Bank,Google Play
I like it now,5,2024-01-31,Awash Bank,Google Play
Darara wakuma Mangasha,5,2024-01-27,Awash Bank,Google Play
Good,5,2024-01-27,Awash Bank,Google Play
Best,4,2024-01-26,Awash Bank,Google Play
Good,5,2024-01-26,Awash Bank,Google Play
Bayyee gariidha,5,2024-01-25,Awash Bank,Google Play
I was excited with your progress.,5,2024-01-24,Awash Bank,Google Play
It's a nice app,5,2024-01-24,Awash Bank,Google Play
Nice app,5,2024-01-23,Awash Bank,Google Play
Keep it up,5,2024-01-22,Awash Bank,Google Play
Best application as compared with other bank sector Mobile application for payment and related,5,2024-01-18,Awash Bank,Google Play
Fast and easy,5,2024-01-15,Awash Bank,Google Play
I like it for my children schools payment.,5,2024-01-15,Awash Bank,Google Play
Is there any additional star I will give More than 5.... Awash pro ♥️♥️♥️♥️♥️♥️♥️♥️♥️,5,2024-01-11,Awash Bank,Google Play
Waw,5,2024-01-10,Awash Bank,Google Play
Good,5,2024-01-05,Awash Bank,Google Play
The app doesn't work if we don't work why are you launch effective app,1,2024-01-02,Awash Bank,Google Play
Good app,2,2023-12-30,Awash Bank,Google Play
This application is very very excellent tis 99% fast I'm proud to this application awash bank thanks very much,5,2023-12-29,Awash Bank,Google Play
Nice app,5,2023-12-29,Awash Bank,Google Play
Loan,4,2023-12-28,Awash Bank,Google Play
smooth,5,2023-12-21,Awash Bank,Google Play
It request to enter PIN number but never accept,1,2023-12-19,Awash Bank,Google Play
Techno spark 7,5,2023-12-18,Awash Bank,Google Play
Nice,5,2023-12-18,Awash Bank,Google Play
Awash birr pro,5,2023-12-16,Awash Bank,Google Play
"After reading comments from some users, I've decided to stay with the former AwashBIRR app.",1,2023-12-15,Awash Bank,Google Play
good,5,2023-12-14,Awash Bank,Google Play
Good,1,2023-12-14,Awash Bank,Google Play
Best Application,5,2023-12-14,Awash Bank,Google Play
This app is better. Currently it asks for update and then not working.,3,2023-12-13,Awash Bank,Google Play
Technology Tole Kanaan Appii Akkanaa Hojjachuun keessan Nama Qaanfachiisa,1,2023-12-12,Awash Bank,Google Play
Good,4,2023-12-12,Awash Bank,Google Play
Nice,5,2023-12-10,Awash Bank,Google Play
It doesn't work if i enable developer option in my phone....so fix it as soon as possible,1,2023-12-06,Awash Bank,Google Play
dagim,5,2023-12-06,Awash Bank,Google Play
Banker,5,2023-12-06,Awash Bank,Google Play
Good morning,3,2023-12-05,Awash Bank,Google Play
🤏💪🏿🤏,5,2023-12-05,Awash Bank,Google Play
"What an app, it easy whith pro",5,2023-12-02,Awash Bank,Google Play
No opened,5,2023-12-02,Awash Bank,Google Play
Veriy app l love You this app,5,2023-12-01,Awash Bank,Google Play
Our choice,5,2023-11-30,Awash Bank,Google Play
"After installation when I try to open it, it says Awash Birr-PRO cannot run while the android bridge is nenabled",1,2023-11-30,Awash Bank,Google Play
nice app,5,2023-11-30,Awash Bank,Google Play
Good,5,2023-11-30,Awash Bank,Google Play
nice and perfect,5,2023-11-30,Awash Bank,Google Play
This app is very good app,5,2023-11-30,Awash Bank,Google Play
Good,5,2023-11-30,Awash Bank,Google Play
Perfect and easy to use,5,2023-11-30,Awash Bank,Google Play
Many people preferred AwashBirr. AwashBirr Pro is not good as awashbirr. It is good if this feature is added to awashbirr,1,2023-11-29,Awash Bank,Google Play
Wow This Is The Right App We Were WaitinG For . .,5,2023-11-28,Awash Bank,Google Play
Very good and easy to use❤❤❤,5,2023-11-28,Awash Bank,Google Play
awashbirr pro is a fast and simple plc use this app,5,2023-11-26,Awash Bank,Google Play
Wow!,5,2023-11-25,Awash Bank,Google Play
Bulky its not work,1,2023-11-24,Awash Bank,Google Play
Awash Birr pro Very good app and easy to use but if add other transfer option like to telebirr and other bank and other biller payment option and finally more attractive if it's color full like awash Birr app.,5,2023-11-24,Awash Bank,Google Play
"I used Awash Birr app before, but Awash Birr pro is now the most modernized and most useful",5,2023-11-24,Awash Bank,Google Play
Bonsa,1,2023-11-23,Awash Bank,Google Play
It seems in early stage !,2,2023-11-22,Awash Bank,Google Play
Good,5,2023-11-22,Awash Bank,Google Play
What amazing app but why haven't other bank tk transfer,5,2023-11-22,Awash Bank,Google Play
I am very happy with the service of Awash birr pro! Awash Bank Nurturing Like the River!!,5,2023-11-22,Awash Bank,Google Play
Best app,5,2023-11-21,Awash Bank,Google Play
Good,5,2023-11-21,Awash Bank,Google Play
Its great apps but pls add buy airtime and other bank transfer. Its creat big image for bank,4,2023-11-20,Awash Bank,Google Play
GOOD! BUT Its only used for Awash Bank Transactions (from Awash to same). Please Add Bank to Bank Transaction & other services.,3,2023-11-20,Awash Bank,Google Play
Good,5,2023-11-20,Awash Bank,Google Play
Best,5,2023-11-19,Awash Bank,Google Play
Proactive,4,2023-11-18,Awash Bank,Google Play
Banker,5,2023-11-17,Awash Bank,Google Play
Nice app.,5,2023-11-17,Awash Bank,Google Play
Best achievement!,5,2023-11-17,Awash Bank,Google Play
Wow it good,5,2023-11-17,Awash Bank,Google Play
"Boom,boom well come Awash Birr Pro!!!!!!!",5,2023-11-17,Awash Bank,Google Play
How can I login at the end Saying that your acc is restricted,1,2023-11-16,Awash Bank,Google Play
Best apps,3,2023-11-16,Awash Bank,Google Play
Moosaajii haalan bareedaadha. Baankii Akka Maqaasa jiruuf jiraatu; Awaash Baankii!,5,2023-11-15,Awash Bank,Google Play
"Best wallet ever, thankyou awash bank",5,2023-11-15,Awash Bank,Google Play
🙏,5,2023-11-14,Awash Bank,Google Play
Best regards,5,2023-11-14,Awash Bank,Google Play
"why am asked acc no.&balance?,thi is so personal &violence to security policy😯",1,2023-11-11,Awash Bank,Google Play
"Currently not working,hope that will be good",1,2023-11-11,Awash Bank,Google Play
Best app amazing !! you have to add different bill payment like immigration service payment,5,2023-11-11,Awash Bank,Google Play
Awash,4,2023-11-11,Awash Bank,Google Play
Awash birr update,5,2023-11-10,Awash Bank,Google Play
Nice,5,2023-11-07,Awash Bank,Google Play
Awash👌🏿,5,2023-11-07,Awash Bank,Google Play
