reviewId,userName,userImage,content,score,thumbsUpCount,reviewCreatedVersion,at,replyContent,repliedAt,appVersion
ab5c2323-7ea1-45f7-8d2b-53479e0b57b5,faju show,https://play-lh.googleusercontent.com/a-/ALV-UjXjWga4UYcChWMgwsFfV5aMlffQhnFBC5WsCMmdXVfgjI4MAuoj,It gave me a headache. bad bad bad,1,0,,2026-05-18 17:21:12,,,
325e6111-ef98-4b7d-a8ce-156557d9c50f,Bilisumaa Bantii,https://play-lh.googleusercontent.com/a/ACg8ocKBrbaK5_pVkGLajzmD6Mv_2XhI_0UtPH9mTIfTCKsBES9FgSs=mo,bankn abstract fayida,5,0,26.03.13,2026-05-18 16:03:28,,,26.03.13
e1dfd8e3-02ad-4d83-80e8-0fa5ec2c06e3,Abebe Tesfa,https://play-lh.googleusercontent.com/a/ACg8ocLdN50Lw0hgBxJg3llmk4N7-8t-3KLCcXpX_1oh-BvvW3PtsA=mo,Tilku,5,0,26.05.11,2026-05-18 03:16:59,,,26.05.11
ea419fbc-41fc-4211-b3b4-84e87d2952a4,Kalkidan Meskelu,https://play-lh.googleusercontent.com/a-/ALV-UjWKtZmngrFb1kSulQi4ytAq52_iUfLtYwJxkTO0_Ja0lx4FJGs,the transaction is not working???? fix it,1,0,26.05.11,2026-05-18 01:13:03,,,26.05.11
0fe83567-9471-413c-b722-a24757bb5d82,Alemayehu,https://play-lh.googleusercontent.com/a/ACg8ocIGq60KtIudKg6qhmYhG4TDT5pZkKbqnZSijF7akgP7ms1bwg=mo,sometimes The App Is not goibg through,3,0,26.05.11,2026-05-17 15:21:31,,,26.05.11
9dd3879e-2b0c-4058-8c8c-19f6b376f69c,Abel Legesse,https://play-lh.googleusercontent.com/a-/ALV-UjVlAiPqwEucytjQHmhCbqlROOv44ryrgg5M6NZ2fb1qyojQN2u1,"The worst app, also bank am begging for my own money",1,0,26.05.11,2026-05-16 12:35:22,,,26.05.11
5f69466d-ec06-4eb5-816c-296accffeff2,Wende Rege,https://play-lh.googleusercontent.com/a-/ALV-UjWzYJrS3DCGyibwQLfWhnONBDlCUj-VLNOuaz_ualeorFuPVw7l,was Good 🙏,5,0,26.05.11,2026-05-16 00:10:06,,,26.05.11
f9246b8a-6688-4249-b804-0b0c5dd60590,hamza Bedr,https://play-lh.googleusercontent.com/a/ACg8ocJJeR80K7sBOqVKraUuy113Ikxfat3h3dr-HuKIo36qHFIR4g=mo,cool,5,0,25.09.03,2026-05-15 21:07:21,,,25.09.03
21bcff26-5b05-485d-958f-4832ec1fac01,Tsegay Teklay,https://play-lh.googleusercontent.com/a/ACg8ocIM0xBSUOBR56D_ua5lA4cc88oCASND4P-Xl64vQENvgmaaYQ=mo,Its Good,5,0,25.09.03,2026-05-15 15:01:09,,,25.09.03
c5eb7589-59b7-4d72-8aa9-100a703ecaa3,shambel mulugeta,https://play-lh.googleusercontent.com/a-/ALV-UjX8beF1ZB4mSxvQxtq1SO5tLcK2wLGkcrIv-0qpneo4gh3pw54,good,5,0,26.03.13,2026-05-14 21:18:44,,,26.03.13
c3bb042c-844b-4580-98b9-df418622b2fb,Hamid Abdella,https://play-lh.googleusercontent.com/a/ACg8ocKxYO7gSAW0PgoFvwbHi4RxuoH8jHuTKOA20Pv-CtODfkn93w=mo,it's very good app,5,0,,2026-05-12 11:50:32,,,
400ce769-3726-43b2-ac4d-755b3a15f026,Eyasu Dawit,https://play-lh.googleusercontent.com/a/ACg8ocL6ua4ASGLRmSTGQZ0CJlxuf156jH8O76CYg3jTwZMfLiPGBw=mo,this app is good but the speed of app is very slow,2,0,,2026-05-11 18:18:54,,,
4d6d2f22-5e71-47be-9cde-a1cf6c9fff93,Hermon Ataklti,https://play-lh.googleusercontent.com/a/ACg8ocIvD5odEoVEece9KelN2Cnj5qOhVy_M20K37IJdmn9bCThGdg=mo,good,5,0,26.03.13,2026-05-09 14:41:50,,,26.03.13
e77089b3-aecf-45e2-a64a-ce917fc4233a,haileyes beyene,https://play-lh.googleusercontent.com/a/ACg8ocJ4yxj8_l8M5xlCT3LezAiVgAKnlqyn8whZgXpDGUG4VRbKWQ=mo,boa the best,5,0,26.02.21,2026-05-08 13:47:07,,,26.02.21
41c64c67-b81a-4326-83c4-e95044aef7f6,Feya Ahmu,https://play-lh.googleusercontent.com/a-/ALV-UjX4HtYL0JECk4gDJ3kzOF1ofn_stjupY_18YwRBOi8nt9hA4TE,bank of absiniya is best bank in ethiopian,5,1,,2026-05-07 10:33:06,,,
59c55c58-88d5-4000-bdb3-fe95ece44a44,Yankee Serra,https://play-lh.googleusercontent.com/a/ACg8ocI8vBck9wmfjh7kIUs3FlXnM2VMA96AlZstzpMpLB3pZ4TrroY=mo,አስተማማኝና ዘመኑን የዋጀ,4,0,26.03.13,2026-05-05 11:03:08,,,26.03.13
b074f56c-96d4-4b63-8a69-8ca2c51fd21e,Ashenafi,https://play-lh.googleusercontent.com/a/ACg8ocJ1rZHB5clDZ_uz9BpLE4Y9fiWt6WFyqw6ACRCAzYMR6sRf6g=mo,good,5,0,,2026-05-04 14:01:17,,,
31476ccf-eccc-4f13-9576-286a3857232f,Fanuel Abush,https://play-lh.googleusercontent.com/a/ACg8ocLVJWvGRUs61sWMECMbWHvgLFdW-QQNNfDTep9uIoixj-S0UQ=mo,extremely slow app and unreliable for most payment i have stuggled to much with this,2,0,,2026-05-03 13:40:13,,,
cbf55621-3ea4-4a60-9eef-2c76df81c961,Yechale Gedefaw,https://play-lh.googleusercontent.com/a-/ALV-UjUiIHkmRwcEJZRGfoQ30ESy8ZSHuG3ns1ZL8mGpn7hT9Vv4WcE,Amazing app,5,0,,2026-05-02 15:48:30,,,
63ebb0e3-90cf-4ac2-b914-226871e5f4eb,OLANI SIYUM,https://play-lh.googleusercontent.com/a/ACg8ocI1-IR0oA9xKGNMcAcKSIIXqtzRkp562iYJbKJU69xhC60gUA=mo,"I tried to oppen mobile app of BOA, but it can't work on my phone after activation. I can't login to it. the staffs tried their best and asked me the android version which is 16 and clear the catches, reinstall the app but the same restult × close the app. disappointing",1,8,26.03.13,2026-05-01 09:20:45,,,26.03.13
5d3e596b-be66-413e-acbb-56b52ca2f131,Yafet Muse,https://play-lh.googleusercontent.com/a/ACg8ocLT82bKULCpJQFxp4EGUWoUWuceMpEpBdSHcE2qrHC4J0omaQ=mo,nice app 👍👍👍,5,0,25.09.03,2026-04-29 18:17:22,,,25.09.03
cbf4c2e9-4dbf-4e46-adee-dde9833769e6,Michael Ding,https://play-lh.googleusercontent.com/a-/ALV-UjVUfQZARRlpkUycN0IuRdQkcoztgo7rZEs3SMxvgYPdhWiVpvbq,easy to understand,4,0,26.03.13,2026-04-28 15:22:31,,,26.03.13
d9eecba3-7a1f-4067-8613-b07d678eaaa1,Teklom Gebrekorkos,https://play-lh.googleusercontent.com/a-/ALV-UjVfM0UIw85nwLphkGQwdqkxOHzT72_70IbZ4aj0k5EImcbLOVM,best,5,0,26.03.13,2026-04-27 09:40:57,,,26.03.13
41b7680c-8f5a-4362-bc9f-36fcfa90d3bc,Abraham Moges worku,https://play-lh.googleusercontent.com/a/ACg8ocIfkJL-FNGBO_yOrEJV36AjBLtrnl7s9kRafzkHLuAORdPTdA=mo,a wonderful Bank success app in Ethiopia 🇪🇹,5,0,,2026-04-25 14:47:59,,,
9ebe5ef9-6480-417b-a855-403db430d185,Ephrem Birhanu,https://play-lh.googleusercontent.com/a-/ALV-UjXsxrebmy2KowQFnXu8ck3NattBMEeJgiEN51vA1uhurQsSRloz,nice,5,0,26.03.13,2026-04-24 18:02:02,,,26.03.13
8bdfd084-1a9e-4c88-a20d-4fba6d5f71cb,Turuk pal Chuol,https://play-lh.googleusercontent.com/a/ACg8ocI5Ky9Ro8761c5-j6JLwecQXbomoA66xqsUdvOlaKK0R36oxAA=mo,there's an error in app i don't ever know what's the case,1,1,26.03.13,2026-04-24 16:25:47,,,26.03.13
52b2fb80-53dc-4ad1-a877-8d353523d6b8,Tadele Tilaye,https://play-lh.googleusercontent.com/a-/ALV-UjVWF6IrlI8IG1pUiPaMw4pasqYRvrWnk_yu1WCzfXYERcaEiILA,BoA always❤,5,1,26.03.13,2026-04-24 12:11:08,,,26.03.13
d5fa982d-64ab-4c66-92bc-ad5be1995e34,Jashua E,https://play-lh.googleusercontent.com/a-/ALV-UjX-ggKD5uAHJteNGfc62VeYOjxO8Ij7DAn1WAGaZmO7GKAYZO9q,the worst app,1,0,26.03.13,2026-04-24 09:53:57,,,26.03.13
ce3d6043-773e-4267-9ac0-c2d997f4871c,Samuel kerie Alamirew,https://play-lh.googleusercontent.com/a/ACg8ocJEsQcZ2qBn4itJoLEei0O6uYBq7A_RzE2TfR9Xvgll9Rw80Q=mo,what an amazing service,5,0,,2026-04-23 15:06:45,,,
fb40de72-29d1-4b5c-adc1-5d44458d5134,Abezash Agona,https://play-lh.googleusercontent.com/a-/ALV-UjXOHsX1gFJQOnM2J7S4AGItptA1GDLhQnsy1BG5MT0iwSSxf302,abezash,5,0,,2026-04-23 14:08:29,,,
3825faa7-4438-4a27-9ffa-6a5bbd013ec4,Behailu Ayalew,https://play-lh.googleusercontent.com/a/ACg8ocKgKytwCzxiMW1JAN7-tuJYGC78ZHbhuhPqAKefk8BY9YBJEw=mo,😁😁ል,4,0,,2026-04-23 09:47:19,,,
86598e4c-f5c5-455c-ba69-dcd6053ac182,Endale Lemma,https://play-lh.googleusercontent.com/a/ACg8ocJeFkebuICgZrmKvOSdSbzvEZSRDUxxos4ZBfyBN3nfobDnMw=mo,Not working,4,0,26.03.13,2026-04-22 14:23:02,,,26.03.13
4f8e5ae2-8fd3-4cd8-942b-19d69f860c7a,Samuel Eliyas,https://play-lh.googleusercontent.com/a-/ALV-UjU-p48nSlep-17xGIE_VaEibFqQgabUhqWnWqNE5uTYkTb0LhU,best,5,0,26.03.13,2026-04-22 02:32:39,,,26.03.13
30e1113c-47d7-44e6-88d2-df6d225918b7,Enaya Ahmed,https://play-lh.googleusercontent.com/a-/ALV-UjUUUj_SFbsF8_EFr2LZhpkWT5XHciM55ypRmZrKwC_Yp7FrSQGR,nice,5,0,26.03.13,2026-04-21 16:02:50,,,26.03.13
6815e98d-fbc3-4f5c-9244-b704ad223cdf,Mohammed Siraj,https://play-lh.googleusercontent.com/a/ACg8ocJfKFXUZxqnrqq4ztcpJvGU170BORPnKQ8U-peZSDJ7P9hQyw=mo,everything new that other banks started abyssinia started it but this one year have been a disaster the mobile banking crashes everytime please do what you do best,1,1,26.03.13,2026-04-20 13:53:23,,,26.03.13
d843f70e-e0c5-485c-8f0a-46eb550794e1,amirajm,https://play-lh.googleusercontent.com/a-/ALV-UjVByIEE1JzERfX4H8MYDv2bXBsl7Rb905tCmjTOlt1RJLlcgeY,"the best applcation,, how can winning byd car 😭🤣🤣",5,0,26.03.13,2026-04-20 08:00:57,,,26.03.13
58f28177-e3a0-4406-9eb2-92ccc5bd05e6,Etalem Kifle,https://play-lh.googleusercontent.com/a/ACg8ocKF7ws1Gr3gs1rGl79O1W1mRV_FW9EGgsFnUNeEslhi8AQ95A=mo,good,5,1,26.03.13,2026-04-19 21:13:24,,,26.03.13
94d4c6ee-67e6-454f-9744-a5c495d30d1f,Hannes Garben,https://play-lh.googleusercontent.com/a-/ALV-UjXlwcrH9-wSIht_fPSyXNL6hU42h-xn3gEOIDxh2ikTqX-7ViVryA,"the app does not show my account balance correctly compared to what I get with the SMS notification. Again and again I am not able to make transfers because the app has issues. The app has over years now frequently problems, doesn't load, or is sometimes not working entirely and I can not open it. Even to the point that I question the rating of this app if it's true or distorted. I am not sure how it can be 4 stars something, when in real life the app just doesn't work a lot of the time.",1,17,26.03.13,2026-04-19 13:43:52,,,26.03.13
908ab990-5c9e-4e4b-911e-13926f92a28f,Kassa Sefiw,https://play-lh.googleusercontent.com/a/ACg8ocJ1i6D8LJ8lwM6FH6XFn1X7FzoHNPxeUlQiIVTFECYkRKJ6xA=mo,excellent service,5,0,26.03.13,2026-04-18 18:38:37,,,26.03.13
dfc4cf71-ecc3-47c8-b74f-36394f2e65a5,Adisu Ayele,https://play-lh.googleusercontent.com/a/ACg8ocJAwqawlAH4ec2n0RVJ8fllUO2bTxKGG9h8NBQOs6qJsJF_7Q=mo,it very slow to access the app when urgent,1,1,,2026-04-17 15:21:36,,,
3981e2e8-ac8c-44e6-8209-d1ec3c4ac776,Kibrom Amine,https://play-lh.googleusercontent.com/a/ACg8ocItmsyl1YvGEkU-C4Dvq7-UpfuR2RZ7beBaPGAK-bRh75QGmg=mo,very Good app,4,0,26.03.13,2026-04-16 13:13:02,,,26.03.13
22fe4ab6-af03-40b1-80ef-5b133704c61a,Ab Rising,https://play-lh.googleusercontent.com/a/ACg8ocIJCsWmMz4SDgPDmZkr5XRQwW5KhDZXWEH-PVOm3N1OaX63vw=mo,best i ethiopia,5,0,26.03.13,2026-04-16 00:34:57,,,26.03.13
19a66c57-4319-47b3-9f2e-44ec05dfbf63,Hamza Ali,https://play-lh.googleusercontent.com/a/ACg8ocJFus8yph3rhQaUghoNMUq6Uq3h7VXlnm9OnuYdBqibUXW_DA=mo,when i try to see my balance the app logs me out.i try to uninstall the app and install it when i try to login again it says login expired.the worest mobile banking in ethiopia. fix it,1,0,,2026-04-15 22:27:26,,,
6c83211d-9519-4ace-8f28-685d99495146,besye bese,https://play-lh.googleusercontent.com/a-/ALV-UjVdhckW4piZaRN67p-BLONw6T5wVTy42wOox6G9_TT_R_zlS3T4,good,5,0,26.03.13,2026-04-15 19:34:48,,,26.03.13
318cb64b-9d02-44c4-b2fd-5f41c7469bb1,Taye Admasu,https://play-lh.googleusercontent.com/a/ACg8ocJgSQi0ywy2Ymsp7Qu8FgSvUNBHygAJZVj1uov_x5r_MugDHQ=mo,like,5,1,,2026-04-14 13:29:54,,,
9f7cd635-f2b0-4f15-9b58-c6dd91c6941c,Melkamu Mamre,https://play-lh.googleusercontent.com/a/ACg8ocKcaxKL17gByQd3eOy6H4fv5MMarj99QwMuPmzJ0xdYqt7kFQ=mo,Why transfer to telebirr agent doesn't work?,3,1,26.03.13,2026-04-14 11:43:34,,,26.03.13
01ba3c51-8d90-417b-8fb8-e64ac6756b45,Fiseha Alehegn,https://play-lh.googleusercontent.com/a/ACg8ocLUfXdzHHoXMwNu8Wa-hIiMpmg9NMFeztNk22gMw5CHCOdAiZg=mo,best 👌 app in entire industry,5,0,25.09.03,2026-04-14 11:31:05,,,25.09.03
929c8fca-6fea-4fd9-ba70-bba627382de6,Ruth Abyot,https://play-lh.googleusercontent.com/a/ACg8ocJnPsgX3eRcLLKBhMUSD129tdo0zevZYP7IQ8pGmiGLiZgaYw=mo,besst app,5,0,25.09.03,2026-04-14 10:22:22,,,25.09.03
48f6529a-a377-44a5-ba41-98950aa02b4f,Lul Chuol Tut,https://play-lh.googleusercontent.com/a-/ALV-UjUrrLuYrW0U3eHCsDFiWXOGuoZX7bUyPiouEGVvkIoSjG9FkVU,good 👍,5,0,26.02.21,2026-04-13 16:59:18,,,26.02.21
14eb0357-cfd2-43d1-8944-abc17e05f6e3,Kesanet Hayle,https://play-lh.googleusercontent.com/a/ACg8ocLJZVL_0bYK-5CR0ta7TGUVvlQPlPc9SEO0Z2GvJuNlep6C8A=mo,ksanet hayle,5,1,26.03.13,2026-04-11 15:27:27,,,26.03.13
22851df9-cdae-4a17-b9d2-088a97c3a797,Shegaw Mulugeta,https://play-lh.googleusercontent.com/a/ACg8ocL5pRsN8oxsDQHhPQ57ER9A_Yzw06RIB6V0tlVuRm4d-JjFuA=mo,this app is not use my pbone android 16 and not fix boa nearest branch how to use this app,1,2,,2026-04-11 13:14:32,,,
105fd159-c2b7-42ff-b37a-c81a59af201c,Tsionat,https://play-lh.googleusercontent.com/a-/ALV-UjUo_jWUNB0L2g3nzzH99_SN6mf0XRGl4WZ8T30Ro07GwfgOcmM,"disappointing experience .couldn't even do transactions ,so slow .you should check and update it please",1,7,26.03.13,2026-04-09 15:06:03,,,26.03.13
8e9ddf9f-a6b7-4056-a345-b7c0489233c8,Fitsum Getu,https://play-lh.googleusercontent.com/a-/ALV-UjXQbWJ9Y7dA_DTM_8mHxCyaRb-elJyhCehyTAaZcuDLUI3AG5Ta,poor functional and also very interactive customer service at branch,1,6,26.03.13,2026-04-09 11:51:02,,,26.03.13
50d68ed5-19d2-40f1-a948-c1a072fb98f8,girum belay,https://play-lh.googleusercontent.com/a-/ALV-UjW3Svq7ug3YNzrox8fyql72lBzger67bVbleCdkkklxaDEmkENR,low networks,4,0,,2026-04-08 08:58:34,,,
10230d63-8070-4eda-85aa-5782d88da114,koricha nigussie,https://play-lh.googleusercontent.com/a/ACg8ocJDJONxtvQbntVxfdb-JeCIu4qg3pzmaklP3Imb45-vzvMJsQ=mo,Fast& Modern,5,0,26.03.13,2026-04-08 03:29:24,,,26.03.13
407c37a2-de47-453b-8da7-841df078cb72,Samrawit Tasew,https://play-lh.googleusercontent.com/a/ACg8ocKfDWKM5m-w2Q4v0cAlBDgfx_tx9UvceJA7Xcp5T7L9B3sSKg=mo,very nice service appreciated 👍,5,2,25.09.03,2026-04-07 09:00:42,,,25.09.03
038d7a37-ffff-414e-8541-1eb631e12831,Yared,https://play-lh.googleusercontent.com/a/ACg8ocKm3vqBGJdjBpMqDoAyb4Sg7gxFSQcCFZ6FeLUPm_QwBIeDKA=mo,it's not working always says error occured,1,6,26.03.13,2026-04-06 11:39:36,,,26.03.13
47add928-95f5-4571-837b-07ebc277cbac,Biniyam Bonu,https://play-lh.googleusercontent.com/a/ACg8ocKQWyYrkBisqHP_OWjVDFnno1Su1zrmtCfzJJDjAgf-Bh8M_Q=mo,good,5,1,,2026-04-06 10:55:00,,,
31582f65-c3f8-484a-9722-7d05056f3b03,iSRAEL girma,https://play-lh.googleusercontent.com/a-/ALV-UjUN1N9S05Rp2bqzUrkRCPgCe7D7Oz9AXuVOeuYUlef0rpwBaHE,fast and reliable app,5,1,25.09.03,2026-04-02 19:29:36,,,25.09.03
c8be0ce7-a13f-409f-b1b6-2e14ed2215f0,Tesfaye Faye,https://play-lh.googleusercontent.com/a/ACg8ocLLROrzDHzua7I1EoTD4PwnXBOqea-LSesCx5HVZwNWO05O6w=mo,good,1,1,25.09.03,2026-04-02 14:07:10,,,25.09.03
f37e6779-292b-44fb-8a42-0418f4fd0948,Agomas Tasfe,https://play-lh.googleusercontent.com/a/ACg8ocJUr2sonxSyBJAUxW8adlKRQ2AcAJ_IN-fZFBrViuw4QiRsWQ=mo,እረተውኝ,5,1,25.09.03,2026-04-01 16:08:30,,,25.09.03
7ae56192-8700-43f2-9fb2-49bbfa144bd7,Abdu Munziir,https://play-lh.googleusercontent.com/a-/ALV-UjXrMEenrAeQW7UnvfDazmzBgOi08vPpRduJp5que1BkpQveoOI,good,1,1,26.03.13,2026-04-01 15:15:02,,,26.03.13
a0fcc135-8cce-41a8-ac35-f7ac32579551,Yonas Balcha Law office,https://play-lh.googleusercontent.com/a-/ALV-UjU0jZFW5I2iuPJrwvhYD3aQtWqJov_drVNXSw1IqKgn58Y3Viw,its good,5,1,,2026-04-01 13:23:58,,,
8f956c91-f53f-468e-a435-037d14d2ce22,Abdusemed Dinsefa,https://play-lh.googleusercontent.com/a/ACg8ocKc6cvQ0DSfzkgH4rdC3fvUamQGXVVZarmxfsIEJw09cRVeLg=mo,updte,3,1,25.09.03,2026-04-01 08:45:59,,,25.09.03
66f48a18-1570-4203-bbfb-ef7195886289,Kiya Kiya,https://play-lh.googleusercontent.com/a/ACg8ocKjRYkLnxAzaYdlO11Lh75SqntjHdZN3sXTxRu4EYACQol_Bg=mo,nice,5,0,26.03.13,2026-03-31 14:07:14,,,26.03.13
a5f24e46-f662-4b0c-bfd9-201a1ffae051,Jemal Ahmed,https://play-lh.googleusercontent.com/a/ACg8ocKwrm9bKOjnOJlg-E_71E81nl7jLBqRUZieIbRBgbBiqgVs6Q=mo,"Personal opinion: If Abyssinia Mobile Banking allows you to use data from the SIM card where banking is activated, for example, if the connection to the WiFi router stops, if it is possible to use the SIM card where it was activated, and if the password can finally be re-entered 🙏",5,19,26.03.13,2026-03-31 12:54:21,,,26.03.13
a5b1aa5a-9e3e-4813-9c49-38294b57bb4f,Tsegaye Solomon,https://play-lh.googleusercontent.com/a/ACg8ocJfvDjgf-CiS6vz3F1NlwbjsXzhSVLqd1q-mjzUlLl2O8Jj-1c=mo,stupid app! when i try to send money it says error occured,1,5,26.03.13,2026-03-31 10:49:46,,,26.03.13
0d5ca57e-ebdb-45e8-a644-3c6a3cbbe08c,NEbyat Tesfay,https://play-lh.googleusercontent.com/a/ACg8ocIOFDVweeZU3z0UGlvbMnbTUViWnWkEaBxKL2_emD3H2Es2jg=mo,i loveit,5,1,,2026-03-31 10:44:00,,,
dda71594-6f09-44f4-8548-72582165fda5,Halefom Gebremedhn,https://play-lh.googleusercontent.com/a/ACg8ocK0u0V3nk371D-VqFVCEuDYo2ybGrKsgpjQtdI9KW1kGVHs0w=mo,Boa yleyal,5,1,26.03.13,2026-03-31 05:30:53,,,26.03.13
264d35fa-6853-41af-a197-092aea324674,Tilahun Demssie,https://play-lh.googleusercontent.com/a-/ALV-UjWMcM-jvZHWJSj0xVDf1PWsACKfCU4b8rjviwNZEq0wGg5llESJ,lovely,2,1,26.03.13,2026-03-30 16:32:45,,,26.03.13
d06616dd-798f-44c1-ba1f-348e1ff3e9bd,Efrem Hailemariyam,https://play-lh.googleusercontent.com/a-/ALV-UjVVNmscUMpvhZzYY_DFwfMu86qhGSyCsEoAgYCZHDHwmBedmqg,other bank is very slow,5,1,26.02.21,2026-03-30 11:45:41,,,26.02.21
72e8378d-4819-471d-bb57-4dc45eb91d0f,ነገን ላየው እጋጋለው,https://play-lh.googleusercontent.com/a/ACg8ocLqTBCabTQoinC1V3SFplwECoe0V0ZyJSskq6ivk1wHjvIfhA=mo,good,5,1,,2026-03-29 18:15:19,,,
76a456ed-ff72-4dac-80f9-125290fbb623,Tsegaye Terefe,https://play-lh.googleusercontent.com/a-/ALV-UjWvD5dU585QYPJ6WyrQDm-CSjn6m4X1E6IhTsz5-4nc02ouqtQ,When transaction done form BOA to Other Bank accounts the receipt does not include the name of receipant(the who receive the money),4,1,,2026-03-29 17:22:33,,,
e8ee7b63-1c88-42d8-babd-9a0525ed51ce,Habetamu Degu,https://play-lh.googleusercontent.com/a/ACg8ocLwVNLReA5-Ns-wMk5hjDnkbEbzg97wD100tkw2Y8xjZNwS6Q=mo,Niyse,5,0,,2026-03-29 15:18:37,,,
6996aec2-7415-4ff6-94f9-3fae7f269772,Getnet,https://play-lh.googleusercontent.com/a/ACg8ocInAlzIjHwIWDgpgR1IFsXtgISmFCotpT59wiM5VLvyfb0g-Q=mo,good,3,1,25.09.03,2026-03-29 10:54:30,,,25.09.03
1de03aee-6087-48b7-9c16-833a1db513c0,Ayichew Demeke,https://play-lh.googleusercontent.com/a-/ALV-UjX4y0ApscO4SIxwBQm03xcs47LIk_EdkUMLTqR6W9jKkcmkMG3V,my choice BOA,5,1,25.09.03,2026-03-28 19:21:32,,,25.09.03
fc343f2b-f7c3-477a-8b30-e12762c3acda,Yared Sisay,https://play-lh.googleusercontent.com/a-/ALV-UjVnXomV05dmzx-KTPsLVDOEHfFMV3Vl1lu1iXlDnxogKqUgw7g,በጣም ጥሩ ነው,5,1,,2026-03-28 16:16:38,,,
5af2ed8c-8f32-475e-9c7e-104b14bbd9a1,Feyisa,https://play-lh.googleusercontent.com/a/ACg8ocJ_I6jkhG21TbMHVLN1LZCZVLdGTRY5sw25lm67NGNz8k6-6Q=mo,smart app,5,0,25.09.03,2026-03-28 16:12:54,,,25.09.03
9cba03ec-5bab-4f70-b81e-c02e5fe2e97a,Suleman Mohammed,https://play-lh.googleusercontent.com/a-/ALV-UjXukMnjcqE20tly1njW8ZuLw9Y5IMvtLdlCU58uhDs4Tt51K44,emails connect to pone numbers link all the city banks by location naw,5,2,26.03.13,2026-03-28 14:00:36,,,26.03.13
4d77ffbf-a33d-4b0b-bbb4-22fde799e25d,Meseret Gorfu,https://play-lh.googleusercontent.com/a/ACg8ocKIAmOBcS9w-Q82kiFHCNPHDOkulxmEBtv7hU3ixcQyOBD0bA=mo,good,5,0,26.03.13,2026-03-28 13:03:39,,,26.03.13
10a506ce-01bb-4001-92f4-195ae6ddff07,Nigus King,https://play-lh.googleusercontent.com/a-/ALV-UjWshRzu9CVq2MieUjJE9HWdvQNeRqo7zE2VfSA9Itdxcje3kB1g,good,1,0,25.09.03,2026-03-28 12:30:46,,,25.09.03
7bf62829-1879-44f0-a4d4-356779e762d7,Henok Aragaw,https://play-lh.googleusercontent.com/a-/ALV-UjXAKonGJlKEZzD7EuUIdlgWBVE7l4Lb9fsQ2HIDuT040tOtLK9_,My favorite app,5,0,26.03.13,2026-03-28 11:55:13,,,26.03.13
15bc654d-c9be-4cf2-a245-c7786a229cf3,Firehiwot Taye,https://play-lh.googleusercontent.com/a/ACg8ocL2tpLtoAcdFuwC2kNIJ44bU9MWJw3_kRWQxI-JUfkTo3FR0w=mo,very good,5,0,25.09.03,2026-03-28 11:21:33,,,25.09.03
9e0c8000-1334-4a4d-b365-135f5bfe19f1,Alemayehu Alebachew,https://play-lh.googleusercontent.com/a/ACg8ocJnZOlS9CPMK6_v6WiwZkpjWtHfWEgrgVKrXQ00CBAxA4MkOA=mo,smart app smart bank,5,0,26.03.13,2026-03-27 15:38:41,,,26.03.13
b3eeddca-511a-4476-95fd-5e1c3efca410,Elias Solomon,https://play-lh.googleusercontent.com/a-/ALV-UjWZ1yBLrAs5WcYJRDaNh1Ezmtda4vPrV6qA44uFvUIKtwOqIOGF,You can't rely on Abyssinia. They are the worst,1,2,26.03.13,2026-03-26 11:16:54,,,26.03.13
497be43a-22d6-41de-b1b8-25b6a9828edb,Beky Mesfin,https://play-lh.googleusercontent.com/a-/ALV-UjVHhu3jV5NwGU4_zF1gFDEmmW_6_G83BxS_y7mW8tGNURKJ7xg,its the the bank of bank,5,0,26.03.13,2026-03-25 10:33:59,,,26.03.13
6c8a57ec-bedc-4a6d-8e55-bc128ed414a9,Ethio Addis,https://play-lh.googleusercontent.com/a-/ALV-UjWmHKJ1ynZ4MHGjX2AkYxtnHCnRp8pRqoU8-5T-x-EuZ13jcGxw,good app,5,0,25.09.03,2026-03-24 21:25:44,,,25.09.03
a65f4039-7ba9-41e9-9134-f6149caf042d,Wahid Haftu,https://play-lh.googleusercontent.com/a-/ALV-UjVBytRcO89HeNF1rvv5othFXJwEWC9OqLLQUwEEsCU0WPCmCgsm,beti araya,5,0,26.03.13,2026-03-24 17:17:35,,,26.03.13
f99de809-b2fa-4d2b-8989-1974209a2871,Muhyiddiin Aadam,https://play-lh.googleusercontent.com/a-/ALV-UjVVAHkRbsPMKrjEj1qPTMFphn9Jd0sGJsGr2hyXi0ufaYdwk8YJ,ok app,5,0,25.09.03,2026-03-24 14:48:11,,,25.09.03
d31fdcca-49f2-463d-bfbe-820880299924,Mohammed Nasir,https://play-lh.googleusercontent.com/a-/ALV-UjVhCqjwOqsH6-Uk0WBMpUen3B9RHQ63ohr_plJTfl3tcIJs9sZz,something is wrong,2,0,,2026-03-24 10:45:40,,,
00b7b233-2a55-47e9-9645-7fb550289103,Nizamu Awol,https://play-lh.googleusercontent.com/a-/ALV-UjW2EYn-iE5HhMryCXAhRaVsH-vIS5UgWana9h6849igZE5SHB86,abanamu boriifuu hindhabamu horiinu ajiraanu woliinuu,5,0,,2026-03-24 06:43:54,,,
9fd15475-73a2-4719-8f0d-7189419e1f3f,Desalegn Desu,https://play-lh.googleusercontent.com/a-/ALV-UjUkbHbA-Bxoj10hCona9lm96l6dEFiIEZ-fjITCYXB8CguzW_I,good up except some sluggishness,5,0,26.03.13,2026-03-23 20:49:38,,,26.03.13
fb7ecaf6-a3b5-4010-9213-9f95c8f56bc5,Meaza Selemun,https://play-lh.googleusercontent.com/a/ACg8ocLHfiu5Py3ZyPzyHjSnPRFwXKtT8Ad5yTJcZaQbBJzWurmR=mo,good app,5,0,26.03.13,2026-03-23 17:41:59,,,26.03.13
b281bf2a-d118-4208-89d3-0ce0a72cc301,mesfin Eshetu,https://play-lh.googleusercontent.com/a-/ALV-UjUBbOvR3yfMmKSEq9xet2bIXD67f4eQF5_88xwaD-rsO50cwV1K,it is not bad it just ok,4,0,26.02.21,2026-03-23 17:06:18,,,26.02.21
092c3e04-f7d6-4b28-92f1-de5a918b3fbc,Derebe Andargie,https://play-lh.googleusercontent.com/a/ACg8ocLr_yPYWIBe7H7OlVAAJHjkgJ5dEDFwCBxBbnuNwWjb2pysvA=mo,well,1,0,26.03.13,2026-03-22 21:16:21,,,26.03.13
a91a45f2-b0c9-4bc3-91ea-4ce2443d4cc5,Kebe M,https://play-lh.googleusercontent.com/a/ACg8ocK4MR2rNZiOpnPmD-zGYvzQRunWx9XZQMOxSzwEsu985C6e_A=mo,i can't transfer money to other bank. 😒😒,4,0,,2026-03-22 18:05:01,,,
604814f0-010f-4950-b333-613f0105bc15,Tamiru Dejene,https://play-lh.googleusercontent.com/a/ACg8ocJJtxMaS6X7HLPS7G6NLSYLeKBMoKwSdIxnyul0z-8aGcqhpA=mo,doesn't work,1,0,26.03.13,2026-03-22 15:34:33,,,26.03.13
8d34cfb6-9bcb-4912-aee0-aa2a2b1592de,Cheru Brihanu,https://play-lh.googleusercontent.com/a/ACg8ocLRFoJWrpdGNlyYtQLlhUsFNh-T9ONWcDtC8TAeNZIA7FfCFA=mo,cheru birhanu,1,0,26.03.13,2026-03-22 15:27:34,,,26.03.13
1cb1105a-67fe-458a-9743-5d34693acf56,Mesfin Gulilat,https://play-lh.googleusercontent.com/a-/ALV-UjX9M8nVRKVLdFtFiIvoRX032Vr0lcaJzcznoSZXV5mpIDqWdeiT,This app good b/c reduce my time,5,0,26.02.21,2026-03-22 13:01:24,,,26.02.21
ecdd5515-c1f8-41a4-9803-6d0d7052c621,Sileshi debebe,https://play-lh.googleusercontent.com/a-/ALV-UjU3y5ZammqSVHgy5VyO5iDIzJTF7DRh8ueesnAPxVEw0tcOACA,Machin tecnoloj,3,0,26.03.13,2026-03-22 09:08:21,,,26.03.13
a80ce3bd-0391-4df1-9df2-9c0bcc7394fa,Bayu Tigabu,https://play-lh.googleusercontent.com/a/ACg8ocJNuFdxnHjhm5CguxujmMGB0o_ENqmAUJgKjb4QQL_E1LPzTg=mo,developer option offe,1,0,26.03.13,2026-03-22 07:13:54,,,26.03.13
a366f66f-c0a0-425e-add1-7e71b1610e2f,Radwan Houssein Aden,https://play-lh.googleusercontent.com/a/ACg8ocKWZGYcAlFuj47LaAKz7bmHq4bwoCPkdXWc4mWeYhXLXlSSnA=mo,"Bank of Abyssinia used to be the best for me, but now I don’t think so. I spent the whole day at the branch trying to fix my mobile banking, yet nothing changed. I was asked repeatedly for my ID and signature without any real solution. It’s disappointing and frustrating to see such poor service. I expected much better 🙏 Please fix this urgently 🙏",1,20,26.03.13,2026-03-22 01:37:47,,,26.03.13
c32769ec-e713-4554-8201-ffd51ab48981,Hayder Hayder,https://play-lh.googleusercontent.com/a-/ALV-UjXvq1FxrF9R3FoN-IrqsqbraTeRh8H2BmBps42VoSP-xUlEymSL,good!,4,0,25.09.03,2026-03-21 21:03:29,,,25.09.03
ce641b2b-d040-4aad-b192-b315e92b28aa,Nesredin Mohammed,https://play-lh.googleusercontent.com/a/ACg8ocIbwZ8Fq19vJmnthox32IMua01nJX36UN9rVjHX3c0MCnGXhpY=mo,BoA Mobile app,5,1,26.03.13,2026-03-21 20:44:51,,,26.03.13
fef1bdda-a92c-4675-905c-ed939d8eb4a4,smart home luxury designs,https://play-lh.googleusercontent.com/a-/ALV-UjWqOhVsybObdb-V0kqwLqirl6rs_wvlggKAj0u8arXLbigsx-j2,good,5,1,26.03.13,2026-03-21 18:58:45,,,26.03.13
21fc9272-5122-48ca-bc6d-a291f71620fc,Dire Direhussen,https://play-lh.googleusercontent.com/a/ACg8ocIsSz6LcIzUBuv7ls1hD2VKrQmlW653bXJtE3Be32VYj-V-Xg=mo,it is simple and fast app,5,0,25.09.03,2026-03-21 15:46:14,,,25.09.03
1fcda048-250e-4a29-80f9-d39920317960,Kaleab Desta,https://play-lh.googleusercontent.com/a-/ALV-UjV9OaM6HDTm7maQEpdyunJaHcll3U5_ZVio2j1g2ukDV5BVjD3L,awful,1,0,26.02.21,2026-03-21 13:19:20,,,26.02.21
ba01b39e-49a4-47de-8190-691ff2001b14,teset esete,https://play-lh.googleusercontent.com/a/ACg8ocLIlg2ng9Ys1oPh8A3Wa3pn18lkrAanpm_aRrxEY4LYJ-wHFuo=mo,👍👍👍,5,0,26.02.21,2026-03-20 22:07:00,,,26.02.21
4c1ebf7f-b18b-4ce2-990c-70a55af4970f,Melese Tesera,https://play-lh.googleusercontent.com/a/ACg8ocLq9WLFF5hMDSMFHcln0PaxgGeHPzaxJchwBh7QhUorOEYsKw=mo,ቤጣም ጥሩ ነው ግን ኖ ፍጥነት ብዙ ስታክ ኦኬ,5,0,26.02.21,2026-03-20 19:52:11,,,26.02.21
45da188c-ee3d-48ba-ae25-95e3ea64375b,Esayas Gebreyesus,https://play-lh.googleusercontent.com/a-/ALV-UjUy2hoYWRvzPuY4xMnnTPhEoFll6zVOLF7gQM4kL44vGisKefI,best app,5,0,,2026-03-20 17:06:44,,,
5e708cce-69b7-450d-9483-a7f2fd282d17,Haylud Amare,https://play-lh.googleusercontent.com/a-/ALV-UjUvqz9V2PZrU6LeRGndDI4wL5hOkkdsUvu0nwUnadZiRqM-gMk,awesome and fast app it uses to do my work easier..🥰,5,0,25.09.03,2026-03-20 16:34:08,,,25.09.03
c431d0dc-49fa-40a4-8191-062c7fdb5c88,Seyfe Mekonenn,https://play-lh.googleusercontent.com/a-/ALV-UjWed3VYyHdNiDSWTSwnbwXg2ozxcaoRkp2tuTElHr31IB84EbRo,simple and fast,5,0,26.03.13,2026-03-20 10:22:05,,,26.03.13
c16f4d45-4e69-43f9-9203-b16d8b7a6692,THE KINGDOM OF GOD,https://play-lh.googleusercontent.com/a-/ALV-UjVlvxvpbXEtKrOfRqv-PTvXPLWZ5rWBHICBWM9wYoPjI-Wl74wK,very good appreciation trusted,5,0,26.02.21,2026-03-20 08:02:57,,,26.02.21
cf575ba2-ee28-4c66-9f8c-60c988dad388,Dessie Taye,https://play-lh.googleusercontent.com/a-/ALV-UjWrK7aBCEtdSYcpn6lMDMOc4GRzoVJjuitmj076PyxhNfR7BgP7,very nice app u love it,5,0,25.09.03,2026-03-19 20:41:26,,,25.09.03
6d2e0b19-ee1c-464e-92da-8a3878a6a77e,Muhamed Alikadr,https://play-lh.googleusercontent.com/a-/ALV-UjUq0dS7IdtIkVYPI_nsCnwJ5xss_FGuNI9zBfuEIwMUyR7K6nU,happy,4,0,25.09.03,2026-03-19 15:53:03,,,25.09.03
edff7faf-b934-4fe1-b2c8-e09d9969b7c0,kaleab bayih,https://play-lh.googleusercontent.com/a/ACg8ocI56ka-mETZwhHrU0CvCBZdn2lAmmuCUOLs8xDyFUGSR1N_mw=mo,The worst banking app ever. When I toggle the balance button it shows session expired. I can't even check balance😔,1,17,26.03.13,2026-03-19 15:36:05,,,26.03.13
9954a863-cf04-49b4-9bbc-01d2d643502e,Teshome Gonfa,https://play-lh.googleusercontent.com/a-/ALV-UjV_QvCWnezDKr5ggWfg9iLTnS13wExpm-3e86eGX_3W2Rs96Ern,Secured and rely on BOA.,4,0,25.09.03,2026-03-19 11:59:18,,,25.09.03
dac34b11-7a4d-4f66-a3fe-95938462c184,Kb Love,https://play-lh.googleusercontent.com/a/ACg8ocIkPFRZkWwxevRdvr7qsg6bPVl4IHfu7c5pZ5mB9WaU7DT1CA=mo,good,5,0,26.02.21,2026-03-19 11:50:48,,,26.02.21
032dff22-c873-478f-a913-a114025670aa,Dessie Nebebe,https://play-lh.googleusercontent.com/a-/ALV-UjVjS19pDwO4OBbL_dsSqECeJyEGb7FkIvxtuVvfucKf5k4BGlX6,Nice App,5,0,25.09.03,2026-03-19 10:46:40,,,25.09.03
48fa3615-0cf4-4b8e-ae49-f141c3f15162,Yewubdar Yakob,https://play-lh.googleusercontent.com/a/ACg8ocKtJ9X93IOKmF6GqxhOmUy3UbDi5odHIgxXwp5eVs0NjRem_w=mo,Good,1,0,26.02.21,2026-03-18 12:23:54,,,26.02.21
c6200fcc-33ca-46b6-9ce5-4aeb040c5da5,Zelalem Birhanu,https://play-lh.googleusercontent.com/a-/ALV-UjXBwYzuHWHQg9wnW8idT-CS4ioMIJ80U7sHmJsTP4Z2w73XCaE,very good app,5,0,26.02.21,2026-03-18 09:31:21,,,26.02.21
f816839a-36b8-4b5a-b5af-21f1913111ea,seid Abdurehman Edris,https://play-lh.googleusercontent.com/a/ACg8ocLDygfclbSdAsOLjHD_PnKarMonCdBicckzyBrZpOet9Mtj_Q=mo,good to use,5,0,,2026-03-18 09:14:55,,,
bfe58ba2-47aa-465d-a20d-155b0881e459,Mesfin Getachew,https://play-lh.googleusercontent.com/a/ACg8ocK0AfGB74pDxPuLROAQ3sAcblSYqxeWYcojqTRvZwI3OlGq=mo,excellent!,5,0,26.02.21,2026-03-18 08:44:45,,,26.02.21
4d566296-4a24-4bbd-9c34-5d1ea6b165ed,Rahul Luhar,https://play-lh.googleusercontent.com/a-/ALV-UjVrp3HJlILQmQ-_Z_hMR1yCv_27AYd_h15yaoWKmDqqrnQ4uy8,Thanks bank of Abisiniya,5,0,25.09.03,2026-03-17 23:02:36,,,25.09.03
09ea6149-89ce-49f0-9dc2-90955569d5aa,Toma Toma,https://play-lh.googleusercontent.com/a/ACg8ocK0JjJ_FhtcZeUXA-coCRKR9qqg0F0DgWA4Az4u9X_Pv02SDw=mo,good ap,5,0,,2026-03-17 22:09:50,,,
4e61715f-d0e9-4bbd-8421-f40d7b4b7f0c,Edget Shimelis,https://play-lh.googleusercontent.com/a-/ALV-UjWIasUElxi2ywLo1biy1DBZdyip1W4mCKIJOBvUHUmzaoGceTYt,Very nice application,5,1,26.02.21,2026-03-17 21:33:30,,,26.02.21
f58f914c-0ffb-4628-85f9-bf8a1b437f91,Woretaw Tadesse,https://play-lh.googleusercontent.com/a-/ALV-UjV3C6OCV_Qft-_owUkUPtAtbq_cF4usv0jYciae6ImIHaRE7LrX,the BoA is the smartest app,5,0,,2026-03-17 20:04:57,,,
060d78f1-10a0-4b14-92fc-42b6f8522711,abebe gebremedhin,https://play-lh.googleusercontent.com/a/ACg8ocIjzuJaNy2gR1NV9WJA4LCW7igEqix6kuosHNMDi2gDArBPWg=mo,nice,5,0,25.09.03,2026-03-17 19:55:05,,,25.09.03
39c77552-ecde-49f4-a8f0-7e6ec8c5c777,Brex Alex,https://play-lh.googleusercontent.com/a/ACg8ocLMIT4cUKaa--0wjW3zYJLqPCLtaX8XA0F-420mKIHw06FMmQ=mo,Wow!!,5,0,25.09.03,2026-03-17 18:31:36,,,25.09.03
0adc215d-c5a2-42e4-a33d-d53eb5255472,robel gebru,https://play-lh.googleusercontent.com/a-/ALV-UjU3awbdVyaw_-I_dQ2XFBULwvMQpJN614q6wl53nuX9jfUCQmIB,v.good,5,0,25.09.03,2026-03-17 18:07:57,,,25.09.03
ba8f8347-bd95-44be-8932-97c3f2956f60,abush Yewa,https://play-lh.googleusercontent.com/a-/ALV-UjUhkQPpGz_X-XG0UrJ0PQazzUBJ8kGcO_mheIsfKt6M3mOFtUM,wow,5,0,26.02.21,2026-03-17 17:57:37,,,26.02.21
b18f9e3b-0b2d-422c-82ef-5509224392c8,Siltanu Woldemeskel,https://play-lh.googleusercontent.com/a-/ALV-UjVh98owJeFtvKLYO9wkP56j-qBhf7AouIjnY2XmGhJwjAD5RqmQ,best,5,0,,2026-03-17 17:23:35,,,
030395b6-8973-46bc-af95-d79fa6fb7fec,Remedan Shame,https://play-lh.googleusercontent.com/a/ACg8ocLUtU9jG-5jPIZ6WBCslN6Ew8D-sO_WEsTlh-lNnUWZNcXbTNI=mo,very excellent and truth application.,5,2,26.02.21,2026-03-17 17:09:01,,,26.02.21
a72d0ffe-b307-4b67-bfe0-a8b44cfb323d,Asamenew Bedane,https://play-lh.googleusercontent.com/a/ACg8ocKrjNoadXOVnJjijq-TfFOmuRYKuZuTAVQtU6O2atQP5zARfg=mo,very good,4,0,26.02.21,2026-03-17 16:19:40,,,26.02.21
f0660042-ece9-4c99-904f-b3dbd6911219,Iron Lady,https://play-lh.googleusercontent.com/a-/ALV-UjUVXaplADwnGT0vZ7YNVi3GGd1at8pilJMU0xwdsBg8KW4cBJkl,"All problems are fixed now , easy to use recommended.",5,52,26.03.13,2026-03-17 15:28:29,,,26.03.13
37e22804-5a4f-41af-a915-8e1fe824b423,Ahmed Yesuf,https://play-lh.googleusercontent.com/a-/ALV-UjWm6CckD6SkF87PAu4_j4H4a2QI30o9SNvn8dck_F7_8yJ10hsc,it is slow app pls update more,5,0,26.02.21,2026-03-17 14:51:45,,,26.02.21
65ad93b2-92b3-4617-a108-ad4372743b5f,Fitsum Hailu,https://play-lh.googleusercontent.com/a-/ALV-UjXNYwwsK5mQjSIrwbMcmLnpWr-tP3K9hfaQjLG0u_DxufdCeZaE,good,5,0,25.09.03,2026-03-17 14:44:06,,,25.09.03
ab97e88f-949d-4afa-8d55-1d3550cfc1b4,Behru Mensur,https://play-lh.googleusercontent.com/a/ACg8ocLrgYXXV2LxEpz3pSCCSBSoE9VlU82H3-Wm8mBHatFxFfkqMQ=mo,amazing app ever,5,0,26.02.21,2026-03-17 13:17:29,,,26.02.21
96e99b1d-3f4e-493a-81d8-e24d64fe9917,Tour Ur,https://play-lh.googleusercontent.com/a/ACg8ocLXBGyZlk_BSr9qXiOrYZk1XxgSrNCd_ihEOvT-8qMqOO02nA=mo,It did not work at all for me,1,1,26.03.13,2026-03-17 13:06:11,,,26.03.13
22e5506e-0a34-4fa2-8e9a-e5d95c838a16,bereket eyasu,https://play-lh.googleusercontent.com/a-/ALV-UjXeWiH23y2H7o3ZArxpkpcnr9Ji_SKlu24blFw0F8QeiCN82ww,besat🥰,4,0,26.02.21,2026-03-17 09:15:05,,,26.02.21
6f7469d0-92a9-4c1b-a681-7d05865f2c73,Petros Gebrehawariat,https://play-lh.googleusercontent.com/a/ACg8ocJhwoAAE2eyCaTXXn59NgMuP0phD1g1v542g6aSkIzO5OGx_A=mo,amazing 😄 service I appreciate it,5,0,25.09.03,2026-03-17 08:56:41,,,25.09.03
4c486849-a97c-43c4-a07a-784aaca084eb,Abdu Hasen,https://play-lh.googleusercontent.com/a/ACg8ocLv6trlxynjt4m_qrz6JwFOAj-moyhqG9DlmaGcGOXeqC2pTWM=mo,no limit app,5,0,,2026-03-17 00:22:38,,,
b158b82f-2480-410c-bce9-f745033367ee,Semegnew Vergo,https://play-lh.googleusercontent.com/a-/ALV-UjXXPVIkHIpkI5EtgWK7Ac1ipyO61PTecx9KX05k6Ki4sksBW-I3,Very excayeted and degjetalization more accecing to any markate enabled servece also hamble so more atande,4,7,26.02.21,2026-03-16 23:29:33,,,26.02.21
d770ebf8-251b-4a57-8a5d-3d6aef512e06,Mehary Mezemir D.,https://play-lh.googleusercontent.com/a-/ALV-UjUtPavXxQb7IUMJCJZ-rwgOsFU55pvF6DJ1t-40k8eb5OOHZNkwaQ,Best !,5,0,26.02.21,2026-03-16 17:58:39,,,26.02.21
771ca16b-78f0-46bb-ab16-0c79fd487527,Eyob L. Getaneh,https://play-lh.googleusercontent.com/a/ACg8ocKW3pjcaViV6dlSgHGJfpwFRjW1rM1yLj7u5IJoJQwyOunBPWg=mo,the app is always full of bugs and I don't know why they don't even try to fix them it's been like this for years it's always unstable,1,2,,2026-03-16 17:35:33,,,
d7f3d46c-c135-448e-81d5-ff8c093ae343,Kesete Tesfay,https://play-lh.googleusercontent.com/a-/ALV-UjVIhNql_aXyOCF5Sxthd6AMEUcANwerfDlWSu09wjKejRX1VNTC,very good,4,0,25.09.03,2026-03-16 16:38:16,,,25.09.03
457d0b18-98e6-4d98-8062-a96227cdde43,Mrutse Hagos,https://play-lh.googleusercontent.com/a/ACg8ocIEX7LkEANMRwXCd7UcA0Khquo16lHVBRj4-nzusvrGue_E2A=mo,fast app,5,0,26.02.21,2026-03-16 16:19:33,,,26.02.21
028ff8b4-4681-40d6-828a-eabdf8317bd0,Abdurazak Edris,https://play-lh.googleusercontent.com/a/ACg8ocJiKT1HA_QdnUYbpgZzB0ekWuTFbNWG5B1hp43hzPrVe8kLdg=mo,best app,5,0,,2026-03-16 15:58:56,,,
591b2055-caa1-4f65-9b4a-a982f7d08a6e,Digafe Alemubirete,https://play-lh.googleusercontent.com/a-/ALV-UjVKkyovJHCJZnRF5dD5tpzPftkZKHdc5jhB6kirElGd6V54EXE,very good service,3,0,,2026-03-16 15:27:55,,,
abefc5fe-bb89-461a-8e18-92f1d056fafc,Alemayehu Aserat,https://play-lh.googleusercontent.com/a/ACg8ocIlf41i4a1KMjCosy6HXd8TBA9dQi6Q5Qn2vBcFcHpp0WwHpw=mo,lovely app,5,0,26.02.21,2026-03-16 13:33:30,,,26.02.21
880076f1-597b-43f0-a72e-b2d551a85413,Nigatu Asfaw,https://play-lh.googleusercontent.com/a-/ALV-UjVcDKqH6Y4--wFPDQMl1mqQPfnRLqb_C7TR_copC4E70cPXzGTL,"BoA easily accessible, fast with best service, Go ahead",5,11,26.03.13,2026-03-16 13:19:54,,,26.03.13
e2cee706-7312-431b-bcd1-e2fdb7b8a67f,Sami Katira,https://play-lh.googleusercontent.com/a/ACg8ocKzMrRNk6MJGvMoPdWJRs2epideQbhS5Rfg0dI01RCiSOq2gw=mo,its so amazing,5,0,25.09.03,2026-03-16 10:05:14,,,25.09.03
19e1b3b3-ae93-405d-aa6a-a75f6373e15c,natnael g/mariyam,https://play-lh.googleusercontent.com/a/ACg8ocL753Ha2d3lRiLPmvO9hnHr2E7GBHynwbyVXJPsKswmmJ-Awg=mo,good,5,0,25.09.03,2026-03-16 09:23:47,,,25.09.03
e72809bb-85c7-470d-98e9-48f3600af1aa,Mickey,https://play-lh.googleusercontent.com/a-/ALV-UjUSoX72rlWYinu7act7LMGI1nTj03_3KZsPfxBnc3lv6DRb7ls,Now this bank is among those Ethiopian banks with best mobile banking. N.B I will give 5 star if the app asks a PIN before completing transaction.,4,12,26.02.21,2026-03-16 09:04:48,,,26.02.21
cf3ae773-6780-4a73-b09c-c8757ad32902,asfaw arficho,https://play-lh.googleusercontent.com/a/ACg8ocIYhZKG65jNiuf6kTB4qu-Gmu0JUFyQGUsxy2Hk1Zawbqt4IA=mo,love BOA,1,0,26.02.21,2026-03-15 15:19:43,,,26.02.21
c25d4aae-15d7-4953-9047-5885725de079,Dawit Wondimu,https://play-lh.googleusercontent.com/a-/ALV-UjVt_HpfohErr5V8dpf55x4ONi4Cv5xl1ZDL6D3Wo7rXAQgUs3E,wow,5,0,,2026-03-14 14:35:22,,,
5ad04066-3460-4e16-b5c1-a886078b0085,Black Wolfe,https://play-lh.googleusercontent.com/a-/ALV-UjV94QnKvdNqxtM9BwPOI0OEp8voFg93TtzWCPBkfLbdcvp_fOo,i like,5,0,,2026-03-14 04:23:56,,,
b060812c-af12-411e-a626-a07bc4b24f5f,NEZIF MOHAMMED YASIN,https://play-lh.googleusercontent.com/a-/ALV-UjURsu-7Lx2DO_D_3S_J_SVPn5PUXWY7aC3_xoK1pByJgw-08uVn,it stucks and jumps out,1,4,26.02.21,2026-03-13 16:50:45,,,26.02.21
ee67fbbe-15df-4e7e-9ff9-bd14b94a91fe,fkrte asfaw,https://play-lh.googleusercontent.com/a/ACg8ocLNtv8BVRY1wC1mKYjYWEsoKXWQvh3LWHYYvZV83GvPlhu77A=mo,ማስተዋልይርሳው,5,1,26.02.21,2026-03-11 13:12:22,,,26.02.21
b6b7e64a-7e99-417d-a38c-e9eab458361e,China Habtamu,https://play-lh.googleusercontent.com/a/ACg8ocKwvzi1SZPNM4weGGr3VJ7A4jRiE07Yfm-sjr1lmAP5C6oZFQ=mo,1 ደኛ,5,0,26.02.21,2026-03-11 00:15:33,,,26.02.21
3f34c8ab-9104-4850-abfe-95e3ba71a8be,Fitsum Hiwot,https://play-lh.googleusercontent.com/a-/ALV-UjWlm0BVXv_WfpK8IXlT0DXDgego3YdKguCW9Ivje4k5CsEkZAuf,nice,5,0,26.02.21,2026-03-10 17:47:02,,,26.02.21
b96d31a2-9360-43ab-ba3c-a44b324f8288,Anteneh Mesfin,https://play-lh.googleusercontent.com/a/ACg8ocLXfHNN1SmAfwuH4t7QTG7NpieMJYgt87GQ3XFfTgk7IkKMew=mo,considering the fact that bank is huge this app really bad you could do better,1,6,26.02.21,2026-03-10 16:31:41,,,26.02.21
b74e2378-9d8f-4517-a7d6-79984c8fc1c6,Dawit Abrha,https://play-lh.googleusercontent.com/a/ACg8ocK8K2Esm1DweIOU7grw5ibSuwIlCVjZVBMWvbY_KxQE8w0s9g=mo,fast security 🔥🔥🔥,5,0,,2026-03-07 12:38:41,,,
2f243de4-32f8-4508-965e-ddfc6bc03360,Kedir Anwar,https://play-lh.googleusercontent.com/a/ACg8ocL868T2JNZRnMtm9alOxhZ0WZTt3XOSCFIUm9F72JbZm0cDhg=mo,100% 😱😱,5,0,,2026-03-07 12:25:12,,,
90bd6cd8-0f2a-40e8-a6fa-26cb0c45dc80,zukurudo mifune,https://play-lh.googleusercontent.com/a-/ALV-UjUT8SFZshjo_4i7nlo25p_8w_3nNT4Y3muaCXv9eV1d7v6qBqU,doesn't work.,1,5,26.02.21,2026-03-06 02:33:39,,,26.02.21
4900e135-fde5-42b2-89f1-086fe9058fac,Toyba Mussa,https://play-lh.googleusercontent.com/a/ACg8ocLj_-4ht3I3PWhS4QyXkMumpalx-72MLpzzHtLZIFyf5upSDQ=mo,nice,5,0,26.02.21,2026-03-04 02:46:00,,,26.02.21
5e6379c2-86ca-4666-94d0-fef6ee4882c0,Neserech Mistendarkat,https://play-lh.googleusercontent.com/a/ACg8ocLkq0rzHHoJNwBTnb0MjvISjdCqSEJLW-ARfpJco3wd8J6J7Q=mo,atdtd,1,0,25.09.03,2026-03-03 11:37:40,,,25.09.03
269bf571-95ad-4fa1-ba20-82102be383ec,Andargachew Ayallew,https://play-lh.googleusercontent.com/a/ACg8ocJB7871JeQ44srGjulUUZSCSNSV7B1PP7xRDXfPPzn-yMKybQ=mo,Its so boaring app I ever had....please review and fix z deficulties,1,15,26.02.21,2026-03-03 02:47:23,,,26.02.21
2f1b12ec-7f68-4d5a-8278-28efad754be7,abdelfeta afeza,https://play-lh.googleusercontent.com/a/ACg8ocKCIvSpAxfxrxZgtDJvkVpdF4nHUkl27WOUOs39vWyNTkvkEA=mo,ፈት አፈዘ,1,0,26.02.21,2026-03-03 00:02:53,,,26.02.21
e763cbeb-416d-4a76-9dcd-1f4139eb794f,Adisu Tabor,https://play-lh.googleusercontent.com/a/ACg8ocI4dN42EMlKpDQLFOtnMyzpsmjt5UiEvbfx0e2ZqSfOkBPP5A=mo,profesionl,5,0,26.02.21,2026-03-02 12:03:39,,,26.02.21
04cf6168-e6ea-4e78-bfda-3a74588a4bad,Mebratu Yirdaw,https://play-lh.googleusercontent.com/a-/ALV-UjUgpc_ikD9KgPRG9ubCp4WDuIf5r6R4yFcI0m4huiTEjhFTOXz_,nice,5,0,26.02.21,2026-03-02 02:15:36,,,26.02.21
902fe048-d11b-4c3f-b87a-5bfc7f335399,Abinet Mekonnen,https://play-lh.googleusercontent.com/a-/ALV-UjXZjqIkRgcgMBDGfsIRAcGV6Z9ch7HwDCTGIX6691iJxHl2zbM,very nice,5,0,25.09.03,2026-03-01 17:39:22,,,25.09.03
1c8d7526-0c07-4eaf-ab06-b71ea9a2452e,Aman Gere,https://play-lh.googleusercontent.com/a/ACg8ocKd7IWK0D0VZbBSQkTToG0SOd6W6BzSp1lMH76qIbf_ZnSLGw=mo,no app,1,0,26.02.21,2026-03-01 08:58:51,,,26.02.21
8d47e2b8-571a-49e7-8b7e-3a25c87f7f52,Jafar Husen amad,https://play-lh.googleusercontent.com/a-/ALV-UjUrZr6aS_iH3j5uHBd7YAbUgNty2AILyDgI3GPbqFkFx_UCyJj5,BOA mobile app,5,0,26.02.21,2026-02-28 00:58:15,,,26.02.21
0b1b9aa3-78f5-45bc-973c-925f33baa3ff,Ibro Taha Mohammed,https://play-lh.googleusercontent.com/a/ACg8ocKPF7jfPvCDZ7cGKzLfyrLy6NgzMjU74LS5k_8AbCmch1d2Ag=mo,"Good App But big problem with Trasfer to other Bank im send some money to other bank still not reach it ,it's take time around two days",4,35,26.02.21,2026-02-27 16:46:37,,,26.02.21
ac798833-2852-4806-b49c-0870a2ca8021,Nahom luel Luel,https://play-lh.googleusercontent.com/a/ACg8ocL9YJvuBQJyELJLWLek18Tvr3ktaIM41tknhgVK36Ulh-c1Kw=mo,Use the best bank account ✅👌👌👌,5,0,,2026-02-25 04:16:11,,,
1b01f5f9-4a1c-44e3-8b89-9403a703309a,Obsinan Dajane,https://play-lh.googleusercontent.com/a/ACg8ocJi8Ow448246yua_RckBu7S5wzLm937l6GRDsdLRmgihcbl0A=mo,well app,5,0,,2026-02-24 15:34:02,,,
e1556dbc-4ca8-4d4f-a9e5-f2bf4a8559a5,usman mohammed,https://play-lh.googleusercontent.com/a-/ALV-UjVqanI_BJJa7Vy9JqMD_EjFpG5fyY9UeQtxZcvKDfM6Ga5JQU3X,"balance sync is working after 24 hours, frequently stop working for the last 4 yrs, boring update released, very poor service",2,32,26.02.21,2026-02-23 08:12:09,,,26.02.21
41416c47-1d5e-4b6c-8a1d-695bcdb3beab,FIsseha Abadi,https://play-lh.googleusercontent.com/a/ACg8ocJAW50_XNxajqyHgZ47Wz-sItGXRnPQImQicKVYZy8OECC6TA=mo,Excellent service thanks,5,0,25.09.03,2026-02-20 11:34:26,,,25.09.03
0affc54a-f15f-4be9-8016-e66f03100f76,Debela Ideto,https://play-lh.googleusercontent.com/a-/ALV-UjW_EhN-5XOGdam3f0-26r2XTmbMqcAFDbafpmUJFKBpFJRQ-Bk,good,5,0,25.09.03,2026-02-19 13:34:36,,,25.09.03
4b90ec20-d272-4b58-87c8-018dba03af72,Hamdia Jemale,https://play-lh.googleusercontent.com/a/ACg8ocL-hmdhVZVwBqriKZnz-nPHo-spdI_cC84tLSh9rr0hXk5_mA=mo,good,5,0,25.09.03,2026-02-19 04:06:32,,,25.09.03
604bf68e-7785-44ee-81b8-76f281427bbe,Brkti meles,https://play-lh.googleusercontent.com/a/ACg8ocJqoGQP12OcnDPwSPBHiJsWTzyeRAuZODrsW-kYbkGIGA1g14Rw=mo,Good,5,0,25.09.03,2026-02-17 18:53:42,,,25.09.03
df20cbb3-6c0a-407b-9b4c-c761713ce51e,Yohannes Tariku,https://play-lh.googleusercontent.com/a/ACg8ocJ8Po9_xjssDTFQ1Kk7keUSxmQgsjsUPY8i0sTlNE_ZlKfa8g=mo,it crush every time you opend it it is hard to pay quickly or to access,1,6,25.09.03,2026-02-17 10:27:49,,,25.09.03
c15244f8-25e1-4fca-9ed1-daf0e9ac0e2e,gadisa worku,https://play-lh.googleusercontent.com/a-/ALV-UjVd0vgg_Iw_-MiNoApuAhsYL397EX68vW22Kh2O-kOHT8gM6GDc,it is a best app,5,0,25.09.03,2026-02-16 02:05:31,,,25.09.03
5bc9361c-080d-46e3-8671-94ac9f69c029,Fitsum Alemayehu,https://play-lh.googleusercontent.com/a-/ALV-UjWXYOotZQSORDtvUGpSA62PXGPXLaCO0BrGWWPUBMuTpLX6_jjX,"this app is useless, i try to use it but the app crash and log me out and this is happen again and again. i thought they will fix it on update but there is no update.",1,9,25.09.03,2026-02-15 07:50:01,,,25.09.03
2b184e78-5b24-4948-af50-ea702dc35ebd,Yemaryam lij Yemaryam lij,https://play-lh.googleusercontent.com/a-/ALV-UjV7LccYbo0UKbFjJZYMz7hkNuuRUr8tqlgNmkPTvzrAt2HGe14,"It’s very hard, it’s not working.👎👎",1,0,25.09.03,2026-02-11 16:55:01,,,25.09.03
b642100d-0a91-4481-8719-d1ca5d02d5a2,Zerihun Beyene,https://play-lh.googleusercontent.com/a/ACg8ocI87Q5QvHJwYlgx6D63NQAQaEs2AqKqHJRuf8Z63BUFhD1y3Q=mo,v.good,5,0,25.09.03,2026-02-11 04:29:55,,,25.09.03
199f8774-a008-4b97-9981-35d7ce1cfb64,Abraham Asrat,https://play-lh.googleusercontent.com/a-/ALV-UjWB9UwMyyIINPvbZbeW8-X4x_TPJuULuiTyrdRH3Mw4dDDtOHAf,some time the app would have been a problem to open,5,1,25.09.03,2026-02-10 22:46:44,,,25.09.03
45f2bcd3-fde8-4b9b-b49d-7426427aee27,Ferenjo Biftu Wako,https://play-lh.googleusercontent.com/a-/ALV-UjWl-tp39R25zzndqqMxC-Eu70Oh5ykRJaAxaGN3bmxYNZFW21-QvQ,good,5,1,25.09.03,2026-02-10 09:43:43,,,25.09.03
0a96ec4a-3a1d-464e-8730-660271fd1448,Lazike Nuru,https://play-lh.googleusercontent.com/a-/ALV-UjX-HER77SD6tDZp2K4CV_0a7pLZ3Tr0Q-AgxRVZ0hHcJGimEW4W,good,5,0,25.09.03,2026-02-08 18:42:24,,,25.09.03
3e3f5f99-6936-4e16-8758-22e9e2162f87,Yohannes Berhe,https://play-lh.googleusercontent.com/a-/ALV-UjWOkCSCZwYBVr8QjvrJdCGOyb5NDZO3MqSaiyua3VEnZ55Zat3U,Its not work accurately please improve your mobile banking,1,3,25.09.03,2026-02-03 09:19:03,,,25.09.03
16dea464-9d5d-4ba1-9daf-6be0f1a9fd88,Utopia perfect.,https://play-lh.googleusercontent.com/a-/ALV-UjX8CRdngC1XTO_x_9FZq1Yr-9h4AKaKo_4T3eemN86CTfnq08PU,the most doagusting app from ethiopian banking especially on weekdenda🤮🤮🤮🤮🤮🤮🤮,1,0,,2026-02-02 22:36:33,,,
13071770-c8c6-433e-8b5b-fb756d545a5c,Wendo Mechesa,https://play-lh.googleusercontent.com/a-/ALV-UjVVOOoj1_T1cmgEzRkUgPq_ZXoUix367eZWGZMHcVW0mnRHaH0,wondo mechesa,5,1,25.09.03,2026-01-31 15:48:52,,,25.09.03
20309f7f-db6b-49b2-92c4-07edae1f8db5,Miki E,https://play-lh.googleusercontent.com/a-/ALV-UjXk9jc9mf_ksGHFc5nwXpPj5lpbecaYm3VHi07QdOkmvlUDqS17,good but the user interface and animations need some upgrade,4,3,25.09.03,2026-01-31 12:31:47,,,25.09.03
3da870d0-98d9-473c-ab31-6d2c9cad7f39,biniyam getaye,https://play-lh.googleusercontent.com/a/ACg8ocLeVTMPWAgO6i2X7Vl0fyOTH62yZDl_FGuZiqB3hHoa8O89uw=mo,what is wrong these app ?,1,0,25.09.03,2026-01-30 18:46:57,,,25.09.03
7cd190a4-5f44-451a-9d37-6da8dd4d1f57,Umar Gebo,https://play-lh.googleusercontent.com/a-/ALV-UjXRk8ThaOw1X0k61tXzN-s5W3Vf2Vcnz0OMVFdAS5Y0mJAujTOK,very good app,5,0,,2026-01-29 12:39:44,,,
f8f9ec99-ef80-4ac6-8be4-5743e1f6f0ab,Shewaye Lema,https://play-lh.googleusercontent.com/a/ACg8ocLci84YNGntpSRk8SOlawC3ozZThG3trwxD-sPrx5VBcI7CaQ=mo,unsatisfied to your mobile banking application,5,0,25.09.03,2026-01-28 01:41:02,,,25.09.03
4ca9efb2-a8af-40a6-91b8-1899645f7582,Kedir Abdelkadir,https://play-lh.googleusercontent.com/a-/ALV-UjUJjjZsY6qqt0qpgpRpzooLXTV8yPxT4BEmamenxDBMwetXE3A,"Whenever I want to see my balance, the app says “no” and logs me out. Looks like the developer doesn’t want customers to know the truth 😄! This app really protects my money. It logs me out before I can even see my balance. 👉 Honestly, this app doesn’t reflect the quality of Bank of Abyssinia.",3,15,25.09.03,2026-01-26 18:50:33,,,25.09.03
71d207ea-ad18-4a76-a093-a890e82b454c,Koang lony Gatluak,https://play-lh.googleusercontent.com/a-/ALV-UjXLoUdbp5GnO_FLWnTiivMORKB9W_5JGynohB3w-obPrQWkPmLv,"BoA Mobile is boring, imagine if you install it to your phone it crash when once used and require reinstall. I downloaded ten times but it still crashing.",1,11,,2026-01-25 17:13:11,,,
783ae780-ffff-4085-9730-09fa060fa065,Eshetu yigzaw,https://play-lh.googleusercontent.com/a/ACg8ocLn40ntBzKl5LwL7lOM4tbHjrRjnNs0XuBQs94TIqFkaEbuUA=mo,እሽቱ,5,0,25.09.03,2026-01-24 23:06:48,,,25.09.03
4c8f5859-cf60-422a-be30-863ba8bf565c,Tatek Kindie,https://play-lh.googleusercontent.com/a/ACg8ocKdjIGfYEGbbVpzRZkeG7hW6mUys0boVTPIcbYlm4B7g15B6No=mo,very clumsy application. it sucks alot.,1,0,24.07.04,2026-01-23 21:47:52,,,24.07.04
a15ff5a3-ad7a-4327-b1f1-9e7fb56a2dd1,Ruth Mulugeta,https://play-lh.googleusercontent.com/a/ACg8ocKRBqs9jlqOCB7Yi_lC52L4svYSkI5RtW7719NlgcpYMEEs9w=mo,so perfect in everything,5,0,25.09.03,2026-01-22 20:08:57,,,25.09.03
dcf9e453-1fa8-43b1-ac74-ffb3698e6fb3,Ab Man,https://play-lh.googleusercontent.com/a/ACg8ocKgF6D6iQ10XMtb2YuvLN9kTE-zSqD2Z8510C0eAUnAMBx0mw=mo,yse good ap,5,0,25.03.07,2026-01-22 16:19:27,,,25.03.07
6b04c7d4-5071-4380-99e7-55647f09b66c,Zenebe Wolde,https://play-lh.googleusercontent.com/a-/ALV-UjVDz18aNLYom2RCcD0GPCUlN7PdFfPMmbddvdcukpUavnnUbUA,the worst Mobile banking app👎👎👎👎,1,0,25.09.03,2026-01-22 08:35:04,,,25.09.03
55d85e25-9e55-4a44-8cea-69036e375391,sisay Berga,https://play-lh.googleusercontent.com/a/ACg8ocLGT9YhTjQ7FV3DwkKDo9MdblUAWGajU7H88gd0FlxhSuY81Q=mo,እየሩስ ፣አይለ፣,1,0,25.09.03,2026-01-20 22:09:01,,,25.09.03
ec121061-4e56-4d1e-bec5-f9c2a8bc3861,Dear Mom,https://play-lh.googleusercontent.com/a/ACg8ocKOqPTkhmtOUSwQHpawA8bC55nRtVg-wm1HlGwByF4qqEAArQ=mo,very nice,5,0,25.09.03,2026-01-20 13:55:50,,,25.09.03
5df19f53-99d4-403f-a50c-4988e895fc45,legesse wedajo,https://play-lh.googleusercontent.com/a-/ALV-UjWkb5ZP9L9Mxo_FKiroCRkUhlSyu_qJ1SWLSZzSKvglqcm9Ejsd,very Good application,4,0,24.11.22,2026-01-14 22:19:32,,,24.11.22
bc087f97-15fb-42f0-87f3-b0b77fef6caa,Dejene Demisu,https://play-lh.googleusercontent.com/a/ACg8ocJaVbUu5jBRPgb00I1uQksbRUBszHm7s-Q7lrMWs6VoXtm4Gio=mo,yes,5,0,,2026-01-13 15:59:48,,,
49624e4a-3ed8-460e-8845-b5ecd6c1c407,Wondewosen Alamir,https://play-lh.googleusercontent.com/a/ACg8ocLqpuxlHxXgYmQLCjEKPhfRbbeVObAFPjgyWrO6NBacxEKb3A=mo,app doesnt work,1,1,25.09.03,2026-01-10 17:26:50,,,25.09.03
2388f131-7757-4160-92a6-8cc9c7fae515,biruk king,https://play-lh.googleusercontent.com/a-/ALV-UjWoL3uVnEDO_XPZ1JOtx-dSAvHnBeldDzIWp3XqgfaOlR2ca3z7,it's too slow and when you are in a hurry don't use this app,1,2,25.09.03,2026-01-10 15:56:11,,,25.09.03
e16cd6e0-4177-469d-9eb4-4e64cad960bf,Nebyou Teshale,https://play-lh.googleusercontent.com/a/ACg8ocKxsYZxz0Eu2iAkQWERR1GR_1IOkmBTQTBTdHpQ-6bxhCg-qA=mo,The worest app ever .work hard and do betterthan this,1,1,,2026-01-09 19:57:36,,,
b8b7a5c7-1d72-4cc3-9d5b-b7d741ffd5c6,Tadele Tekeba,https://play-lh.googleusercontent.com/a-/ALV-UjXDwiyMBjP7zQWPAIBlVchdNDluYFKiTQjzb5llsrHRrcUnJxYR,The app is always glitch seems there's is significant issue from the backend. Can someone take a look on this or just remove from appstore this trash 🗑 🙄. Thank you.,1,9,25.09.03,2026-01-07 07:16:09,,,25.09.03
ae5f0405-2264-46d1-bc08-ccb58875d5ad,Alelgn Yebeyen,https://play-lh.googleusercontent.com/a/ACg8ocIesI8zY2zSIgG2DFXDTqoEp_ezOAYoOpCNDyuAappV_Y_3Jw=mo,n m ű,3,1,25.09.03,2026-01-06 20:11:11,,,25.09.03
fa7caa2b-b19e-4792-b813-d00fc0745e8f,dawud ali,https://play-lh.googleusercontent.com/a/ACg8ocILUIcWC6rbKiZv-5I_OUoAo7qjwUUqJ5LnamqnHUcumsHXSLU=mo,so good,5,0,25.09.03,2026-01-06 14:40:05,,,25.09.03
eff1b654-1253-40cb-bbf3-1cf27f397053,Brhane Welearegay,https://play-lh.googleusercontent.com/a/ACg8ocLsB6v-w1GRf58I1TgU7tmyxrUqcUpDDhQlKDmGKWAU4lo24A=mo,my app is not working .,1,3,,2026-01-06 09:36:21,,,
a2ee4948-9c2f-46b0-9891-5fdd918cca0b,Jal Keat Tuach,https://play-lh.googleusercontent.com/a/ACg8ocKTS4JF28TSpB1Mn5u8NYkeOCHHD9i3XMcBDepz5JnBdPcHYr8=mo,"Problems with internet, the app sometimes says there is no internet connection while Internet Data is on. this needs to be fixed, it's unacceptable not being able to access your bank account when you need it.",1,1,,2026-01-05 20:39:22,,,
98969eef-948e-4ef5-a077-f9ddb2ecc728,Seid Feleke,https://play-lh.googleusercontent.com/a-/ALV-UjV9JcwxbGgIrgAdqzyLqHQt-qUha7YklKjxqH3ceo3OJ0Waz_JV,"There's only one word to describe BOA mobile banking app, and it's 'እንጨት'. It's been the worst experience and it's continuing to be so.",1,4,25.09.03,2026-01-04 14:08:08,,,25.09.03
1e3d61ab-ef9f-4c7e-8532-1ab52f6c8b30,Haileloul Hulumyfer,https://play-lh.googleusercontent.com/a-/ALV-UjVbjxNfhsd_1mUOxHzcKT4hnc9brOQnL0iWM55wM8usnidvyhM,not good update it again,1,0,25.09.03,2026-01-04 09:06:33,,,25.09.03
34f12fdc-1db2-4568-9028-65e1a7ccc4eb,Abdulaziz Mohammed,https://play-lh.googleusercontent.com/a-/ALV-UjXK6pIiiOrXbcFUPve7EeosXSYWNPfkj0YI2a2nENMcirVvMEan,the app not works on samsung galaxy A06 models it's directly kick you out of the app whenever u want to use it amd and then it's says the app is not working i hope they fix it soon,2,2,,2026-01-04 00:52:21,,,
c96ffbcf-0e9e-4289-8e2e-f3a5a1bef402,Firaol Abera,https://play-lh.googleusercontent.com/a/ACg8ocIWAYfxigUZS8V3NoY4gpGtuKWlHvsFZl8ZT1yqiGWJOamHBg=mo,The worest banking app i ever used,1,0,,2026-01-03 18:02:34,,,
f79c72cc-bd38-4abd-84de-b7a6b0900db5,Kedaw Magna,https://play-lh.googleusercontent.com/a/ACg8ocIjy75jH8rsNyKJMIHC7MzjG9hqb9ITCdJ67Oy3dV1lcUestg=mo,"This app is the worst app I've ever seen. Unless the developer fixes it, BOA will lose all its customers.",1,1,25.09.03,2026-01-02 15:17:45,,,25.09.03
62e8408b-81ea-4aa2-85a8-24ddfcc98eac,Ori Can,https://play-lh.googleusercontent.com/a/ACg8ocLIWHnBSqxxN0l1WM0pxcu46xC_MAleCfauxj1vcANg5daCPA=mo,yetemeta app nw cherash nw apk west maygebawu beza sebeb absiniya tesenabichalewu,1,0,,2026-01-01 07:48:18,,,
e288bbda-1f49-4a62-aa3f-275967a1d655,Degefu Zepir,https://play-lh.googleusercontent.com/a/ACg8ocIN_L8-XtHofS2NFiREp4U4BA1lg7LT1nWtz0rnBkem3upB-w=mo,ደገፉ ፈፊኘየየከ ወግወ ደገፉ,5,0,25.05.03,2025-12-31 17:16:39,,,25.05.03
8cbfea11-e41f-4229-9245-0a0ff3cea459,Sammy M/selassie,https://play-lh.googleusercontent.com/a/ACg8ocJyLGKvsK0UvW-3XUa2LfqOoxebxSReH8nQqbXe_Itr_Et3dA=mo,good,5,0,25.09.03,2025-12-27 20:54:09,,,25.09.03
2e99ba65-3a4b-43b8-a32d-11015fa9bab3,Daniel Mengesha,https://play-lh.googleusercontent.com/a-/ALV-UjV6oRRZWuRA02-fD_2BEhvPh7ggbkG7b7To70Pp4Cp3PfvpKpQ,good 👍👍👍,5,0,25.09.03,2025-12-27 11:49:13,,,25.09.03
f12acace-3ad9-446d-889b-7a8a4684a2be,Kaleab Tilahun,https://play-lh.googleusercontent.com/a/ACg8ocJdvMZHLovWw78--DStFBeV5MXHhjYpfimpi38SEZPl5hsU8g=mo,best digital financing app in ethiopia,5,1,25.09.03,2025-12-26 21:57:11,,,25.09.03
f87d052d-1b38-4565-acf8-29ef5de68990,Abemelek Hiluf,https://play-lh.googleusercontent.com/a/ACg8ocK1ZVf6EBrQ7LhqJmsJJWmAynP6I_Czpqnp0cvYfFlrqmAwSQ=mo,wooow,5,0,25.09.03,2025-12-26 20:18:19,,,25.09.03
19dd9e16-9865-4e08-bb5e-6a2a064f01cc,DEJACH WORKU (DASH),https://play-lh.googleusercontent.com/a-/ALV-UjUcdaODNNHvmKVe87_vmY30UauiRoRyCLpPvARYKuVKF1YityI,very good to be continued to update,5,0,25.09.03,2025-12-24 10:15:21,,,25.09.03
bc2f17c2-f67f-4aa8-adf0-6764009508c2,Hadi Nasr,https://play-lh.googleusercontent.com/a/ACg8ocLyByfqeOulov5DX2uSH5x3BPcto3acHlWtvEEaCD1CG7LMeA=mo,የአቢሲኒያ ባንክ app,5,0,25.09.03,2025-12-22 19:26:26,,,25.09.03
d4e85391-d3d2-4665-80f3-22d0c04f7209,marken Medhanye,https://play-lh.googleusercontent.com/a/ACg8ocL4kGzQ9acDz6BszAZuzpAgGA2qRokAogZWYM9nwKieAhwb9w=mo,አፕሊኬሽኑ መጨረሻ ቀርፋፋ ነው:: 2G,1,1,25.09.03,2025-12-21 18:34:15,,,25.09.03
5540600f-a2c1-462a-8782-744c752fa7c8,Martin Yafet,https://play-lh.googleusercontent.com/a-/ALV-UjXgVtYsAmiahsEwYsQMbpDpmExOrI6SHBCAtIiS21wnNOPI9xU,best,5,0,,2025-12-21 17:50:07,,,
a710825c-f27e-4bba-8266-2217729f050d,Mikiyas Girma,https://play-lh.googleusercontent.com/a-/ALV-UjV1w1CEo0bjm9UVz8DXEdG0GHB-9ymfJ3bpUM2CZV5jaeqg6n0,"what is this the 19 century 😡,we can't even see our balance,this app is going backwards 😤",1,5,25.09.03,2025-12-21 11:11:45,,,25.09.03
d59b4505-d935-487a-9f20-3d4d19c87600,Sofonias Ayanaw,https://play-lh.googleusercontent.com/a/ACg8ocLCAl5uJ04M4Sjeltt1NR-GpYe_LQcg1JHi8Rt2joNu3ebfEnQ=mo,The worst Mobile banking app in Ethiopia,1,0,25.09.03,2025-12-20 15:29:07,,,25.09.03
58327316-694c-4bee-8d04-6a35f9805e61,Dave tamir,https://play-lh.googleusercontent.com/a-/ALV-UjUzmRRiFWWWhzYRy641-RYuTHX2eptmE6qwT8DbdmBW3b1-oisM,great,5,0,25.05.03,2025-12-18 10:47:08,,,25.05.03
7e528717-d026-4ebe-a624-ab98945b511e,Grum Legu,https://play-lh.googleusercontent.com/a/ACg8ocJMpev0i1SgIsseqwG1-ylhRC2jery6v_WSZZNpT_qusVddNA=mo,Applicationa kerem delile,5,0,25.09.03,2025-12-18 01:05:07,,,25.09.03
72a2271c-addf-47d8-a890-fbd4bb3fe431,Oscar Oskii,https://play-lh.googleusercontent.com/a/ACg8ocKBO4GYPaMiVgUca9VnlIeuEszbL2bgaOZryU7VI69zoViamQ=mo,fast,5,0,25.05.03,2025-12-17 18:05:07,,,25.05.03
d92e8b80-e145-4cdf-a0be-df7acf32070d,belay addis,https://play-lh.googleusercontent.com/a/ACg8ocK0t1yizLZ1QkOJocobfczuULDoTXHT2P-KijKVM2FfUau07A=mo,Good,5,0,25.09.03,2025-12-17 10:49:49,,,25.09.03
1beda9d7-14c8-446e-823d-13a254acec0c,Beki Gosaye,https://play-lh.googleusercontent.com/a/ACg8ocImE3MfSfDXi-XfRnqV9npR8njEPx-BCaDJ3ojqCAcK1GPNMJ4=mo,good,5,0,25.09.03,2025-12-16 15:50:18,,,25.09.03
8f99a31d-0524-4d92-8838-225f595b2f8e,Kidus Fx,https://play-lh.googleusercontent.com/a-/ALV-UjXPN7u9AxM9c8VZqwQt-mawA42sajGaSaOKJ8bx4LREG5oS4WY,😍,5,0,,2025-12-15 15:38:30,,,
43c4cd7c-a28e-4f02-91fb-c7376dd27207,Nigatuwa Sahile,https://play-lh.googleusercontent.com/a/ACg8ocLZzAO8jd-wojSBfP4NFCimlplGIlfo74b6VSW_3yUtoRZb5w=mo,best,5,0,,2025-12-15 14:28:56,,,
ad023847-d9ea-411d-a5fc-93526672150d,Wasil Redwan,https://play-lh.googleusercontent.com/a/ACg8ocIdtyu5lqJz0V0DBGIrXen_YsFt72i1XHlyAhfil5xXe6GmFg=mo,nice,5,0,25.09.03,2025-12-13 09:10:55,,,25.09.03
5723b358-c596-43e6-ab8b-65078effe1c1,Gashaw Nardos Yohannes,https://play-lh.googleusercontent.com/a-/ALV-UjVwwJr62C9A6j7kiG0zZcdFmL2JzLGCPqvtVTKgwwLyaI28O5UjZQ,WE EXPECT IT WILL BE MORE AND MORE FASTER THAN EARLIER!,5,2,25.09.03,2025-12-13 08:21:22,,,25.09.03
ea371900-511d-48de-8dea-c6addbf4eb16,Abraham Yizengew,https://play-lh.googleusercontent.com/a/ACg8ocJMR9aIW4869t_DwotBipMuZGsMx5ibVQ1bP9cT87PjZa92Yw=mo,Amazing App 👏,5,0,25.09.03,2025-12-12 20:12:54,,,25.09.03
d3f86858-3448-43ea-b583-206e07028ec2,mesfin seifu,https://play-lh.googleusercontent.com/a/ACg8ocLEItO-Br4nPz2O70uMexo2bavoWmAXGxc_XksSCyI01O251w=mo,Niec app,5,0,24.09.30,2025-12-12 14:00:05,,,24.09.30
f1db2116-2cd4-4706-a634-e5a9c6a3b8f6,IMRAN Abdulhakim,https://play-lh.googleusercontent.com/a/ACg8ocIFEXVaBLkw7uql0Rx63EF1qJq8gEMGnF3AuT2B0IJn3ddsqg=mo,best app of the year,5,0,,2025-12-12 12:37:25,,,
475f9227-bddf-4e35-bc04-ea4ae6ad8bf5,Bat Man,https://play-lh.googleusercontent.com/a/ACg8ocJzUpb38qLWBJCOcqNR9vV3phD01QgHK3P-z5PWniGq2EC2fg=mo,waw,2,0,,2025-12-12 11:40:45,,,
6f88a64c-ca26-4c95-9f18-d2ede6aebae9,Selam Haile,https://play-lh.googleusercontent.com/a/ACg8ocIUw7yImNgLc9GL-t13QPE70QOwCtMLZgSSeDIEf7_xkVKSpCo=mo,it constantly bugs and doesnt open what is the purpose of mobile banking app if i dont use it when i need it?,1,6,25.09.03,2025-12-12 10:56:13,,,25.09.03
5a422cb7-54a0-49a6-98ab-cf20ba00d702,Abdulfeta Sultan,https://play-lh.googleusercontent.com/a/ACg8ocJPbA74LE8kW-9-3Xp-eZ7Va9BKwDd7x_jfHkADpUyg9Cxv1w=mo,🔥🔥,5,0,25.09.03,2025-12-10 13:21:23,,,25.09.03
6e2067d5-be9d-4f24-a0dc-962af7115b77,Eyob Boki,https://play-lh.googleusercontent.com/a-/ALV-UjXRhnKpmZD0XGxERWjm62KTrOn0beN8dZ0pojRolowHwux0d_8,good,4,0,25.09.03,2025-12-09 09:59:13,,,25.09.03
c1c9cde4-899d-4e0e-8379-2fe807cffb02,Sherif Kemal,https://play-lh.googleusercontent.com/a/ACg8ocLeChpqTxiJqtpTWP1a3TlznvEJtPTN6Rh91LsyjoQVFBoxdw=mo,good,4,0,25.09.03,2025-12-06 06:16:40,,,25.09.03
65eb86df-c336-4035-bd1d-a014d89f4f67,ayne abreham,https://play-lh.googleusercontent.com/a/ACg8ocLK2--Fk1R67bH6wRjXHDX91b9qQC-1ZcqrT1N4Clon4srEErk=mo,"please fix the bug this app does not work, it says Error The request was not successful. Please check device connectivity or try again.",1,9,25.09.03,2025-12-05 20:26:55,,,25.09.03
82808a6b-061d-4ba6-87d2-42fcca84be25,JO JOVANI 21,https://play-lh.googleusercontent.com/a-/ALV-UjXjQ9Eb6TyU95_SI_K6ddd0wfHGHTQ73-n387drL2gPutT8RJ9d,not bad,3,0,,2025-12-04 12:46:06,,,
46d3beb9-1d2b-4714-b79b-b7727d5a6200,behaylu assefa Getanhe,https://play-lh.googleusercontent.com/a-/ALV-UjWll93DQaY20p9SNt5L1nOfeI48ZnXnm89DLI5kuVxLqoqaFwM,nice banking,5,0,,2025-12-02 12:39:41,,,
7a4c3729-98fc-4bda-a031-835cf4594d78,welsh yohans,https://play-lh.googleusercontent.com/a-/ALV-UjVnK1F8GeHBpE9h1-iF0noyTEGABj9EfzqSCE2jFIojt-dBYXw,what a bad app... cant even learn from CBE ... how can they even improve?,1,0,25.09.03,2025-12-02 11:12:23,,,25.09.03
d27d3172-fb10-492e-af66-8923ee7a2cfb,Afomi,https://play-lh.googleusercontent.com/a-/ALV-UjW_pZNZFSCkuHtfwbx-kgSLC02Dlqc5AQPpMnJIX0PRiaTCIw5q,it stuck everytime when i use it . the app won't budge to even open,1,2,25.09.03,2025-12-02 07:43:05,,,25.09.03
1f812386-c485-4fd1-8299-3ffe264668c7,John Thh,https://play-lh.googleusercontent.com/a/ACg8ocLTPUcW2bOR-XinqAgScr5XDK3uzdgoH8QbhheL95qANV3S5A=mo,i don't find it good and now it is not working!,1,3,25.09.03,2025-12-01 20:46:47,,,25.09.03
843256e6-6275-4ae5-adaf-a01889b8a49f,Abraham Wolde,https://play-lh.googleusercontent.com/a-/ALV-UjW-W9I32_FNEipCTjWrWdjHifDWsoqd7U9vE9TEnahJC789xz0,Make the reason we wrote visible on app transaction.,2,0,,2025-12-01 09:20:30,,,
60e84fba-4730-499d-8f5b-88e52dda8db7,BEKI Movie senter,https://play-lh.googleusercontent.com/a/ACg8ocJSOZNSE11GisohleK9NCHtjKvzNvryimpmyAqC2vo9noK69w=mo,app is note active working crash,1,4,,2025-11-30 21:57:28,,,
3463230e-f9f7-4be3-a632-fdd8d017ce84,Yasin Alemu,https://play-lh.googleusercontent.com/a/ACg8ocKOLqrU4Vhi5F1YO2Jl-zhApLGteKo7svn7u8WMuL6koumJAg=mo,🙏👍,5,0,25.05.03,2025-11-29 03:47:54,,,25.05.03
a6cbfa34-f2b1-4a16-96b6-c94f58cea76f,Wariyo Dida,https://play-lh.googleusercontent.com/a-/ALV-UjWBWnIqDMlj0ptPNMNiW3KljIm-VVaDHn1JRK4-fxYafj6uez6w,Very Good,5,0,,2025-11-28 20:18:20,,,
fc67d12c-92e2-45aa-a9e0-011f58a583bc,Hailegebrail Tegegn,https://play-lh.googleusercontent.com/a-/ALV-UjWQHYpTOxB5Pb8FInMZdTYqhLxdFHFCoJg4X57ElYmfSQ1-o5A,goof,5,0,,2025-11-28 13:33:37,,,
11306fb9-5571-4950-8d32-604c5402242f,Tsegay ab,https://play-lh.googleusercontent.com/a/ACg8ocJ5GJnwjFoTtAFz9RmxpQHZFTPyJWzuCrJ87Kg6tIQL7HfZCQ=mo,good!,5,0,,2025-11-28 12:19:31,,,
f28a3a3c-eb94-4aab-88d2-89bcecebcc7b,ሻንበል ኪዳነ,https://play-lh.googleusercontent.com/a/ACg8ocJsiqL4iJlLK8rpSqOcdkdow38TDcD3taHt8bKE1za8bj4yew=mo,bad exprience...it is so crushed,1,0,25.09.03,2025-11-27 11:41:15,,,25.09.03
4ed89e8c-16dc-4763-94ca-04d05cf799a5,Tsegaw Fikru,https://play-lh.googleusercontent.com/a-/ALV-UjWCy-dg7aQOsuemZe680KgCqgHM0x4Y0wlIYNRGSTemhkxFL0Xx,not user friendly at all it requires a huge connectivity and also lags many times 😑😑😑,1,6,25.09.03,2025-11-26 22:52:50,,,25.09.03
f5bfd792-bc81-4d06-99c9-06c7743d3e09,Elsai Tesfay,https://play-lh.googleusercontent.com/a/ACg8ocJ97iD-fJHR5G4_eTTFwwsQxc9P5dcrUYp0qAaPGNxGLvbqpiU=mo,ምንም የማይ ሰራ,1,0,25.09.03,2025-11-26 13:08:10,,,25.09.03
7ef21cf6-d226-4370-ab96-01c909dbc58d,lij gech,https://play-lh.googleusercontent.com/a-/ALV-UjXt5s8710AqRYutQqQkVIeKzMdWlSUNB5d1FVdtxVbwwjtX50vA,very good,5,0,25.09.03,2025-11-25 13:15:43,,,25.09.03
896ee9aa-a483-4b1f-b73c-0a26c4b54790,ashenafi endale,https://play-lh.googleusercontent.com/a-/ALV-UjV1zfpVEX24R8_8zdjG2T4ph5y9ALUUusXUb97upzVlF9WZro0,most of the time is not working properly,1,2,25.09.03,2025-11-25 08:23:20,,,25.09.03
15c3586b-e672-48db-b3c0-09508375763f,Muluberhan Berhane,https://play-lh.googleusercontent.com/a/ACg8ocIqMnjvUSNvLTwHkOprAkUFBAmaON0KK8yp0p201BNcGtRnkA=mo,good service,5,0,,2025-11-25 02:10:24,,,
6f7113d8-180e-4f3d-83d9-fbe55f9edd69,Kemal Mahmud,https://play-lh.googleusercontent.com/a-/ALV-UjUvc-zrkYJsorLHy-wWTki4DdnsCq2RP-Ky3PmIljb2VOyloVPD,not use for me,3,0,,2025-11-23 18:23:59,,,
d36fbdcb-b57e-4384-8e5b-ae549e25b33e,Eyosias Adane,https://play-lh.googleusercontent.com/a/ACg8ocJ3qaZcUZK1E7k6JGetjsOAHb9pqwvEb6JDdOM7QNi-SLQalA=mo,It keeps notifying me to disable developer options and quiet while I'm not enabled. always bring another type of problem with new updates.,1,14,25.09.03,2025-11-22 14:21:32,,,25.09.03
2d630116-152e-4dbb-bb7a-d7f93bbafbc5,emishaw teferu,https://play-lh.googleusercontent.com/a-/ALV-UjWkWR2Y0BvlGfQ_BEIY_6ibFFB-oJktfGi3sJB4Bj2rPZzcQ4M,waw,5,0,25.09.03,2025-11-21 06:49:18,,,25.09.03
b9fa948b-07bc-41f5-9e49-5e612b9a9db6,dani boy,https://play-lh.googleusercontent.com/a/ACg8ocJdRUCHPmBjhgVXOvNr4mHza-hyb8NSUs76yT-FdVWTwNBcCQ=mo,the lag is unbelievable when you need it the most this suks,1,3,25.09.03,2025-11-19 13:04:40,,,25.09.03
c198f602-e9fb-4b61-ad3a-8efe42269b8d,yoseef abdulhamid,https://play-lh.googleusercontent.com/a-/ALV-UjWzRAqehtQdDpvhmKGMybP2Ta9ReAnenKDo_JcdjuQdqaPl3aHe,I cant belive I could find the worst bank app ever .yet very simple to fix the problem and the company just ignored it. no body can do business with this kind of app.,1,11,25.09.03,2025-11-18 20:28:03,,,25.09.03
afad642f-39c4-4db0-adbf-5fbe7143f960,Ashenafi Biftu,https://play-lh.googleusercontent.com/a-/ALV-UjXNyg7frD7wnHiwKd0WFe-Uy-N_OhXxUbN2WsUv6G4aB6CBEDKX,it is a good app,5,0,25.09.03,2025-11-18 09:47:47,,,25.09.03
9fb5fdaa-6172-43c1-ba46-2fcdfcd84c13,አጋፋሪ ሚዲያ Agafari media,https://play-lh.googleusercontent.com/a-/ALV-UjXe3BxyUrS9uxJU1hG85KM3U7PwpCV7FCWA7qiiGkuUOR8_eZxE,it is not working at all,1,2,25.09.03,2025-11-15 20:42:13,,,25.09.03
58ccb5e9-0cf7-413c-8bb4-6515d4863bc1,Amenti Tesgera,https://play-lh.googleusercontent.com/a/ACg8ocIBJtgc1kHpipmikiyzbCLgwuhDlQGo6Ln0mKP0qekfUcTM1g=mo,🥰🥰🥰🥰🥰 app is good but i was live in abroad and when i enter my otp code it didnt make me to write my code it the app want it self write thats not fair so please other wise i like it why,5,67,25.09.03,2025-11-15 19:29:15,,,25.09.03
0ed79d57-a54c-4541-9df0-67e1e8c72be3,Barecha Ashenafi,https://play-lh.googleusercontent.com/a/ACg8ocICLDpQKm81djgJw0kkYY9lk2-kT-J-I8Zg4BamGxxoZC7Plg=mo,when trying to activate the app it keeps on loading on the security questions page. It has been two days,1,3,25.09.03,2025-11-13 09:57:58,,,25.09.03
f38caf5b-4580-4a9f-819f-f4cd3d789176,Mebrate Teklay Negesse,https://play-lh.googleusercontent.com/a-/ALV-UjX4QtoPPia-N5haXewaea_GvZflvdW0L21YhThd8zwv9D0gXhSM,fast and simple,5,0,25.09.03,2025-11-11 03:23:24,,,25.09.03
6a7a5c64-4056-404d-b37e-60bf1d6ee90a,Hailay G Hailu,https://play-lh.googleusercontent.com/a-/ALV-UjU19fW7-uzzzSXj_cWk0phwCXM2XiDA6qeeYHvlIYplcDH2gwDt,best of best,5,0,25.09.03,2025-11-10 19:25:19,,,25.09.03
9f9ace0f-c63b-4482-a159-12c2bcd357ae,Abdifetah Mohammed (717),https://play-lh.googleusercontent.com/a-/ALV-UjXRtTDBx7mRHCJG9XqruV2HpCbkkK1pI8atHj2XdGYNzxXRuOhvyg,Worest Banking App Ever I seen. Fake App Bad Better to Leave,1,0,25.09.03,2025-11-10 19:03:40,,,25.09.03
52b82149-19da-40cd-b8ce-a86e0b2c789c,mohammed juhar,https://play-lh.googleusercontent.com/a-/ALV-UjUuPaqftkYAnagaIbuIFkZDl-f42wShSp8L3w8aYlBVcMDpmxkx,good,4,0,25.09.03,2025-11-10 14:46:34,,,25.09.03
c6661ae9-95ab-4a2d-be7b-ad93bb48f278,Melesse Ayehu,https://play-lh.googleusercontent.com/a-/ALV-UjX2L3h9IYAp4Oj6QlIns9QtfMX2T59QUeOUzBmDqkg7Jdti1Tx1,"I would like to share feedback regarding the application. It frequently experiences disruptions and does not function properly, often freezing or failing to load. This issue is affecting workflow and efficiency. Kindly review and address this problem to ensure smoother performance.",1,188,25.09.03,2025-11-08 13:11:33,,,25.09.03
493dc1a0-1d88-4d43-93ab-9b3c9d7426d9,Yeshambel kebede Melese,https://play-lh.googleusercontent.com/a-/ALV-UjUt-NmRVac7o7lNsQIKmSe1La7Hzgj8vQQfNYSVW1WvtIp9c20,Meet you genuine.App I tried is not functional.Helping.welldoingwith BOA Ethiopia .fastandrelevant.morconnecting Digitalyworld.Digitalyworld. thanks.,5,1,,2025-11-08 12:18:43,,,
61a85d6e-8111-4add-9c9a-ebf8a25b2bca,wassie gedif,https://play-lh.googleusercontent.com/a-/ALV-UjU-sot-FLrLFP_wN2Uj6PW_4l-Bw7TGpzdem2GB_fLCnEdQiVM,best app,5,0,25.09.03,2025-11-08 11:40:22,,,25.09.03
33b76ccc-05cf-445d-84a6-a5e516bac406,Duma Can,https://play-lh.googleusercontent.com/a/ACg8ocJuiRzIDm_8dNGUMb1h51S-MoK8CvTl7_jeXmPwhkOU45c26w=mo,Best app,5,0,,2025-11-07 21:15:06,,,
aa74e8f9-67d1-486a-a601-761ce0c79a4e,Navicii Entertainment,https://play-lh.googleusercontent.com/a-/ALV-UjU3XcmWF_HMcWIHI-SyP8JlCkDccE4MmrH1XD9ZN3lEGdn4wls,"Barely works, it always fails to connect",1,2,25.09.03,2025-11-07 16:33:56,,,25.09.03
8fa4d905-fcd5-4124-8745-0014e9e746cf,VORTEX,https://play-lh.googleusercontent.com/a-/ALV-UjWxUTgUynT2Ml2PjVJ8bvF8CnS0aMP3yGhEZmOU9K_87aBc_vPM,this app launch time is so long also has dozen bugs in addition it's has been long time get update,1,13,25.09.03,2025-11-05 12:22:49,,,25.09.03
6b603751-56ea-4108-95f6-a26ee49a7bdf,Falmata Ali,https://play-lh.googleusercontent.com/a/ACg8ocJz9FeWv36M392XErhGHhRj_8uj8jtQFRPlUQZlTmuy7MU5lA=mo,very nice,5,0,25.09.03,2025-11-04 17:21:49,,,25.09.03
e7e0dd5b-59ee-4ed8-abe8-821ed28c1a6f,Micheal Behailu,https://play-lh.googleusercontent.com/a-/ALV-UjV0DwXrW_hO5xaeSn18M6JgRBgumnWPERyZOzQvYFLwgWkuUbZK,"Your application is very irritating to use, some functionality doesn't even work like on the card management. You need to do better than this and it good idea to reference other banking applications.",3,40,25.09.03,2025-11-04 15:26:13,,,25.09.03
df1f28f7-9a40-4a51-83bb-7e2fb7bc932c,abdilahi awale,https://play-lh.googleusercontent.com/a-/ALV-UjUn3V6_1jVBkReiQkhnbaK2_AALMbkctRigNkjjBTQxxCN0jVJZ,I like,5,1,25.05.03,2025-11-02 16:36:02,,,25.05.03
a64c9c77-83d3-4e1b-b264-4bd5e2d3d349,kidist workalem,https://play-lh.googleusercontent.com/a-/ALV-UjXmNJvSP4xuZQLZeiKQH-9TKryyk2c3ONFGCnYoybdg7Zs8mBQ,ወይ አሻሽሉትና እንጠቀምበት ያለያ ብታጠፉት ይሻላል። በቃ ምንም ነገር አይሰራም መተግበሪያ አለን ብላችሁ እንዳታወሩ ለማንም የማይመከር ቀርፋፋና ተግባር የለሽ መተግበሪያ,1,0,,2025-11-01 14:12:12,,,
a2d5bdf0-ff92-408b-be55-a4bfa7b61fbc,yeshiwas Dagnew,https://play-lh.googleusercontent.com/a/ACg8ocKsOqJboXs5vKICPPj32rgSrilXUJR_b0Y5ZlzeEUDB8k_3WAA=mo,i m sorry but it doesn't work for my android it is too slow but other bank are very fast please update,1,5,25.09.03,2025-10-30 22:18:43,,,25.09.03
8312e6d0-3b41-4061-b83f-54f6fcb4317a,Fira Wassie,https://play-lh.googleusercontent.com/a-/ALV-UjXdZSagrO2YmL3krYnmRRvx0vSx8riPFsNZDFtnAEEJvIImvuTKjQ,"the worst app ever,",1,0,25.09.03,2025-10-30 21:09:22,,,25.09.03
ee7fb8e2-bcde-4ae5-8ac5-49450e57dd5c,Seble Mekete,https://play-lh.googleusercontent.com/a/ACg8ocK7CdmbXOhiPQ4zBJ8TqlJ9_FI49yo_jINoGHO0kEeRs-i3Ng=mo,better,5,1,25.09.03,2025-10-29 14:51:14,,,25.09.03
924bdf3b-0b78-4402-9aaf-d1cbc39cc6af,ttss gulugulu,https://play-lh.googleusercontent.com/a/ACg8ocIMmsxKTOxHRRaeVLOMX_j0Fce4XEgLq9TH-CR-CGp9gYTcrw=mo,"I kindly request that Bank of abyssinia address issues with its mobile app. It is very slow, has numerous problems, and frequently experiences downtime. The user experience is also poor. Thank you.",1,11,,2025-10-28 20:07:21,,,
426191d1-9b6d-4582-aeae-55633c041d3e,Khaayyoo Birkii,https://play-lh.googleusercontent.com/a-/ALV-UjXrtBVBObylXEN1wMd1QK9wJCQjfmyTwKMsMMtYBnrtE730hXod,this app can't open? what is problem? please solve my problem?,1,3,25.09.03,2025-10-28 02:44:21,,,25.09.03
f787c8fe-c207-4c5a-8156-e8cfa0f6652d,Aseged Tamere Aseged,https://play-lh.googleusercontent.com/a/ACg8ocLjvb8nZvHn_zaFHVljS1reY93n3vv3yNVAbvPjZrNlaIiYtA=mo,kiyaa makonn,5,0,25.05.03,2025-10-27 22:28:55,,,25.05.03
1f73f73b-a5e4-4114-a45d-992a360ebb87,Libanos Seboka,https://play-lh.googleusercontent.com/a/ACg8ocKeRW9fechRXhzgQkzMpVz0gkd5BZiIDWto4E7hICVrjb_qxg=mo,very very lazy app,1,0,25.09.03,2025-10-26 23:12:22,,,25.09.03
b9b28cc3-4563-4f09-938c-b1adcc27bbf3,Kedir Musa,https://play-lh.googleusercontent.com/a-/ALV-UjW0jiJTlH0RednkzyPkKoSWIAH87aR5TiXB9XzJuRMEt3B2hQih,telebirr remittance,5,0,25.05.03,2025-10-24 16:04:33,,,25.05.03
6606f3a3-dbc9-4032-a905-37c737501776,Kefyalew Ol'anna,https://play-lh.googleusercontent.com/a-/ALV-UjUTBnUeNEITOrqK6Uhfr4Oty_OgAIxhZwJBwXwTt5UbKfqfLbIt,The best bank in 🇪🇹,5,1,25.09.03,2025-10-23 20:01:50,,,25.09.03
df5cd433-7f0e-4e13-ae07-4200db1965c0,አደም Fetera Adama,https://play-lh.googleusercontent.com/a-/ALV-UjX6dtrqJD29TUSSxQCMDCgMO5Bw_1sd0DTox176EJqAsOL0B1YfOw,its good,5,0,25.09.03,2025-10-22 19:14:24,,,25.09.03
9917233c-933c-444f-b986-e97d3fe0f682,Mule Mac,https://play-lh.googleusercontent.com/a/ACg8ocLvGPHWdNiiGBppoLVz58Dn74WTgIHsgcFo8AAqVWpXlXfFDA=mo,the worst app in my financial experience.,1,0,25.09.03,2025-10-22 13:13:16,,,25.09.03
29295b2c-ebe8-4dfe-9cd3-c3a5806b810b,Zerihun Senbeto,https://play-lh.googleusercontent.com/a/ACg8ocJhGIbbxIysm9nb2PhyTSHtAKrZ5TIzXcBvD9UrauYSIukIrzg=mo,good for mb appliciation,5,0,25.09.03,2025-10-21 17:22:18,,,25.09.03
c9162816-c2cd-478c-ab34-9569f63d3711,Henok,https://play-lh.googleusercontent.com/a-/ALV-UjWbLo9indU2AOADqWt7aX7bP2Y6gv9Gaj6ep-TsAbuI003q-W3K,the worst bank ever. slow don't accept dual sim. they are very stupid and greedy,1,0,25.09.03,2025-10-20 17:36:14,,,25.09.03
1776b9e9-95d8-4811-bb94-61d28a7c19d1,Abduselam Mustefa,https://play-lh.googleusercontent.com/a-/ALV-UjWMCJqsROaV-QPqeieB2acFU9HOxF16-GZ_QEoq_XOWERTeHQE,try to easy network,4,0,25.05.03,2025-10-17 15:56:04,,,25.05.03
d81ca31a-2ecd-4f0a-aab7-0a6f02da0696,Hussen Hassen,https://play-lh.googleusercontent.com/a/ACg8ocLr2aftU5-w6KWKzM1_LehhvPFBEZwj6fTRK2AL9PY6OPwP_cA=mo,hussen hassen umer,5,0,,2025-10-16 20:05:56,,,
6725eae9-b141-4a7c-abcd-90125d0fa3bd,Twaf Tech,https://play-lh.googleusercontent.com/a-/ALV-UjXqiXtj9kYClLC8LrTSEzHvm4VSrdPe8psXJd1jyjkleSlymQ,"The app is not suitable and lacks a good UI design. As a large bank, you must update your app with a professional UI that is fast and appropriate.",2,6,,2025-10-16 11:53:31,,,
cdc789cd-c2e6-415e-906f-0bde3fa850b1,Gatluak Yiey Mayom,https://play-lh.googleusercontent.com/a-/ALV-UjVYFXoBRK_RZgfac1yW1W0Zsh6VirBF-iGv_yzpKm_NcC1fups,an exceptional banking app.,5,0,25.09.03,2025-10-16 09:51:09,,,25.09.03
da8f72ca-3f4b-41f6-937e-c626b8240c8b,Toyba Shikur,https://play-lh.googleusercontent.com/a/ACg8ocJ8WvSOTC94y10Lq5Pj0HCDXa5dYNst3CMNaR2RPuSTldbu5g=mo,alhamdulilah,5,0,25.09.03,2025-10-11 09:38:31,,,25.09.03
8b37e090-01ff-4f7c-bfdc-3e781996d2a9,Shumi Regassa Gemeda,https://play-lh.googleusercontent.com/a-/ALV-UjXkbuHi8cg3NRx6UOtZWybliufmup-xHij4hR9gqzGdzceKaaO2,poor,5,0,25.09.03,2025-10-11 06:59:58,,,25.09.03
32133348-ecd7-47e0-9e98-7f1702419599,Daniel Kassa,https://play-lh.googleusercontent.com/a-/ALV-UjVFctpx5rwKKAac14YUI-x1N22Sv6vH4EibsR3x3tmWnmW09vhU,Best of best,5,0,24.07.04,2025-10-09 09:31:41,,,24.07.04
68b7a597-8133-4584-9c3f-1e26fa21184e,WASIHUN GETU,https://play-lh.googleusercontent.com/a-/ALV-UjUzSc02s7Q-n3CMTlDg-Lb4citjJYlJWSGuk-WwipydtZHF2XdN,from the last week updates the app is not working Please check the problems,1,3,25.09.03,2025-10-08 20:21:32,,,25.09.03
546df11c-e603-4f04-963e-ae1cd2be9561,Fuad Art,https://play-lh.googleusercontent.com/a/ACg8ocJ_hJ0-6Esp1M7d1LEN3BSh9s5JA_7APaBMn4JPKkHjPx0ehA=mo,It's always crushing,1,0,,2025-10-08 10:28:55,,,
147dc910-f84e-4950-9cd0-a6ce1ca0b070,Daniel Bekele,https://play-lh.googleusercontent.com/a/ACg8ocJRI5-AiJhoXDoEgon0xrizPD-lsZ3xBe2ST6_8q8HVEx5gMA=mo,office branches have to improve their services please,4,0,25.09.03,2025-10-07 07:22:58,,,25.09.03
ccbeff90-e9fd-4a74-807f-d16d8bbe02e5,Sanyii Abdisa,https://play-lh.googleusercontent.com/a/ACg8ocLUbzsmH7Vcs9wWvQK47Kz8kFW1PQgWRKfG62fZJckYhv5RUg=mo,♥️♥️,5,0,25.09.03,2025-10-05 20:45:56,,,25.09.03
7345b274-906c-4bfc-b37d-8131020ad13e,Amlakendalew Dubale,https://play-lh.googleusercontent.com/a-/ALV-UjUGt4kV50pZC2LYmkNtspDnNTm9twkoGs69YRzwvX1eY0fQLow,Why does it keep crashing? I can't even use this. BOA should do better. You have many customers and how to deal with this. I can't send money now.,1,16,25.09.03,2025-10-05 19:04:02,,,25.09.03
4587385c-78c9-4310-b8aa-da0bce565a91,yihenew mulat,https://play-lh.googleusercontent.com/a-/ALV-UjWLF_e8QNR2AkqdQBgNcj2tnTo6uVvgwymy4ydrKzu0FFRFckoe,it needs a timely update,5,2,25.09.03,2025-10-03 09:39:36,,,25.09.03
1310296e-3850-494f-83bc-936ea27684ab,Yonas amare,https://play-lh.googleusercontent.com/a/ACg8ocIsRPUyVv74JbC_m5AtylctXsYu8VMxEell8YHy28aolp6MdQ=mo,"It does not show the name of the person who sent the money to request a receipt. This has become very difficult for us. When different people transfer the same amount to me from different banks, it is very difficult to identify the account or the name of the sender.",3,105,25.09.03,2025-10-01 22:45:17,,,25.09.03
00dddad5-915e-4fc1-9166-b5d7ce59ad88,Bereket Desta,https://play-lh.googleusercontent.com/a-/ALV-UjW4ep8dtHd8pupqnEdGanXCFL9JCbGfyfrS2NZ7Mkp5TMfwffab,Like,5,0,25.05.03,2025-10-01 22:10:29,,,25.05.03
baad5c11-63e6-4b64-9006-c4cb1481036d,Alemayehu Fentie,https://play-lh.googleusercontent.com/a-/ALV-UjWjKx_m80lOsvVQrTaiTbYqKzHdAnwrCCov8FLRmje82vc3sec,I can't type my otp on it.,1,1,25.09.03,2025-10-01 18:42:50,,,25.09.03
7481b511-72a1-4592-8087-c029fc656e67,Nat T,https://play-lh.googleusercontent.com/a/ACg8ocK_342VUm21Lwm-tNTIvS4tJIOEBJ055qTq2YFe70lHHSAqotsJ=mo,"most of bank apps in Ethiopia are linked with ethiopian phone number, I live in US permanently so when I open BoA account, I told them where I live and to link it with email address instead of phone # as ethio phone number is not working where I live, unfortunetly my fear appeared and now when I change my phone device, it send the code to the ethio number which is not with me now. so please when u develop bank apps consider the diaspora community to use ur apps",1,3,25.05.03,2025-10-01 15:30:39,,,25.05.03
e3e7b9d3-10a9-443b-89b9-34160443c78a,Hiwot Temechew,https://play-lh.googleusercontent.com/a/ACg8ocLP6HLzT2YBHrlFHla4hJdvWyPGFk77gW8tCJ6zE_17pIy1UQ=mo,jaajja,4,0,,2025-09-30 13:13:07,,,
b768c25c-bc3a-4d57-8c45-97e489546662,Tsegie Shewarged,https://play-lh.googleusercontent.com/a/ACg8ocIFlVYN54SiKc5Lm8yq244hyGT8M2lYfHZjnyBBY7UPAJ8XuQ=mo,I love this bank the best experience ever.,5,7,25.09.03,2025-09-28 04:17:38,,,25.09.03
c90fb60a-ea63-47f0-aa65-fcb41b6534e1,nathan esayas,https://play-lh.googleusercontent.com/a/ACg8ocKdptd6_Nl8dj5bqSXfa1lzXH3QO5vpU4jMyjeT-LBiBxi5-w=mo,"Nothing has been improved, it doesn't work like the previous version.",1,3,25.09.03,2025-09-25 20:41:02,,,25.09.03
d849294b-9d5d-4026-96ec-6dd20968fa57,Abduh “‫عبده‬‎” Awol,https://play-lh.googleusercontent.com/a-/ALV-UjWeF2xqrcTs0TgE9RxMliRzMvQFSyON_1LMFQzqeG0GCzajtdvM,Great,5,0,,2025-09-20 17:06:09,,,
eecf4f77-29ed-40cd-a228-b325ee459350,Tahood Bossy,https://play-lh.googleusercontent.com/a-/ALV-UjWavosLIwgnPMVq0S78sTkxQTacGvj2KITabKEgC3c3hXCPFgDz,mobile banking,5,0,25.09.03,2025-09-19 18:43:07,,,25.09.03
4c7e9031-a452-48ce-b5fd-4b5a0940b553,Yabbal Gebeyew,https://play-lh.googleusercontent.com/a/ACg8ocK7puqeTAIEPQ66dQ-l1jvo4sFXhPneJ8oLIKYbB88F8E4azg=mo,very good,5,0,,2025-09-18 20:31:44,,,
e0b237d8-0ec7-453f-9e1d-fe22e2910620,SINTAYEHU DESTA,https://play-lh.googleusercontent.com/a-/ALV-UjXdBP9-OvPpxwlBW3geLjXFhp9ylPsu1OVjELLGoPR37YLWsObx2g,😎,5,0,25.09.03,2025-09-18 00:47:17,,,25.09.03
a05681a9-b69a-48b6-92c5-79a7d916bd61,Amir Ahmed,https://play-lh.googleusercontent.com/a/ACg8ocKZVCt4RgvwL6-ApTJLXQm2Ld0RL8_pYKX1RyzPcOtaXvyj7w=mo,"need alot of connection, chooses device, very lug even when there is connection",1,6,,2025-09-17 13:50:17,,,
7cedd008-b817-442b-9da0-76ea15713450,Osman Ismail,https://play-lh.googleusercontent.com/a-/ALV-UjU3DkiozQiZnXZBOl4P8TzSk1S4LaWSELm8z5p3Cp7SW_OVbRyEgg,On my ios it's perfect but on android it barley works and don't transfer and after a while it crushed and totally stopped working. Please fix the issue my beloved bank of abyssinia.,1,189,25.09.03,2025-09-15 17:16:36,,,25.09.03
3c11bafa-cf87-41c0-ba29-714ab4cd69a5,Bikila Dugasa,https://play-lh.googleusercontent.com/a/ACg8ocIsJBzhMeBqAKxYc7NvQVYNFOe0jpRplgAjEAD4Xujpy9AKB_M=mo,none,5,0,25.09.03,2025-09-14 21:21:53,,,25.09.03
9832f735-8230-4dd6-8aad-2f743e2792b1,Habib Mohamed,https://play-lh.googleusercontent.com/a-/ALV-UjWj0UOSo4qck_gEI7hQ0aD5eBi8dzSmhh6AkunJ5jhlyGJ7gww,good,2,0,25.09.03,2025-09-13 08:42:59,,,25.09.03
814a08ab-8eb9-4aa6-ae64-341f62b5ae47,Meseret Tesfaye mesi,https://play-lh.googleusercontent.com/a/ACg8ocKTw_fhcjEalRk2f4HzrAiawyiHKVG8ZcjQ6gI4WdlwV63Rug=mo,good,5,0,25.09.03,2025-09-12 11:11:17,,,25.09.03
4bf673d6-7d6f-431c-8844-a6c7eb4c65d3,dula tamiru,https://play-lh.googleusercontent.com/a/ACg8ocLmEkCx1Bllw-MWiL4VMiYqcK1Y8MJNHTgGGOYMkgZeOGdOxw=mo,very good app i ever used,5,0,,2025-09-12 08:25:40,,,
dfad5025-20f7-4556-bdaf-294785947fa3,Astec Phonetastic,https://play-lh.googleusercontent.com/a/ACg8ocIWjmv3jemWixcIqv1C7-MHiBzce4S5K0ksqR62DvMQ-h73BA=mo,its nice app especially the transaction limit is extended but We face that BoA m.banking app doesn't respond at the activation stage strictly at SMSNG mobile phone. please try this to make safe.,4,26,25.09.03,2025-09-11 19:48:42,,,25.09.03
4b92ba94-d858-4fcb-a2ae-45fc41c1fa26,zawudu techaan,https://play-lh.googleusercontent.com/a-/ALV-UjVpAbKzPMW1ItyeN1ZNLFmP9pgs-5uWrbHaZRNg662bwbGlMmY,zedo,5,0,,2025-09-11 02:38:59,,,
a56b1202-a6db-405b-aba1-586a16bc417d,Alayu,https://play-lh.googleusercontent.com/a/ACg8ocLEe5O07rCvsNRDyIrS8R22gLcrc4edYgQu-ggc3bWQfZ8M=mo,please open my mobile app,5,0,25.09.03,2025-09-10 15:43:30,,,25.09.03
d876a31d-e463-4340-a67e-9a950e182865,Yasmin salah,https://play-lh.googleusercontent.com/a-/ALV-UjUJwsAngpkP-I2S0oVRLAW7ubmH7Xaya4EIESmCgtiQeHTrfAU,it doesn't open,1,0,24.07.04,2025-09-10 12:38:37,,,24.07.04
a31076d0-b574-405f-8495-675485f16a71,Eniishaa Kennaa Kotti,https://play-lh.googleusercontent.com/a-/ALV-UjUzdqTbb5XZzilnz2iUtt57vOV4WZ-d_Zikt9GCPqC_NvxaAAec,Very Good,5,1,24.02.07,2025-09-09 01:18:34,,,24.02.07
dc3c97a2-0fe6-4a49-a2d3-9cc949380a0d,Fitsume Tebarek,https://play-lh.googleusercontent.com/a/ACg8ocJl4rqpXa0pJAkb81PLdKKTPHkkVSBCECCAei1M6b6caBYtdQ=mo,Best banking transaction application in Ethiopia !,5,1,,2025-09-05 17:24:28,,,
516af455-a65f-4ddf-94e0-03cceae923c6,حسين حسن,https://play-lh.googleusercontent.com/a-/ALV-UjW-cLbotuxICf1bzbDpfgmcMWwi7gHfGezYEe4oOFR4gHK78Kc,السلام عليكم ورحمة الله وبركاته ماشاء الله تبارك الرحمن هذا التطبيق ممتاز جدا,5,0,,2025-09-04 18:02:58,,,
613dff98-be45-4f37-8feb-01e382393e26,Tamaam Kamaal,https://play-lh.googleusercontent.com/a/ACg8ocKJ5QhocM6Z4gJq7TqrH5dNHtdFFlOfCTHkQpdpnYjyLaZSGg=mo,tamaam kamal,1,0,25.05.03,2025-09-04 01:55:34,,,25.05.03
8dd6713b-09cf-427c-a0f0-ee063f61a9d8,Kuku Fkru,https://play-lh.googleusercontent.com/a-/ALV-UjWASbPld3UrI3ka41elFHA-EtBxBXnjOAAG4mk1UCsSnzm4xMTz,በጣም ሐሪፍ,5,0,25.05.03,2025-09-03 15:16:27,,,25.05.03
8ac466a3-5bbb-452d-88bc-ceaae6c5bec0,Teshale Paulos,https://play-lh.googleusercontent.com/a-/ALV-UjUu17JoymNaP3GdMoGD05rP_1vc80TLVXuMHZzB9PECMDynq7M,great 👍,5,0,25.05.03,2025-09-02 09:11:28,,,25.05.03
45e502bd-bd62-4895-b534-d75b2dae7c75,Nani Mesfin,https://play-lh.googleusercontent.com/a/ACg8ocJLmpelpB9FNqPrH0n6Deak30NkggJZDlSGXxQH8QEK2VLqUA=mo,goof,4,0,25.05.03,2025-09-01 09:54:57,,,25.05.03
0e665f33-628c-4799-a991-53cf66b89ed0,Mohammed Ahmed yuya,https://play-lh.googleusercontent.com/a-/ALV-UjUprHR0jNZxJa322G3Tdswd7bAKc0uCD1hWlmsZCzjQ2Xh06dU,absiniya banki,5,0,,2025-08-29 18:14:45,,,
3e8a43b7-e4a5-4ba0-850e-332a7dad3a24,Miki ele,https://play-lh.googleusercontent.com/a-/ALV-UjVyHBdtGMwKNKjuWJ1C-Y06Owx9iVmMvUjlKQGp7MhAOIbeWVo,has issue after installation and i think it doesn't work with tecno common 30,1,6,,2025-08-26 15:05:33,,,
abb3b6f4-ed3d-4013-b997-0efb664037a5,Dr. Yasin Mohammed ALI,https://play-lh.googleusercontent.com/a-/ALV-UjXQ4yWCIAB_E7RdWO-4ejp6gmH4coyu8sK60_N3Ebh-lDTxCfu5Kw,One of the best in this business,5,0,25.05.03,2025-08-25 16:34:55,,,25.05.03
8a5e1510-bc3f-4f70-8915-f79a839f041e,Alfatih Haju,https://play-lh.googleusercontent.com/a-/ALV-UjV4uqZuCW34qoEjFpTqV9YFrkWEmwYzn2hX1oayTqcHxePZyao,Excellent,5,0,25.05.03,2025-08-20 20:32:23,,,25.05.03
c9cc8b5a-f0aa-437a-8e5c-99035cad23da,Bereket Eyasu,https://play-lh.googleusercontent.com/a-/ALV-UjWielUbWmKdeY8XnlgnU5iQQK-GQeY5zHeGU6_k-TS5t1KK2doG,besat🥰,5,0,25.05.03,2025-08-19 21:47:44,,,25.05.03
bc8bfdb0-596e-4ed3-a07d-c3ac71061fee,asaye alamneh,https://play-lh.googleusercontent.com/a/ACg8ocJxwoPzU4ynWWDllApTWa0FqZAbVncRBayqZBvttgXZtBMk7A=mo,unlimited experience,5,0,,2025-08-18 09:15:44,,,
ec30627f-c9a0-48f6-8fd2-38fcae3ab112,Aman uzmaki,https://play-lh.googleusercontent.com/a-/ALV-UjWRQMIGM61G2EOqo82KDgiOwwR9lKHgxdDN3Q_FThKA_duznvk,"as bank, u should at least hire someone good at their job bc this a joke nowadays I can't even log in or even transfer without it crashing if u fix the app I will update this review I am counting on u boa update: so they atleast fixed it but as suggestion can u put password when in final step of sending money it will feel more secure that way",4,15,25.05.03,2025-08-17 06:44:58,,,25.05.03
656865bb-7ee3-4fef-9f23-b6728b2b6ab9,Yesuf Seid,https://play-lh.googleusercontent.com/a-/ALV-UjWtsVsrPmUkt_olWPyyQgYhtQ7ZX3s_70QAAS64TN6n_kHH34Sibw,very nice mobile banking app my favourite,5,1,25.05.03,2025-08-16 13:58:54,,,25.05.03
ac500ef1-8d40-4c19-b862-c5f47b165e97,BIG MOUNT D ll (B.M.D.ll),https://play-lh.googleusercontent.com/a-/ALV-UjVJSpaASVnpKEjC2sYHHiZ2B04DKSmOG6iR2a4JvtThWDsUZew,"it almost never boots up!!! and even if it did, it crashes immediately",1,3,25.05.03,2025-08-15 14:12:02,,,25.05.03
e080468a-5b05-476e-9275-923d859a7b98,Anwar Kasim,https://play-lh.googleusercontent.com/a-/ALV-UjU2vpnP3ji6ODw62r7TUkjq-XoIGcqmZ2yCd0gpquqB4uRW2wAB,best apps,5,0,25.05.03,2025-08-15 14:01:49,,,25.05.03
cd3d7bda-43cf-46f8-bd12-065f026e2ba2,Samuel Almahy,https://play-lh.googleusercontent.com/a-/ALV-UjVWZsaEGlZ_H8QjxptVaEpzvVzMMi9Y4bW9KD-M5KEOWPyeelEOwQ,the worst app ever to exist in a bank history,1,0,24.02.07,2025-08-15 11:08:29,,,24.02.07
17d27fe8-201d-465e-900c-4510058bd581,Debele Misgana,https://play-lh.googleusercontent.com/a-/ALV-UjUe6AC2fcU6Kd_W4ff9GhJ04fJFzU7JlSbB1wS2BTYzs6F5fJs,thank you,5,0,25.05.03,2025-08-14 07:41:49,,,25.05.03
161dbde7-f447-412e-abf3-8ae5e7ba5012,Chaltu Habte,https://play-lh.googleusercontent.com/a/ACg8ocKGvwaC5ALHDPbs0eD7HL_wB4dcVhhUa0IxOUa8GcNFQr79vw=mo,Best mobile app in the country,5,0,25.05.03,2025-08-14 07:04:30,,,25.05.03
17fac6e4-55d0-48dc-8fd1-e3908c6e6689,Gacro gacro,https://play-lh.googleusercontent.com/a-/ALV-UjXRZRjMAz7Zq4Y1fhSrpKFc8nlwtcRTU9aAWn59s62bEsYSZyg,not fast,2,0,25.05.03,2025-08-12 18:29:21,,,25.05.03
bffe6663-e88f-4a08-97bc-e6ea6b2d8227,BESUFEKAD ROBEL,https://play-lh.googleusercontent.com/a-/ALV-UjX5vkaF5OZoJ2dZYm2Add6F50MD5Q9v2kQOjOwQR2i7UkfxfRdR,keeps freezing at the front page.,1,3,25.05.03,2025-08-10 17:35:29,,,25.05.03
6dd324c1-79ef-4935-9c87-ad0fd8fd1635,yusfo 1,https://play-lh.googleusercontent.com/a/ACg8ocKSVs1PovJSQsCPHyNd_4Yb1ePPRBk4VDTV41Z_roNQ7Yc5dw=mo,it is not working on redminote 11 pro+ pls fix it,1,3,25.05.03,2025-08-08 07:03:06,,,25.05.03
aefe5a77-71f4-4efa-92e6-b4a1b4a48e9e,Rabbi Tokkicha,https://play-lh.googleusercontent.com/a-/ALV-UjX9mvl_OEGnExOH1mjF6geG-A9vokGd5Qags6WkamPnHYbyD8zn,abseniya bank app,5,0,,2025-08-08 03:00:41,,,
6e923bac-5ac7-4d3e-bd1c-137246d24a68,Riyaad Junaa,https://play-lh.googleusercontent.com/a/ACg8ocIyDVUh3pK8RasYpvymhJ9U4qo-t2L_Gqu_xvydIP2XUgV8HCY=mo,good,5,0,25.05.03,2025-08-05 17:19:00,,,25.05.03
e6ec7d3b-beb3-40ac-a615-9a0bae85e39d,wasil jemal,https://play-lh.googleusercontent.com/a/ACg8ocLY_QjmtkZwsp3uluE4fvmo4wmDzl_qs1Zjy6rEQe3l98ZDtA=mo,yes goode app,5,0,25.05.03,2025-08-03 23:19:34,,,25.05.03
b54ed906-d409-4107-9dba-3d91d4c04274,Abdu Al-Ahwal,https://play-lh.googleusercontent.com/a-/ALV-UjUnzBCbJIXnmdNBiY5cO0NRxCW9hDhqiQpRmEdcDgErc35vYHmd,Great App,5,0,,2025-08-02 21:34:23,,,
a7eb5cbd-790a-4537-8278-ccaef158654b,Møti,https://play-lh.googleusercontent.com/a-/ALV-UjWw6BbVxksoIun-Zjb4DBengyvUj3FDrkQgYOxytcrl2n3uK8qz,1) Crashes repeatedly 2) Takes Century to Boot 3) Repeatedly requires Update which is very annoying. 4) It doesn't ask for Password for one step confirmation when transferring money. 5) Automatically stops music when the app is launched (it doesn't really matter just fyi) Overall this have to be the worst mobile banking app I have tried so far and should not be released with all these bugs & issues.,1,148,25.05.03,2025-08-02 16:36:41,,,25.05.03
febb6ed8-2b62-4906-9390-d0a33773a09a,Rejib,https://play-lh.googleusercontent.com/a/ACg8ocKpa878ADawJrCfhMBkzfYJdTviDIMaw5Qdz_vwHnzLVNhmZQ=mo,ረጀብነሱ,1,1,25.05.03,2025-07-31 16:03:22,,,25.05.03
6df74cd0-b58b-472e-99f8-e437e64d98f3,soja,https://play-lh.googleusercontent.com/a-/ALV-UjWJw-f8Pdqos3sfPszsIHMFFLqX04siDUowafFg4AbnZzOUGHvq,The Worst Mobile Banking App.,1,1,25.05.03,2025-07-31 08:17:18,,,25.05.03
709cbab6-f362-486c-b2cf-212062b30dfa,sancho tesfay,https://play-lh.googleusercontent.com/a/ACg8ocJVG2O3sOSF1VgyHitE7sshk4rv7tBKFaU6qz43xHW-wXFX7g=mo,giod,5,1,,2025-07-30 23:13:34,,,
207adaf3-2705-486b-846e-1f95c4d7f049,Petros Misganaw,https://play-lh.googleusercontent.com/a/ACg8ocKU7JP-SrIwfLDbynsAMG32MWnRqe53jNkpSqo0sak5okUrDQ=mo,best bank in ethiopia,5,1,25.05.03,2025-07-29 19:00:02,,,25.05.03
8edd9f83-57c8-4aaf-9c54-845d97e601aa,Gutu Terfa,https://play-lh.googleusercontent.com/a/ACg8ocIF6GAoYyeiOUh4MuppSwdvmcrUh8dsauKfcy8axC7wIGTZMQ=mo,waqayyoo,5,0,25.05.03,2025-07-28 09:47:08,,,25.05.03
5e5817ce-8960-4e99-9bae-3e9059357303,Abadi mikiyas Etenesh zenebech,https://play-lh.googleusercontent.com/a/ACg8ocIFj9IDwD5NuFkV9OpW6rBnXfEpajFJ7IePfF2-G6EbBN8N3w=mo,please is not working,2,0,25.05.03,2025-07-27 20:25:36,,,25.05.03
b27ee212-10ec-499b-b36d-ff667d7b7085,Kalid Abdulkadir (Kalikam),https://play-lh.googleusercontent.com/a/ACg8ocJYbF6w8uMSmvTnTbaIUrJx-1jvK-z-RgeX4kokgp_Z1M-dfw=mo,nothing when I need to install the Apk it say that re-up date,5,3,25.05.03,2025-07-25 09:42:43,,,25.05.03
94e809fb-94f8-4e0a-b3e8-1c4113c19f77,Richard Mengistab,https://play-lh.googleusercontent.com/a/ACg8ocJjWSsnWDHO664z9xqEGsOXzd0_zkVvHCAR1-IxovrnviaLuQ=mo,I can log in from any where,5,2,25.05.03,2025-07-23 03:05:42,,,25.05.03
d17482ec-65b7-4cf1-bcad-aee54aafdf11,Yohanis Fiqaduu,https://play-lh.googleusercontent.com/a/ACg8ocIAiooYq-ecMc7L4sJyPHmGKRyy56Zw8UqSzjrchh5CtAIv3A=mo,😇,3,0,25.05.03,2025-07-21 00:01:28,,,25.05.03
a6c71862-00d9-491c-928d-f557a845da4a,Ali Saed,https://play-lh.googleusercontent.com/a/ACg8ocLTOBIWpFkdX3wrYrYM5V6iXXLYtylsooBcvbrihGbeqrRHIw=mo,no proplem,5,0,25.05.03,2025-07-20 17:52:05,,,25.05.03
c07e4e23-ae8a-4452-865e-a40606fa580c,Rufael Mulugeta,https://play-lh.googleusercontent.com/a-/ALV-UjVdkLT5vQFshiZs1OvNC3DI_ekEVYQS_PI9Z_eQvTd2GdMmh1Cj,👍👍👍,5,0,25.05.03,2025-07-20 00:05:52,,,25.05.03
2b131440-f01a-468e-9314-095ae0b77601,Biniyam Eyob,https://play-lh.googleusercontent.com/a-/ALV-UjUQJZWqkfKf8XbZSrvcNr9WlpbTe6nMgEM0QyOETseTwxJEnKE,excellent app,5,0,25.05.03,2025-07-18 16:05:21,,,25.05.03
0f1bbc73-93dc-487e-a47c-bb737edb0322,zedo studio,https://play-lh.googleusercontent.com/a-/ALV-UjUiE-zZjafAlXiOxisKrXgOJYmUfHqrNjm9FuRaLJonCwZxhvqu,good work,5,0,25.05.03,2025-07-15 21:39:23,,,25.05.03
87443995-5d26-402b-be89-3e4ab5b32d34,Gubaa Brhan,https://play-lh.googleusercontent.com/a/ACg8ocKrtX1qaRwXieLXpslL8uGcS7tDl5F8HRLn2azsHpdQKtY82w=mo,☹️,5,0,25.05.03,2025-07-15 14:41:46,,,25.05.03
66b8c002-46a8-4d54-aa18-2267d8bcb7fb,Badeeg Badegarega,https://play-lh.googleusercontent.com/a/ACg8ocIoTG8vGDH862qEkavFhDW-Cd9pdRrqHhleQP11Cy0PVGZkpA=mo,excellent,5,0,,2025-07-14 18:05:54,,,
fc29df1f-0c69-40d6-a240-5b4e88ad84ae,Fana,https://play-lh.googleusercontent.com/a/ACg8ocJdiXEtP0YRBobodhThe9BNg3q4tjKlcYgnD4CMTn1NLlzwnw=mo,Great BoA,5,0,,2025-07-14 16:12:11,,,
60b6f839-529a-4017-a74b-76699322f85a,Hagare Tilaye,https://play-lh.googleusercontent.com/a/ACg8ocJWgihfvpIiOcxi26g6scwJEC7_usMKQU7IZWW3BAJ8qpjkaQ=mo,Good,5,0,,2025-07-14 15:41:54,,,
b820b761-9c71-47bb-9fba-566f18ea294a,Nure Ahmed,https://play-lh.googleusercontent.com/a-/ALV-UjXwLWZ3rNXkCagvLppeCtP7yVScgca8KRAHxS5CEE9UbJdL2oM0,Okay,4,0,,2025-07-13 20:18:06,,,
f2774304-2650-4e10-8854-25fe8d6de09e,My Mobile,https://play-lh.googleusercontent.com/a-/ALV-UjUwEcRHpHVzIcnDmZzsatdOCdRHh5c92-52-MpX0Lv5xLPCGPz5,not working,1,0,25.05.03,2025-07-12 12:26:49,,,25.05.03
fe2fcc2e-a065-4210-a48b-4ea4e93f383e,Bemnet Teshome,https://play-lh.googleusercontent.com/a-/ALV-UjX60rZzVUz_JablY8clPJdCCIw1q_QGgJq2hxkfzdC-nUmwysg,This App is Getting worse and worse with every update,2,3,25.05.03,2025-07-11 13:03:44,,,25.05.03
df1d7402-68cb-4f20-ae7f-d02866690692,Shimelis Keterew,https://play-lh.googleusercontent.com/a/ACg8ocKgNDQ_0OzQEQ47DwzmLhbVOwqRMmn6-JgN2l7dr-prbqi3qw=mo,ምርጥ ነው,1,0,25.05.03,2025-07-10 15:21:42,,,25.05.03
21a65f6a-5808-4a77-a341-a0230b3a6687,Henok Heni,https://play-lh.googleusercontent.com/a/ACg8ocIGJld-5HouX6w1yeTsCAzPLi07CRlHMXV8VJ7O7DMBBf35JQ=mo,nice,5,0,25.05.03,2025-07-10 14:40:43,,,25.05.03
4d8220eb-b875-46f6-9012-5e914943630e,Kumee Mohammaad,https://play-lh.googleusercontent.com/a-/ALV-UjVdsWKmG7lSMtVrtN-2qCTkZPasu142zqpKoCypyeoc8yQ8NnA,Best app,5,0,,2025-07-08 07:11:03,,,
aa23377c-3d61-4045-b061-96003d09d78b,Naty Dagnaw,https://play-lh.googleusercontent.com/a/ACg8ocJ8_ROr66Iv1qZjs__fL3iIvRnhiD1PyaZYspjgH2hALa1g=mo,meku,5,0,25.05.03,2025-07-07 12:47:46,,,25.05.03
2b882b18-b832-42fa-8d2a-fb4a47ddf456,Philips line,https://play-lh.googleusercontent.com/a/ACg8ocKRNrh0n9XEZJz0x4ZHFx55blOg6q1SnK-l1xM4EhzCNTYS1Q=mo,nice,4,0,25.05.03,2025-07-04 17:10:57,,,25.05.03
285a819d-f45f-4f6f-a280-23588282f8b0,Minayehu,https://play-lh.googleusercontent.com/a-/ALV-UjXtQ14TA-t2ycmQrRsylbC7phyHSxmWFAnfxyQ4GJjS8lax_ug,awasome app go a head,5,0,25.05.03,2025-07-04 08:18:24,,,25.05.03
77a4a188-287b-48cb-ae67-678cdc476af6,Trhas Zerom,https://play-lh.googleusercontent.com/a/ACg8ocJezdbhkUzKr2YO2puf5ru9mS1pKs7uLlK8lpb6JPo4GLasqw=mo,😎,5,0,24.07.04,2025-07-03 12:54:18,,,24.07.04
5caae1bf-1a44-4370-8c45-19b8c0481d65,Elvis Rukerandanga,https://play-lh.googleusercontent.com/a-/ALV-UjV6t33saIEUoMYUCF6wrdmvvhPi3RKscYPvbSo8mC0W8H_jKlU0,it sucks as hell. it crashes most of the time and takes a long time to load .,1,10,25.05.03,2025-07-03 03:31:08,,,25.05.03
d713bd24-8fc6-48e4-ad53-aeafeda8babc,Hadush Berhe,https://play-lh.googleusercontent.com/a-/ALV-UjV8j4h7eBEF7eq57KIYiDT35p-2H-TLeOz7gZW9jjOls8WOwEU,Easy and very nice app to load more than the previouse but in recent time some loading problem detected.,5,191,25.05.03,2025-07-01 16:08:48,,,25.05.03
8892853d-eb65-4c97-a859-2e848289f1a2,Mamad,https://play-lh.googleusercontent.com/a/ACg8ocIwa04HaNkW3okP66GwmJnkxbqlFooilBRQVX24o48lWiOQKQ=mo,wow,5,0,25.05.03,2025-07-01 08:41:12,,,25.05.03
7213dbd5-f192-45fd-96d1-3fc1db24759c,Natnail Getachew,https://play-lh.googleusercontent.com/a-/ALV-UjV9A8e8b9C57FRpaN2HkZfnYFcRmCP6N7NjMRpkAYFxM4enxtKb,"The worst MBA I have experienced, The app crush frequently and they take to long to fix the problem even more than a week.",1,13,25.05.03,2025-06-27 09:30:30,,,25.05.03
f27a8118-3cab-43a4-a0c4-8d6e235d05cf,Amir osman,https://play-lh.googleusercontent.com/a-/ALV-UjVF0vwKuWjnrln69VIdsrHUvgzWfNkVZ2ceNpxd_Y8TL0qLVy3I,amazing Banks App👌👌,3,0,25.05.03,2025-06-25 17:35:00,,,25.05.03
dd461228-95a6-4efc-afe3-a86fb7f26945,Aman Solomon,https://play-lh.googleusercontent.com/a/ACg8ocLBDqt6HZzDauQiwm5hTCkCm9GnOoI2Jwvx9ka6GtJz2-iyoEc=mo,goof,5,0,25.05.03,2025-06-25 16:48:07,,,25.05.03
84ef704f-9293-4fcb-a0fc-8a8dafd2d9ed,Habtamu Tenahun,https://play-lh.googleusercontent.com/a-/ALV-UjWwHduVvv2sWobpdltNoJuCExdyrl0qx_WAwOCEB-FvWTkH1H8N,good App fore me,5,0,,2025-06-25 15:12:00,,,
8b9c0316-a505-4e36-b2c3-844d7b9d209d,Mu Kee,https://play-lh.googleusercontent.com/a-/ALV-UjWJckjxlRCpjUkibV2eaDIuHfJsz1E5w8-ntYY7QdcLC5skEivZ,"very uninterested it's not working when the ""developer mode on"" i haven't off the developer options i preferred to uninstall your app .....",1,4,25.05.03,2025-06-24 12:27:26,,,25.05.03
b873c393-1bbb-4f8d-a640-d8434841943d,Addisababa Badminton,https://play-lh.googleusercontent.com/a-/ALV-UjXK6HNcZ5xL1WiAb-WBVklhstwGJFIYytFdL2mTzg2KaEeiH0A,fantastic,5,0,25.05.03,2025-06-22 10:50:55,,,25.05.03
0be730db-8738-4932-baf2-397fb0275aff,Mark Ye yeshi,https://play-lh.googleusercontent.com/a-/ALV-UjVia6PIXno8l7kzo6LQnkAivXgkOZg-4qjmzOTrDCUdbXeEBq1G,👍,4,0,,2025-06-21 17:06:11,,,
f8b0d764-37b1-475e-bcda-03bd153eb20b,Rahel Tadessr,https://play-lh.googleusercontent.com/a/ACg8ocIeK5q1iCOfD8GCnB--kcJ67rpEF8BZewbxRvN8X-PjZhVexA=mo,it's nice to use.,5,0,25.05.03,2025-06-21 09:34:30,,,25.05.03
e4976dd0-7be3-4353-b6bd-5df3eb322f61,Amanuel,https://play-lh.googleusercontent.com/a-/ALV-UjWSND0brmUDsleshYOKGXAsKlMDvlMbaZt-QHk7JPpZs9jvUlr8,app doesn't start,1,0,25.05.03,2025-06-21 08:48:21,,,25.05.03
2da4265c-ec1c-4460-a1d2-5e23b5539034,Fentaw Kefyalew,https://play-lh.googleusercontent.com/a-/ALV-UjVegnXujG2XuMR7hfFXBINX5tbVtMuHZKoxf7tWOU40BhnGGC4N,Excellent application,5,0,25.05.03,2025-06-18 11:24:46,,,25.05.03
effbeeb2-b89d-43e6-96b0-8e1a78c1175a,zelalem fisha,https://play-lh.googleusercontent.com/a/ACg8ocJc2-MJQ4lQUtWUYH7hRKAR_MWj8gj9u6Uv0yUcvYpWG9joGg=mo,its very bad app its very slow,1,4,25.05.03,2025-06-17 11:08:55,,,25.05.03
9d73d4fd-005a-4232-a1b3-ff967998969e,Bizuy Shewaye,https://play-lh.googleusercontent.com/a/ACg8ocKjmUD7_ly7jKHVQHub4twmHuhZdhJ4aMFT9bArzYMMCBpIGQ=mo,ብዙዬ ሺዋየ በለጠ,1,0,25.05.03,2025-06-15 19:26:48,,,25.05.03
c2655979-af64-4649-aa42-af100716ede0,Kassahun Endalemaw,https://play-lh.googleusercontent.com/a/ACg8ocL76vYP81AaLsYEqV6OwUcx_ytOD6PASBytslR2VKbORXSiEQ=mo,good,1,0,,2025-06-15 12:16:19,,,
01f2460e-00ec-4071-910a-31ff89aac75f,Yeshiwas Gelagay,https://play-lh.googleusercontent.com/a-/ALV-UjUlidps7wajDVgRfaaH2utk1uRep_UtFTkOa3pGTo6CZR-TuNke,Good job!,5,0,25.05.03,2025-06-13 11:04:06,,,25.05.03
45d80ec5-3db4-4b45-af64-095a9fd0c355,SELAM MESGANAW,https://play-lh.googleusercontent.com/a/ACg8ocJaZ4K2WX8KF9tjVXnbUPco7MHa3hcp7w2BEKPjv6G0hbUR-A=mo,best financial app.,5,1,25.05.03,2025-06-12 09:53:43,,,25.05.03
81589db8-6bd8-4b68-816c-ec9e01408b97,Biniyam Daniel,https://play-lh.googleusercontent.com/a-/ALV-UjWmoEK7mPgql_vee4Ov-x_7MsvI1KdLnGJbTo1QDzPlk974P1O-,ቆንጆ ነው በርቱ,5,0,24.11.22,2025-06-11 21:19:48,,,24.11.22
6ec1267b-af3c-4d2b-8715-181e7f4c6282,Amistad Civil,https://play-lh.googleusercontent.com/a/ACg8ocLUHs4KfEvFpW68wk43W3gydgA4yMq88h9yyNl75PH3uSxzGg=mo,the worst app humans ever created,1,0,,2025-06-09 16:27:28,,,
937102c6-ae88-419c-994b-80e520faacb8,Phillmon Haftom,https://play-lh.googleusercontent.com/a/ACg8ocJUHD1VlowMkpu5Ud6IlrkId8h-uGAlDtJtFS8bLkxHA1gDeA=mo,it's not working,3,0,25.05.03,2025-06-05 11:57:36,,,25.05.03
3559b91c-fad9-4032-bebe-cf99974b9628,Robel Alebachew,https://play-lh.googleusercontent.com/a/ACg8ocKc3cWFE6DB-KelsfBZrSQ5KjVQ7TztXXm7wELqjMcFMLChYw=mo,"Hello, I’m facing a problem with the BOA Mobile app. Every time I enter my phone number and password, the app crashes and shows an error that says “BoaMobile closed because this app has a bug.” I tried updating, reinstalling, and clearing cache, but nothing worked. Please fix this bug in the next update. I really need access to my account. Thank you.",1,45,,2025-06-03 16:21:34,,,
10e85f30-540d-4810-ba89-85a7e004480b,Haymanot Anberber,https://play-lh.googleusercontent.com/a/ACg8ocIwmyIbpn174q-SvjF22qALayqXshfNd2A-CAp6EcVs5j7mYg=mo,exceptional,5,0,,2025-06-03 10:32:35,,,
d7f07898-4ba1-47b4-9e8c-a3cc10b1bf0f,Mahamed Abdulahi,https://play-lh.googleusercontent.com/a-/ALV-UjWjpFDGs7v19_pZmUMCMtVR2F8pWgFtnQdx_Pau33zI25ducLU,BoA Mobile good bank,5,0,25.05.03,2025-06-02 14:25:12,,,25.05.03
2ca9480b-ff5f-4b59-952c-5921db83dab2,Ahadu tech,https://play-lh.googleusercontent.com/a-/ALV-UjWOhd6tDkB5D0Ws9KjbNiDZMM0fSVJ0ykgIWeFwpaPTgsqmNCU,this is worest app 24/7 loading,1,2,25.05.03,2025-06-01 15:51:10,,,25.05.03
d9172c66-a605-4626-acc6-e1dbca0685cd,Mansour Abdulkadir,https://play-lh.googleusercontent.com/a-/ALV-UjWBTOX_W3soQM62Qu5aC_OP2GP0PBmwc9J0vULfT4FccoQk0E8,BoA system is confartable,5,0,25.05.03,2025-06-01 00:47:32,,,25.05.03
c3f2810d-cf99-4600-90ac-bef47adb9e7a,Ethiopia,https://play-lh.googleusercontent.com/a/ACg8ocKgfyrWh_dWm13iUdnsiv6Y3B_9hY_rTiI67hppjky8hpEOBw=mo,"this app, for me , is a waste of time. It doesn't work . I can't even long in, and it really piss me off. FIX THE PROBLEM",1,1,,2025-05-27 21:16:27,,,
512f8c2b-8fac-41cc-978a-b58e39a1ea5c,Gizachew Tesfahun,https://play-lh.googleusercontent.com/a/ACg8ocIix1Gtm5fb9xKlhypyXzFWtmAP2d4b16CGzSD-l_wk2w6Beg=mo,Good service.,3,0,25.05.03,2025-05-25 19:14:52,,,25.05.03
76089146-b1c7-47f4-ab9f-44b6a1092225,Tewodros Regasa,https://play-lh.googleusercontent.com/a-/ALV-UjWFdK2_RF3rbaPiwkRygKeobIf-Wu3NRloIJKctPROqaAuyebQi,the app crush frequently,1,0,25.05.03,2025-05-24 12:24:56,,,25.05.03
9198a5bc-f914-4a18-ad44-d2b77094c02a,Mabratu Tesfaye,https://play-lh.googleusercontent.com/a/ACg8ocIgHs_EOKmIvfuXuMFNQNI-NGtyOHnhDRG_UiNl8UWj1jddOg=mo,good,5,0,25.05.03,2025-05-22 15:34:58,,,25.05.03
e244700c-1210-4280-b60b-b75964c982df,amanuel fikiru,https://play-lh.googleusercontent.com/a-/ALV-UjWtyuTtCt_I4JrlaViwy7Liqp052l2tXUVjkWZRrksIxoV-SfRe,You guys keeps getting worst,1,0,25.05.03,2025-05-22 08:57:39,,,25.05.03
b857156e-2647-4eee-a3f4-2eec417f721e,Fikadu Netsere,https://play-lh.googleusercontent.com/a-/ALV-UjX5-vXTadTeJ8Argy1izQornDIewHYNog6uRcsJJquLDlt0TJQ,good,5,0,,2025-05-21 19:16:49,,,
2e219268-96fd-400c-8632-0b0d1044f487,Natty Solomon,https://play-lh.googleusercontent.com/a-/ALV-UjVvOqNjcmiFvpg3wf626ccS0Kal2mOq6hxjoSjCb0xVC1fsg2cR,"This app is a joke. It crashes more than it works, takes forever to load, and half the features are just decorative at this point. Can’t log in, can’t transfer money, can’t even check my balance without it bugging out. To the developer: Are you actually trying to make this work, or is this some kind of social experiment to test our patience? Did you build this in your sleep? Because it definitely looks like it. If this is your idea of a functional app, maybe consider a different career path🙏",1,258,25.05.03,2025-05-21 13:49:15,,,25.05.03
86456197-428d-45e1-9c00-8dd85dcbb9e9,Deginet Zeleke E,https://play-lh.googleusercontent.com/a/ACg8ocIhGMW4_4_6jw_3MGcqpSMCs7c4kC5rDFOZiQ5BpAhnZy_CtQ=mo,BoA,2,0,,2025-05-20 15:21:55,,,
fe22c72e-7fba-4ae7-9b4f-097bdb51cc61,Nurhussen Mohammed,https://play-lh.googleusercontent.com/a-/ALV-UjWyAHzBB5My747ELrbHCrCmVUQZMarqfjDuQHzWAWVvXqdoQerk,good,5,0,25.05.03,2025-05-20 10:57:13,,,25.05.03
8ddf5c9f-f866-4817-ac5e-85c67bfa870e,Usu Elemo,https://play-lh.googleusercontent.com/a/ACg8ocJ3LWDmO2wgBE2qYNAOEsApqJSSpf0CbI28bSeOHIZF5XJo9zY=mo,but not opening on android,4,3,,2025-05-19 17:19:32,,,
f8bb86fb-594a-48ea-be1f-d08ea0882b8e,Dagar,https://play-lh.googleusercontent.com/a-/ALV-UjXry0c8QCddJq6XwpLxmwwurl90WsOem5lxbxRhT69R8W0ZDK9T,Worst App ever. Totally unreliable. And it didn't work at all for the last 4 months.,1,16,25.05.03,2025-05-18 15:36:47,,,25.05.03
190dccba-a7cf-4b2f-9b78-5bf8d3c280ae,NURI KEDU,https://play-lh.googleusercontent.com/a/ACg8ocKQStyDvmw6roD6DSAJNOfgMeSyrB42Zi3akTBzH605QOIc7Q0=mo,amazing,5,0,25.05.03,2025-05-18 14:34:19,,,25.05.03
49377d51-ea44-483e-a596-3d5bed4b3f9a,Mohammed Siraj,https://play-lh.googleusercontent.com/a-/ALV-UjUft61LclDsZP39FfyUa9BbbptSPlFrc-fYRJSxRMcLgv07SGB4,excellent,5,0,,2025-05-15 15:42:43,,,
b640cc87-df88-4b6b-9b9f-13fe0bdd5dfa,fire biru,https://play-lh.googleusercontent.com/a/ACg8ocKGXwSjfQH8MlM1J14zYWoc7q2nqnsFcm6waB-R2fWUuE51Ag=mo,"this app does no work on Samsung a51, it just gives a preview of the logo",1,4,24.09.30,2025-05-11 19:07:08,,,24.09.30
141af3a7-96be-4fe5-9490-4cb8dfbf711e,Samson Bogale,https://play-lh.googleusercontent.com/a-/ALV-UjXzkRzyW1X6Epgd9rxrEFT_pctOjzsrnQGv2bTfWm7TjFtt0WzF,nice,5,0,25.05.03,2025-05-10 18:48:38,,,25.05.03
301f6927-9395-4cda-bb77-041a36323875,bogale abunu,https://play-lh.googleusercontent.com/a-/ALV-UjUNALB1lGxqtlz7jPNG4uUMSvz5nifHfGqRn0KvjbgpsHkaWYg1,"i entered incorrect security question by mistake boa app lock pin forever, why is there no other options? ?? i contacted different branchs more then 4times but they didn't able to solve this issue .",5,353,25.05.03,2025-05-10 12:44:44,,,25.05.03
9a02c524-0d8d-445e-97d4-d1f451b16d43,Eyuel Baharu,https://play-lh.googleusercontent.com/a/ACg8ocIr-vPKu609mPLrtuU1ocVNLUChrKczNN_eUW-oaF346bIELg=mo,Best app,5,0,25.05.03,2025-05-09 16:12:56,,,25.05.03
857bb685-6f7e-4db0-af37-eb2f1c1c6fd3,Abdu berHanu,https://play-lh.googleusercontent.com/a/ACg8ocJjoZv87agxo3zkbYHkpDgp5LOsmx4bjWgO6tAxzjQT0bJbBg=mo,liking this application good 👍,5,0,25.05.03,2025-05-07 18:34:10,,,25.05.03
62fa097e-3fd8-4522-a3a3-9b13f17f594d,Ahmed Abdo Bedaso,https://play-lh.googleusercontent.com/a-/ALV-UjVskSAmT2ssPhP_eVaTgOhXTop0J4YEM0Lw6dgqrB2sT5B2LU5u,"This app future is good, but there is problems with apps to reset and activate it, which is difficult even to the branch staffs, and it takes too long times to active at the branch plus most of the time high expected failure of activation after process at the counter and OTP sent not work",1,5,,2025-05-06 18:06:33,,,
e4f9ad9a-576a-4bbe-a910-812fd1b7e08a,Amnuel Gashaw Aman,https://play-lh.googleusercontent.com/a-/ALV-UjURD5C_B1xdox1GnMrB4JMjk9iCQtUSaB6HSx9y6U0QhXcpLn5s,good,5,0,,2025-05-06 17:44:32,,,
586aecda-30fc-4daf-bca7-2d37573a5e4e,Kidus Yohannes,https://play-lh.googleusercontent.com/a-/ALV-UjV6PEEzUCeqclAbu_A3Z_NAjCbpT1y8FIsZVW9Bxnckt4a93mNI,good,5,0,25.03.07,2025-05-02 21:50:25,,,25.03.07
0f3023a3-30af-479c-85e7-4165b2ce30c7,Cherie,https://play-lh.googleusercontent.com/a/ACg8ocKLXWlJizJ5qtvxjKHQFhgN9yS_wEl_9siyR00CpQGc6GbihA=mo,good,4,0,,2025-04-30 11:23:56,,,
aa6d112e-713e-46d9-90a5-6c32c1b1d7ef,Amare Tilahun,https://play-lh.googleusercontent.com/a-/ALV-UjUrRhhiZGK-01GEvgLTdHORsbQxcTVwirAgarLLNPs1_uzRcUw,good,4,0,,2025-04-30 10:34:17,,,
8571b294-c8c6-491b-99d3-52438a2b6dc6,Kalid Kalid,https://play-lh.googleusercontent.com/a-/ALV-UjWdFWClw2FaOO8UwTbUL-i34RTEE8EAtMedSqCI7twcbqPuzr5T,wow,5,0,24.11.22,2025-04-28 17:51:26,,,24.11.22
e255b972-0d40-4de1-99ff-44dbada62a16,Parish Duop,https://play-lh.googleusercontent.com/a-/ALV-UjUm1sZ3jg3ZaGsXJ1QtSgcuH-vlxWHt-Ci60zdy62M0gOOJOzg,it's really good 👍,5,0,25.03.07,2025-04-23 19:44:14,,,25.03.07
dbd9dbf2-47ee-4103-8631-cd0ef79f4344,Natina'el Taye,https://play-lh.googleusercontent.com/a-/ALV-UjVrI4MILJEspf7LceYOswa-78YQoKxP6lWtAZZhExX8T5EMS24Q,Bad app . it stuck when you open and noting WORKS.,1,5,25.03.07,2025-04-23 14:16:20,,,25.03.07
8a4d9c01-9e5a-4732-a8ab-9341930b30c8,Nahom Abebe,https://play-lh.googleusercontent.com/a/ACg8ocLRFdZ5Nv2Vc17s9gmMXS_GfT3mVhKlWyxrIP49GsiyGHihcZQ=mo,"the app isn't working after it asked me the password it starts loading, but it doesn't open",3,10,25.03.07,2025-04-20 21:05:21,,,25.03.07
e523c50a-6f8f-4653-ad4d-5122ef8ddb9a,Wase Kedir,https://play-lh.googleusercontent.com/a/ACg8ocLvSpWlAY8Ph0RdWqqCXuD34YRHVBTLmEEDEGWaJ1I75BRh5A=mo,Best,2,0,25.03.07,2025-04-19 18:38:02,,,25.03.07
3271d45f-2900-41b6-878c-669ac563e60a,Abel Hubena,https://play-lh.googleusercontent.com/a-/ALV-UjXntbwaXsZjrryM7cvQuWMFymDlD0f5l5_XDVLg9iElR9a54qMnvg,It keeps showing this pop up to turn off developer options even tho it's off! I had to turn on and then off to make it work! This is a horrible experience and needs a fix asap! Plus kinda slow.,1,34,25.03.07,2025-04-19 07:15:54,,,25.03.07
56788d9a-6194-40ce-b282-30c541eec4cf,Mule Negte,https://play-lh.googleusercontent.com/a/ACg8ocKoafd29AcHajg5qE4U0IFBWcUw-regmd5VC0Vc28qMgppEkw=mo,yideg,1,0,25.03.07,2025-04-18 00:18:40,,,25.03.07
527633dc-326a-40d3-8f50-663f5a355aee,Amanuel fitiwi,https://play-lh.googleusercontent.com/a/ACg8ocKliKKp_8qIp_g57FM85oeqfgP80QPcgSQkp41RTVuGAQho9Q=mo,great boa,5,0,,2025-04-10 14:33:26,,,
152c96b7-b5f2-4b29-9812-ff59d9464615,Tesfaye Tegegne,https://play-lh.googleusercontent.com/a/ACg8ocJRp-HiDRmk4Re2YLUED1LPi2mS8UKENqpv1UoFIGfvF9ZLuA=mo,Best,5,0,25.03.07,2025-04-10 11:53:01,,,25.03.07
497345df-10e9-402a-bb96-88e16f8a803d,Tsegaye,https://play-lh.googleusercontent.com/a/ACg8ocKJgt9omU_YpOsh3V5D8W98OWGiLim0TjaQWbSUYsKnY2esZsU=mo,boa of mobile backing,5,0,25.03.07,2025-04-09 14:32:34,,,25.03.07
6474e6df-7925-4e06-a67b-944237843b02,Mezemir Haset,https://play-lh.googleusercontent.com/a/ACg8ocLykuOmI1KEuf9Fq88IybGh-25nAYODVpHStxjVnhTYblr0Jg=mo,nice,5,0,,2025-04-09 04:01:08,,,
f68ed25c-79db-4a9c-85e7-aaccd1671555,Joni Eden,https://play-lh.googleusercontent.com/a/ACg8ocLYmkXyF2huI_gR4t2Ra9sD2OqyiXutrjMLreLDsNRSaSL26w=mo,faster bank of Abissinya,5,0,25.03.07,2025-04-08 16:36:23,,,25.03.07
94ef86ef-6437-4c31-96c5-efeb7f32829f,Yared Getachew,https://play-lh.googleusercontent.com/a-/ALV-UjXStUgSCFhTrcRyNDiKuvnzNtvi4hky6vzgOcFx9fZ_GA_vBSxd,i would have given it a lower if it was possible because it crush so much and it take the bank so long to fix the bug,1,10,25.03.07,2025-04-08 10:12:19,,,25.03.07
3b48fff7-6b38-4099-9c7c-cabc1bbbd92b,Bezawit Wondmagegne,https://play-lh.googleusercontent.com/a/ACg8ocLMgtPAMJRBpYNB5jBVqf_d7ufK7SYjVpTqT1k9W2KLdWLR1g=mo,it just doesn't work...so frustrating,1,0,,2025-04-07 18:04:17,,,
94d9f11f-f866-4439-a91b-c258140070e7,Estifanos Afework,https://play-lh.googleusercontent.com/a-/ALV-UjWZZST4adG1di5sPl8LuW-COZZ8Z8vWbE_7p1kTa8jiW2H8RpsW,like,5,1,25.03.07,2025-04-06 22:17:21,,,25.03.07
b10d3c9a-d5c8-422c-9bca-82a40310fb5c,Teddy and Fli,https://play-lh.googleusercontent.com/a-/ALV-UjWmwyTMeD9quS8mnVL-8WsUjWicNmU-FPOtffGrcwObiYaPRalW,it's not work correctly... you must have update it,1,7,25.03.07,2025-04-06 11:01:42,,,25.03.07
8eed1a6d-6902-45fe-abc4-48dcbae22f85,Esubalew Yismaw,https://play-lh.googleusercontent.com/a-/ALV-UjU-kJX0DEbtrWM_594xDdLac8BzdVyW-l0Zr_4gVsX4g8ggjJXw,"the app gets a considerable improvements like language , QR scanner and unlimited transfers survice. but BOA Please do alot on its fastness and convenient when we login and making a transactions.",5,19,25.03.07,2025-04-04 22:57:29,,,25.03.07
b3a22053-e2b9-47e6-8083-a2e73a7c6bed,Yonas Gebre,https://play-lh.googleusercontent.com/a-/ALV-UjXE7RfDi8eySDco2807b_hHR0-GAtMA29WYI7qd0R_kjITHUfxy,after i typed in my password it says successfully logged out ...and goes back to the first page,2,9,25.03.07,2025-04-04 12:38:08,,,25.03.07
53263f41-9dd6-4165-a24a-a41fda4c390c,Nati Kasahun,https://play-lh.googleusercontent.com/a-/ALV-UjX_oJS20sQqMojAKhqZSlSXTSSs7UpU4a8wSc8B1SFWw_Dg1lX5,good but they don't update enough don't add new things,3,4,25.03.07,2025-04-04 12:24:06,,,25.03.07
6686f694-5b08-4f44-a4de-2160c5ad6a62,John,https://play-lh.googleusercontent.com/a/ACg8ocKvB1iRR0QRd9LhyVCDVDq4-7E3yipvhqvpSIoPsF0ZtIAQ6A=mo,very good,5,0,25.03.07,2025-04-03 08:50:56,,,25.03.07
91372113-f427-4e6d-892a-571e1c40eee6,Rais Rashaad,https://play-lh.googleusercontent.com/a-/ALV-UjUQMaSpnBVpu0Q--2MGY-nieBfCN5My_nV-B1rcRTjlMP7eQpTm,thank you,5,0,24.09.30,2025-04-02 03:33:00,,,24.09.30
6eec96bf-b4c9-4dde-9814-059cf54b3f86,Abel Getachew,https://play-lh.googleusercontent.com/a-/ALV-UjUkaycJeMeh_DqBMOGrF_SIv-5Cdunku3YbxuMtFpRYbjrZYfA2,it doesn't work period z slowest mobile banking ever i would rather use *815#,1,5,25.03.07,2025-04-01 00:27:34,,,25.03.07
1197ad29-5063-4999-888c-589582754caa,Hone Boy,https://play-lh.googleusercontent.com/a/ACg8ocJ94dBkQntspJfmKqbrM0zmMry5oAXsC9mSxVdmbgf1GAu49YE=mo,"after activated the application it not allowed to sign , automatically it is turn off In my phone, why ?",1,6,,2025-03-31 23:55:06,,,
2ac5df83-d25c-41c5-ae60-64c7a77159c5,Aklilu Keshura,https://play-lh.googleusercontent.com/a/ACg8ocJO895hHxP5vfWjxyYMTHGNYQ4pxOg7nTBzQLJgFxjT65RqVg=mo,good application,5,0,,2025-03-30 21:56:40,,,
e9072e9a-76dc-49d1-b423-cb64c4656802,Yohannes Assefa,https://play-lh.googleusercontent.com/a-/ALV-UjVwg9_NSPfIIi3K1l82YSlh3LDv-GSIaUQrd94qff5J0xwY0sQ,this version is not working for me I cannot even buy card. I cannot send money,1,2,25.03.07,2025-03-30 15:27:26,,,25.03.07
e52a6ccb-dc16-472c-84ef-2969c08a9318,Nahom Tesfamikael,https://play-lh.googleusercontent.com/a-/ALV-UjVS2c9xf2jMxArq2XejpFHcY1wBnuvL-3QCGQ2dvwn0DHSMDqMP,"It can't actively on initialization, it says incorrect OTP getting the exact OTP",1,4,25.03.07,2025-03-29 14:29:38,,,25.03.07
34f5b18e-0a79-40bb-94b6-4430d08e0c17,Michele Graffi,https://play-lh.googleusercontent.com/a/ACg8ocI3d-EFmZlyL2EB-DwxLVU5JxMULic6PXmnkDmSCUfEEXGvOQH4=mo,always problematic hardly works,1,1,25.03.07,2025-03-26 13:28:25,,,25.03.07
c011e833-112f-4780-9a18-eaf17e5eff57,Agwes Agwes,https://play-lh.googleusercontent.com/a/ACg8ocJjrpQDLoL8mUYQBxG6Kg_MWxqyzKBbO84_SOVPgp1cCvURpg=mo,best app,5,1,,2025-03-25 13:15:12,,,
316aafea-0134-4718-a056-b50a0eacb679,Sisey Tesema,https://play-lh.googleusercontent.com/a/ACg8ocIFB7bj5q6N87kF2suK7PLdrpQcLZ-lLXgdQLI6kltH56jocg=mo,very good,5,1,25.03.07,2025-03-25 12:56:42,,,25.03.07
1648df61-5880-4d2a-9ec1-c393c9ac474d,Monte Qamer,https://play-lh.googleusercontent.com/a-/ALV-UjUgGaLetgv0astuYmO6D-SfMCSkvaC_GrLwN08S2dCHDD4rU8jb,"worst app and Bank ever u be ashamed, scammer",1,0,25.03.07,2025-03-24 17:00:42,,,25.03.07
f1de5d59-8021-423b-a02a-958993f6e85f,Cadaawe Xuseen,https://play-lh.googleusercontent.com/a/ACg8ocLCxC6Q81RjJCoITlg1WWr40nMq2W2UplXLIuGx4MfKCiWeIA=mo,great BoA,5,0,24.11.22,2025-03-22 12:46:56,,,24.11.22
5f3f6ba2-4517-48c3-b87d-f58179b8ef73,Aklays embay,https://play-lh.googleusercontent.com/a/ACg8ocLizXcOzx50VsImReoaS_cRt1QrduLam5ATNmNTT8xRuBAA0g=mo,best,5,0,25.03.07,2025-03-21 12:32:05,,,25.03.07
6b5a5455-dcd0-4a2a-8cbb-f0deb5706498,Rakeb Mulugeta,https://play-lh.googleusercontent.com/a-/ALV-UjX1VVX2AC5KbOYILSBO_pFAdZNJCxr-eZ04qJ0OD5Y00RIVDaLO,i have went to the bank so many times because i couldn't make any transaction i can only see my balance nothing else so what is the point of having mobile banking if i can't make any transaction with it please work in that,1,7,,2025-03-21 10:49:11,,,
cd4e2229-6495-42e6-bd2b-3ff710dc9663,Muhammad Hamed,https://play-lh.googleusercontent.com/a/ACg8ocKhmPc3kz1wW0Vhlz9XuILDbvBB1pqweCmU1opkbeMeSW8ZWw=mo,good,5,0,24.11.22,2025-03-21 06:06:10,,,24.11.22
643f52aa-9981-4dfb-b058-573537f62ce5,Miky Mal,https://play-lh.googleusercontent.com/a/ACg8ocIbpqGW8DqSJKRh3qusrUECKyqllb7eGqhgkqvUx_22Mv1mqA=mo,good,5,1,25.03.07,2025-03-19 21:15:38,,,25.03.07
376f374a-f480-46e2-bb4a-90e938ab3a59,Mickey Justin,https://play-lh.googleusercontent.com/a-/ALV-UjUf8oSe2sn7dlDbNMS-H7541KC8NlHCBlcNIpvIhS0pT1QJ_W4,there is no speed,1,0,24.11.22,2025-03-19 19:12:01,,,24.11.22
c5cdb617-4335-491d-89ce-9c1aab9b0b2f,Noah Daniel,https://play-lh.googleusercontent.com/a/ACg8ocKQpSKVHU0UhCOeoZsA99QNxGYpR939DTIZgtHM2eHNlocFJw=mo,"For anyone who wants to download it, just don't!!!",1,0,25.03.07,2025-03-19 16:02:57,,,25.03.07
26f2b9fc-1707-4e54-b04d-c9915a1e9a54,Ararsa Dabale,https://play-lh.googleusercontent.com/a/ACg8ocIZnuf99fQ4lH6n3GU8AwdBUCclYHBJSCVEWSczT6JukIkXkQ=mo,wonderful,5,1,,2025-03-19 13:58:10,,,
799f010a-f795-4ad7-ba24-b67c4939529e,Usman Umer,https://play-lh.googleusercontent.com/a-/ALV-UjX-A7fDi_Xn42Mcm2NOZEGfpEUADo4wczNT9kHLUoYnY5_qGhlr,all worck,5,1,,2025-03-19 12:55:57,,,
e39414aa-0b2e-4c4d-9a21-8302487cdda4,Muluken Sewunet,https://play-lh.googleusercontent.com/a-/ALV-UjV7-nHhtWwbjz5lFXxufv3DTFMMZQSl02qSCWFlC76ndCzWB26S,Loved it,5,1,24.11.22,2025-03-14 17:57:04,,,24.11.22
c9a192de-b018-4dde-b0d0-b0201be0c3f7,Abdu Mille,https://play-lh.googleusercontent.com/a/ACg8ocIKSBCTUKUSbSZXpCiTxPpTG7Mmo6fs-i5pWn256l7eD_TRnQ=mo,Wow,1,0,25.03.07,2025-03-14 03:37:53,,,25.03.07
7d475f3a-15b4-4e56-ae4b-1fc451749e61,Beamanuel Tesfaye,https://play-lh.googleusercontent.com/a/ACg8ocKzKtslIb7CKU6wDNHKr93Lw3TklYJ3fl8TQ34Amh5n6SwhmSI=mo,"Edit: New bug, app not letting me type in my otp codes. Shameful Why does this app not allow me to use it while having developer options on? Did y'all consider that I might, perhaps, be an actual developer? Why am I expected to toggle the option on and off just to bank (restarting my phone when I do)? Why is the message labled as somthing that will ""smoothen"" the experience? This is like the most ""security consultant"" thing to implement in an app. Please invest in actual security, not this mess.",1,137,25.03.07,2025-03-12 22:41:25,,,25.03.07
e68af2d6-0770-4110-b3dd-167bb54cd017,Fanuel Gebremedhn,https://play-lh.googleusercontent.com/a-/ALV-UjUokUV5tiiptS8Elef8L13BqiR4oknZ7-8FX6b8sMN4tDPORlHa,Improved to be the best,5,1,24.11.22,2025-03-11 12:32:31,,,24.11.22
a9e99120-460c-4cc0-8978-d1d601b89258,Merkeb Bonitua,https://play-lh.googleusercontent.com/a/ACg8ocJlW2AGBQ1uottYfDFe3WPATgsKYjGZzCJxON5rcX_XmfiPxA=mo,BoA,5,0,24.11.22,2025-03-11 10:51:57,,,24.11.22
0e5e093a-1cf1-4c49-87ed-046888b8afa9,Nati Man,https://play-lh.googleusercontent.com/a-/ALV-UjU87NmM3afostHvy3sFDg8gPpucnnDcZaUlxfvPW-kqLzoUapMR,"Decent, but there problems sometimes it says error When i transfer money but infact it transferred because of this bug i transferred 2 times instead of 1 and also we can't transfer money to others telebirr acc we only can to our self BOE Dev fix this !!!",3,3,,2025-03-11 09:22:01,,,
35ea7b31-46fb-47a7-b9c4-8a5e06161abd,DAMTE BIRU,https://play-lh.googleusercontent.com/a/ACg8ocKxLXqX9zh6ZR06K7_JNE8Rlt-RNCh2keZJkBXvSqwVMk69SQ=mo,BoA Greqt Ethiopian bank.,5,0,24.11.22,2025-03-11 08:31:05,,,24.11.22
c9f8ff21-b8d1-400f-bb94-c98399a25ad5,Bamlak Sintayehu,https://play-lh.googleusercontent.com/a-/ALV-UjXB-UU_XEeGfWyHcMVo0jwChi13gQnx_cZFC_nJCgsn80kG8d8,"The bug is still there,the app crashes every time i try to log in, especially in old phones like my Galaxy A32",1,7,,2025-03-10 20:11:15,,,
df027023-1b65-40e9-b2bf-de6fedc17c5d,Biruh Alemayehu,https://play-lh.googleusercontent.com/a-/ALV-UjXNdeQHylEjfVen2210bIAp7s82tnb3tIa9U5HJo-eyi86Mnqlb,Almost better compared to cbe where it is not qualified for,4,0,24.11.22,2025-03-09 11:50:02,,,24.11.22
73ce76e4-b7a2-4ed8-b6fd-f9b388bdb4a6,Teddy Abayneh,https://play-lh.googleusercontent.com/a/ACg8ocI5qBqlzQdwbrO7evldVwAEBPArhIptGQfqyv2yv7D0NamS8r8=mo,what awesome apps. it is very simple to use and more much important apps.,5,4,,2025-03-09 11:34:30,,,
1cfcfa11-67f5-4315-9f2d-f47ab27f0910,abrar yasin,https://play-lh.googleusercontent.com/a/ACg8ocJmoxUxnQnUu1NsBnzsMh1LLP82J5L_liHoGXdhHgrQZWSCBQ=mo,Wonderfull app,5,0,,2025-03-08 10:23:26,,,
c292d2f8-1e0d-46ae-97f2-f3215a0bdf50,Djejaydh Sj4ydudg,https://play-lh.googleusercontent.com/a/ACg8ocLDFf0usIQRhKCSPmprfRA1RrysZMFslhcIIXZYY1Nj5BngXA=mo,i can't use this app why?,5,0,24.11.22,2025-03-07 14:28:00,,,24.11.22
1962d1c4-e2c2-4ac7-91b6-b0a75ae11d7a,Abel Tesfaye,https://play-lh.googleusercontent.com/a-/ALV-UjVIYC92EdgEqTJoHj55sKZYnWbOabm7fjrhMmSx0h4qJxxHC4u_,Worst mobile banking app I ever experienced I was blaming other apps but comparing with this they're too much better!!!! It clashes it takes much longer time to login while loading in short it's a complete of trash,1,9,24.11.22,2025-03-06 22:44:28,,,24.11.22
ab7b2d7e-b707-4546-b9ec-ad0da2cb9015,Demlash Demlash,https://play-lh.googleusercontent.com/a/ACg8ocLDToXQqecubnH97f4m4yd6C9tealfqfed7ZoszSwM0g38gzq0=mo,Wow,4,0,,2025-03-05 21:58:05,,,
7d468428-1ccb-4528-9984-9324db9b9d2b,Tarik Teshome,https://play-lh.googleusercontent.com/a-/ALV-UjUFO04T-bMxwaWLzi_7eUm9xXaXEvA7yv8Hd8b0LmCuUHSUTaE,bro the worst app made by human kind!! as a software engineer it make me so sad seeing enterprise as big as BOA make apps like this. it is a disgrace for our country!!,1,0,,2025-03-05 15:03:56,,,
ab512ec6-2eaa-496c-b0a9-ee21a2d810be,GENENE NUSI,https://play-lh.googleusercontent.com/a-/ALV-UjU4Q3v16iBmjuG23kwnQ2mvHm-oSXuG5VqmujALWhPKF_jhhxVhig,AGA B Girja Miss language of admin Afaan oromo & other Itoophiyaa languages,1,0,,2025-03-04 20:03:40,,,
06384ab0-33e4-4d40-9ff0-735d46c30c17,ᴀʙᴅᴜ sᴇɪᴅ ᴀʟɪ,https://play-lh.googleusercontent.com/a-/ALV-UjU9X-7lXrsfRCD8TF_gN_3IR0EdoosZem-vDBOP8Up0sGpZXkM_,Good app,5,0,24.11.22,2025-03-03 16:47:22,,,24.11.22
49b877c9-5536-4be5-8674-e3ae975fa0ed,Cyber boy,https://play-lh.googleusercontent.com/a/ACg8ocICFlKeHKgnvkHobS5K0iNiXYmssT2ABsjVhtrH69xcfpTi9g=mo,"I downloaded the app for the first time while reading other customers reviews and as soon as i installed and opened the app it closes back automatically, what unserious bank, now i uninstalled the app immediately",1,2,,2025-03-03 09:24:29,,,
529fe570-b1aa-48b7-b349-444b98c1fce7,Merkeb,https://play-lh.googleusercontent.com/a/ACg8ocKcytEOjJsrdcVRlevcycaEiUKgHpYh4-bDOcmBPqGnVUaRROA=mo,It has good features but sometimes it doesn't work...0,1,2,24.11.22,2025-03-02 17:02:17,,,24.11.22
