reviewId,userName,userImage,content,score,thumbsUpCount,reviewCreatedVersion,at,replyContent,repliedAt,appVersion
d251dd23-f516-4c34-8be9-2f6205ff04a1,Nyalite Tut,https://play-lh.googleusercontent.com/a/ACg8ocJ5DAAwLKvtflSsKURKxQX1otQC2v6nqcV1_f2NDre9dtsWfA=mo,good application,5,0,1.1.3,2026-05-18 11:01:16,,,1.1.3
911ed0ae-df98-4199-ac01-e8b91731cfe2,Solomon Wale,https://play-lh.googleusercontent.com/a-/ALV-UjVcraxX1BBkkR_qPVTYJIMuUMi_JQq29eLNdfZiS5pvHN-K26A,How i can use,5,0,1.1.3,2026-05-17 19:18:48,,,1.1.3
3c6b9df9-ff20-4ccb-b918-4336a0cce1d6,Wende Man,https://play-lh.googleusercontent.com/a/ACg8ocIVfBQkSAJF6MesvtOkObRpTr09yerqJY0E6Ga1OFP2lqnl2Q=mo,Wende. Weju. Mekura,5,0,1.1.3,2026-05-17 17:43:11,,,1.1.3
15364398-e025-435a-8fcc-b6ce863df75d,Abera Mamo,https://play-lh.googleusercontent.com/a-/ALV-UjV7cscr__UxPKcfYnUjXPDcIvyP2UL7eNgLC0mI6PY489OYoixn,so easygoing,5,0,1.1.3,2026-05-17 17:30:23,,,1.1.3
f2afbfce-ee6d-4a33-8d20-a53a820c15d5,Dhaloota Boruu1122,https://play-lh.googleusercontent.com/a/ACg8ocLE-JKw8eUTS1c41C5DHrag1OoS7aaJiEUL_vyEgipB9YHdUg=mo,haalli tajaajila keessanii baayyee nama gammachiisa galatoomaa,5,0,1.1.3,2026-05-17 13:55:38,,,1.1.3
65015a21-bb26-4ddb-9ad5-e39629b685d7,Fitsum Chicha lule,https://play-lh.googleusercontent.com/a/ACg8ocKTUIHw6MzNfuV13H0B3OeOFBkJX0gtm34ARqipt_XEFvVgYg=mo,so fast and easy to use,5,0,1.1.3,2026-05-17 11:40:49,,,1.1.3
837986c5-f6c8-4422-8e79-b4c516d4c4a9,nigus Assefa,https://play-lh.googleusercontent.com/a/ACg8ocLeKtUlu8sK2ixyz3J8LSSameuRO_RrNU4xiDxpwSI3bX8JhQ=mo,but kobo town water bill payment is not included,5,0,1.1.3,2026-05-16 17:06:10,,,1.1.3
45be65f5-4758-4f11-ab71-801b85ec31b9,Ephrem Petros,https://play-lh.googleusercontent.com/a-/ALV-UjV56R9J4K1DUbDazB6SJPToJGKGgAN5KzCG9gTCb39HMAzNw4k,Bad application,1,0,,2026-05-16 13:54:35,,,
c653753f-9d7b-4f1a-a433-cbf99190082c,Adem Beker,https://play-lh.googleusercontent.com/a-/ALV-UjUyMaP1E-MdKL1e4fRPLH-byHVNpAODTxvgLT2YupEioB8xXgV4,good app 👍,5,1,1.1.3,2026-05-15 08:00:26,,,1.1.3
fe879501-be94-4a3b-9e5d-4295b24d04e8,Fedlu Kemal,https://play-lh.googleusercontent.com/a/ACg8ocKj_CU_qgAL9Pv7-9sQv_PjzHQiv-tv7iZkVBCxGEnhEDGqNA=mo,good,5,0,1.1.3,2026-05-14 18:48:44,,,1.1.3
4fbe211a-4c27-467f-8554-e59accc4233a,Habtamu Abera,https://play-lh.googleusercontent.com/a-/ALV-UjU_3CI1VyB9JEOzNc_yyBPaoFmh20XRF6LfRvwZhlqqev33RoM,"This app is the best to use. thank you! comment while using the Scan QR option on Awashbirr pro, there is no option to select a QR code image from my gallery. Other banking apps provide this functionality. If there were an option to upload a QR code from the gallery, I would be able to make payments remotely using QR images. Also, how can I generate my account QR code to share with other people so they can make payments to my account?",5,2,1.1.3,2026-05-13 14:06:56,,,1.1.3
26e6b3fe-7518-436d-8209-636361c867f8,Abebe Feyera,https://play-lh.googleusercontent.com/a-/ALV-UjWQwrEuqCdkYLLzm4JRVd6lnboZWjaYyNWlWm1aXgcj9DC1jhqu,tajaajila torban tokko osoo hinkenniin network error jedha.Rakkoo kana furuuf irraatti hojjadha.,2,0,,2026-05-13 09:11:38,,,
76ffa480-35a4-4ab8-bb1f-112c4864ff28,Tofik Shafi,https://play-lh.googleusercontent.com/a/ACg8ocLfujuVTXkFkw1Mlnxy9F01U1CMvIEZ2Zt90pkx3siWOGGhDw=mo,it's good,5,0,,2026-05-12 15:29:21,,,
34905005-5d58-4c6c-b2fc-924bbcfea71d,Guan shajen,https://play-lh.googleusercontent.com/a-/ALV-UjVejleXfWyydr7Vv200rMkWdSLgc0Gr0Vv8MDunjOR2CHvoZsUh,happy,5,0,1.1.3,2026-05-10 12:51:30,,,1.1.3
6c31d77d-dd8f-43cc-9cb5-340f07637d57,Tessema Tefera,https://play-lh.googleusercontent.com/a-/ALV-UjXyaqlIT0hzLyC5IAIiSKAgtxjNbNvSNJzvwm2u2lqsg0hKmF0,nice,5,0,,2026-05-09 16:23:41,,,
af4f3a28-3177-4057-ac54-59eca8b9326a,zerihun kassa,https://play-lh.googleusercontent.com/a-/ALV-UjVCDu-us4FzR_r-aPnfbc9Tm6H9xEqoKXS6vJ7PLJxejWQTv59S,Nice one,5,0,1.1.2,2026-05-09 04:47:57,,,1.1.2
5c4a4ca9-f91d-41dc-b6c3-f4e20dabfba6,Zimbelew Eshete,https://play-lh.googleusercontent.com/a/ACg8ocKJeOjQE1pZf32b4e5dY0liiJnQlcDSqHQi_xcmb-CjZ_VSdA=mo,best finance ever,5,0,,2026-05-07 12:06:31,,,
6802a829-531d-4d49-9641-b909c9240b73,Esmael Gizaw,https://play-lh.googleusercontent.com/a-/ALV-UjWmwqIHRwzHNxIS72Vj4uvQuEKTRtg37JujCcoaYPZOHW0dh1DEhg,credit serebes Problem,5,0,1.1.3,2026-05-07 01:23:04,,,1.1.3
f8c2e3a6-00d6-4d1f-8ff3-f589d77b89ab,Hadush Hadey,https://play-lh.googleusercontent.com/a-/ALV-UjU3h56o3FzC-W1TDW8i0cQCMNtRzmeXOZEf3JS5JGjZJUyk4OM,best mobile banking app ever in Ethiopia. I love your advice receipt 🥰🥰🥰,4,0,1.1.3,2026-05-05 19:12:35,,,1.1.3
d4b26821-5ea7-419e-b4bd-251f0f4cdfbe,Amelewerk Tsegay,https://play-lh.googleusercontent.com/a/ACg8ocJ-QgN_2umvsOwgQgagKdGh-WFBHJwWU97sOoXXv8BhPxp01w=mo,tickst is not coming to me,5,0,1.1.3,2026-05-05 13:23:39,,,1.1.3
c21ec1dd-0248-473d-99f1-135517908286,Jemal Bushura,https://play-lh.googleusercontent.com/a/ACg8ocLxZMDyC4RAhf_68szb-8hUZIwMhqs2qeNssOv1MLgEufaw2Q=mo,wow i'm happy to use awash app pro,5,0,1.1.3,2026-05-02 22:52:36,,,1.1.3
8fb40f55-5810-4792-b264-12e022969795,ABEYSIMAK Seyfu,https://play-lh.googleusercontent.com/a/ACg8ocJzBsbtxBZWbfGljEcniJoo-flXO6zHyj0FiNkGyfxtAJ_ALg=mo,this app is very good and easy for use,5,1,1.1.3,2026-05-02 14:49:54,,,1.1.3
ec4f9c53-0ee8-425c-996b-7a1f4016251f,mohamed isack mij,https://play-lh.googleusercontent.com/a/ACg8ocJ-SSACWqunc5ws6Oi33lkCXXYXMCw18tLGwlAjjIvP2tl-Eg=mo,very nice really appreciated,5,0,1.1.3,2026-05-01 15:46:08,,,1.1.3
eb2aec01-09c0-4464-9445-3e2c8b4ddae1,Wende Hailu,https://play-lh.googleusercontent.com/a-/ALV-UjWFeCjAy_ROa0Z-aFVRdB-_T2CDaUgl_MHn6Boh_70IG-HTBOc,i like this apps,5,0,1.1.3,2026-04-30 19:56:09,,,1.1.3
77868e51-a6da-428b-844f-544d5732caf3,Elahafi Ela,https://play-lh.googleusercontent.com/a-/ALV-UjVt2PBZtldXKhn7nZNfWms8EgTBan3b1aZHsFbj11UthOLg0II,one step up,5,0,1.1.3,2026-04-30 16:06:45,,,1.1.3
023e420c-65fe-4de4-b4a5-742a214d7be1,Tamiru,https://play-lh.googleusercontent.com/a/ACg8ocIofyBcUYeBxstMS5U4mesarNL47vzFXHNt14C17M3KHc5F4Q=mo,i wish it coud better,1,0,1.1.3,2026-04-29 10:16:49,,,1.1.3
7a2e9b1e-d2ff-405b-acee-6d81ef935c2a,eshetu dechu,https://play-lh.googleusercontent.com/a/ACg8ocJGZGVeqGJJdzg63QwQCf8IUHh5R8QbfQON8BbjoKGIk7WKyQ=mo,Best,5,0,1.1.3,2026-04-29 10:03:52,,,1.1.3
1d724f8e-50d8-4304-a6c6-e04c0ce6446c,tsegaye yohannes,https://play-lh.googleusercontent.com/a/ACg8ocJMj5pQap4pFpuZia3NV9m0RNvKHrg7tO_-p9raXJGWjh0xRwM=mo,perfect,5,0,1.1.3,2026-04-29 10:03:52,,,1.1.3
625936f7-d8a5-4f8c-9068-9a9b241bdee5,Simera Gizaw,https://play-lh.googleusercontent.com/a-/ALV-UjWhM9q0WTjAdNzabBWUSYFrCQKzXYCvrskwJyUQGowjt1cSeVB-,Transfering to other bank and telebirr and MPESA option is not working.,5,3,1.1.3,2026-04-25 07:11:19,,,1.1.3
b696f937-423d-4060-b191-0a70d0ce51da,Sosina Mezmur,https://play-lh.googleusercontent.com/a/ACg8ocLm6qxPM9EI_iWeXC23Rf7EK7hu3iSCTkDp7R9LlWtjt2GOkw=mo,smart upp,5,0,,2026-04-24 09:41:55,,,
e0dce210-b8ac-4f5a-bdc0-808ed0fd858e,Melak Haile,https://play-lh.googleusercontent.com/a-/ALV-UjXPOn_VhrMWUX9b97IQiy6AEK0Z4i_wvBvLviWYl0OqR1SUQqY,I like this easily to use!!,5,0,,2026-04-23 16:14:45,,,
d7139dac-fbdd-4eea-be0a-c90aa878d743,Fenta ethiopia,https://play-lh.googleusercontent.com/a-/ALV-UjXHkce5Yfsn0DIgxYJNAT5sfIpGHVXngwwJlT1Ulp2hf4T5ZA,its cool,5,0,,2026-04-20 07:27:45,,,
3d27f0fa-78fc-4de7-bacc-5f656b973c86,Heran Debela,https://play-lh.googleusercontent.com/a/ACg8ocJXfyvVbXMCHsdaeOyE8j08L5kJnPgN9COD0QaHEevNqDIwrA=mo,Baankiin Awaash filannookoo yeroo hundaati naaf jiraadhaa,5,0,1.1.3,2026-04-19 21:29:22,,,1.1.3
32e8f187-c967-4496-8185-d59817446b8e,Semegn Kibru,https://play-lh.googleusercontent.com/a-/ALV-UjVlzhichEEG6eF0YrwfPCceECpnd5Upw2EkQWPiQWW8-Vl5m5V9,The fastest and safest mobile banking I just love your service. Thank you,5,0,1.1.3,2026-04-17 14:11:53,,,1.1.3
dfa8463f-bd48-4160-bfea-19128b68af92,Obsa Ko55,https://play-lh.googleusercontent.com/a-/ALV-UjUGh8cWFkxhuu_8loi25u7TbeNHLV48Z5wzUdOlY4EGu_-e3Ssq,this app no works a30s phone no work this app rm gb 8rm only works why please update this app,5,5,1.1.3,2026-04-16 18:50:16,,,1.1.3
86535d22-9f11-479a-8423-9c70bcddb5c4,Big Ambelu,https://play-lh.googleusercontent.com/a/ACg8ocLdnFeJgBW4oZUt5511OoImUVzXSn1DYdDSlJ8HvOnMvK2s4w0=mo,It's a better app compared to other financial apps,4,0,,2026-04-16 12:08:19,,,
4bc88cc2-47d5-4628-9645-5b03e94f473b,Yakob Endalke,https://play-lh.googleusercontent.com/a-/ALV-UjUcTPrNjMDwFAl1GXn0sO9VmjxiDbJnfBgBFq21vIa6s5SsZpI,good,5,0,,2026-04-15 06:17:20,,,
9ba9254f-e6b4-4344-8199-ba931437a96f,Genet Negash,https://play-lh.googleusercontent.com/a/ACg8ocIcFeRkQrVMP1_X7QtsVnDdObEvaZZedcLtghaZes7LZ-yekg=mo,good service,1,0,,2026-04-14 11:58:56,,,
b2797386-f297-4341-84fb-0d1cba0c759f,Ab,https://play-lh.googleusercontent.com/a/ACg8ocJnkUxkmZ2JFFUMjc9ir1i7w-Z5F11bjIO6uG1Z0BEiuQ7XxA=mo,app doesn't open frozen,1,0,,2026-04-14 07:35:14,,,
d203802e-dc56-4fce-b3b9-2535cacfff95,Temesgen Zekarias Tsige,https://play-lh.googleusercontent.com/a-/ALV-UjUT_xDuZvdSjPIzxQ3Tt8pE7mkD7DZzr-IKutvPZCnxT_rhi0Q,Good!,5,0,1.1.3,2026-04-12 22:52:44,,,1.1.3
45f62037-57b3-4b1a-9a73-889c9ab0f4f2,Yitayal Worku,https://play-lh.googleusercontent.com/a/ACg8ocKS6ifGhBTFSvcEsRB7cdmite5l3kRfYIdSSPwDXn_J5HqYsA=mo,ever best bank,5,0,1.1.3,2026-04-12 22:22:15,,,1.1.3
de1b198b-1d4a-4b38-9880-7be472f8bb9d,Amensisa Diriba,https://play-lh.googleusercontent.com/a/ACg8ocLCNnEL12kohEEwkOrOms263EbLVPj2hJ79P6Ar9kuy4AwCLg=mo,💪💪💐⚖️⚖️⚖️,5,0,,2026-04-12 10:17:37,,,
61c6b768-e1e7-4470-8381-944906c42143,T D,https://play-lh.googleusercontent.com/a/ACg8ocKqT84MUGSSH1NFeIvHLLK4rlpsZdtNXVScvvMEloH8Kq_HmA=mo,my account was blocked with no reason I don't understand what's going on I contacted with a phone call with the head office why my account is blocked,1,2,1.1.3,2026-04-12 09:03:46,,,1.1.3
6e676ed7-ca05-49d1-b20d-feb663c96a9f,MULUALEM TADESSE,https://play-lh.googleusercontent.com/a-/ALV-UjWJc1xUBtzCp0p6KAU7QWFQ_2EqVhJ6YGWYx-7w6edABLZ-tM4Y,cool,5,0,1.0.9,2026-04-11 07:47:49,,,1.0.9
7b4eb440-cb85-42d6-8cc9-e193f71297b4,Birhan tazaw,https://play-lh.googleusercontent.com/a/ACg8ocJTy-iuvdUqioyABJ15-BVDOyj67MxKeB4lJ0If_P9X_bRH=mo,fast and nice app🥰🥰,5,0,,2026-04-10 15:29:33,,,
ab3fa503-e47e-4226-bcac-ad87892b02ef,Abirham Gzachew,https://play-lh.googleusercontent.com/a/ACg8ocKgqY8yjZByjj-3u-blJ3tIDkyD_k6R8BWlCrPyLUVa1Huaug=mo,wow,5,0,1.1.3,2026-04-10 08:54:19,,,1.1.3
2ec8cab2-9701-460b-a486-1ba5d7e552e0,MICHAEL WUDNEH,https://play-lh.googleusercontent.com/a-/ALV-UjWSXqwlOjRKWoprDLzmfZ7hwl6_97K8O1KqznRgLty6IpVAJvod,ለአጠቃቀም ምቹ እና ቀለል ያለ ነው,4,0,1.1.3,2026-04-10 08:36:10,,,1.1.3
e1e98ba0-54f2-4660-b769-286b6f07c591,Ahmed Abafir,https://play-lh.googleusercontent.com/a-/ALV-UjURn8jbswEINQ9sZ66RYgzqeRV7yEkEyNiRylKZ4MSFvBi4cdA,ok,4,0,1.0.9,2026-04-09 18:18:54,,,1.0.9
44f94904-6ffb-4205-b606-8a0053095e2e,Sami Getachew,https://play-lh.googleusercontent.com/a-/ALV-UjW1QxwdS3-drt3t0WvP9D6e4GPI5Mn32yi301Qcpd6cjCJUXFr6,Why Not Work this App on my Phone,5,0,1.1.3,2026-04-08 20:09:16,,,1.1.3
cd25355e-a420-4836-8cdd-ab2844359f82,Atse Tech,https://play-lh.googleusercontent.com/a-/ALV-UjXttwme41Es-pKlATnRammdnp7NyISxy4H7jTE9tw3Qf1gInZ27,"Dear Awash Bank,I enjoy using your app.Please consider adding a fingerprint login option for better security.Additionally, it would be very helpful to have a feature to transfer money to both""Self""and""Other"" Telebirr accounts.Thank you.",4,7,,2026-04-08 14:07:44,,,
05f7df21-e0ec-4595-828a-f4439cda6e12,bese zewdu,https://play-lh.googleusercontent.com/a/ACg8ocLcMjZXnuckZ263UIMPv1BrJUO_I9kpTpWGdz8IgiZBFDDnOQ=mo,በ online ዘመን ቅርንጫፍ መሄድን ግዴታ ሚያደርግ app ቀሽም ሲስተም ነው,1,0,,2026-04-07 13:13:39,,,
b42e0fb5-2c61-49b6-ad37-1b402f659ec9,Hermela Hailemichael,https://play-lh.googleusercontent.com/a-/ALV-UjWsBfd8DD9thfTgQmhuZ9MH5x1h2MAcEGBcunak1w4jYITtKw,very poor,1,0,1.1.3,2026-04-07 12:56:22,,,1.1.3
ae27c742-4a9b-4125-8c58-77d2095ec695,mintesnot bekele,https://play-lh.googleusercontent.com/a/ACg8ocK9LNa8GRf-AFOvaNTkbiWCdp85VPbxoXmb9sTToQsb1aB8Qg=mo,"I used awash for last 5 years it is simple,fast and easy to use",5,15,1.1.3,2026-04-07 12:52:47,,,1.1.3
2e345de0-abf5-4fda-9634-af22b2276916,Samuel Eliyas,https://play-lh.googleusercontent.com/a-/ALV-UjU-p48nSlep-17xGIE_VaEibFqQgabUhqWnWqNE5uTYkTb0LhU,best app,5,0,1.1.3,2026-04-06 21:41:08,,,1.1.3
a36d67e5-5fab-4418-90f1-d88b8c0d4323,MELKAMU SISAY,https://play-lh.googleusercontent.com/a-/ALV-UjVciz6eMkRqMwV3QTfVHEddd-ZHfqWoNZOEqBzPNE10Zd30zVIC,Best Application,5,0,1.1.3,2026-04-06 17:00:32,,,1.1.3
a940bea7-c740-40c0-a5dd-1dafda054294,Alamirew Haile,https://play-lh.googleusercontent.com/a-/ALV-UjVzaOY1imTSCr8fIGRcxKb1WLEnGCrb5ilnR5NN2cMd9oU3ramW,amazing platform,5,0,1.1.3,2026-04-06 15:01:08,,,1.1.3
b361c55c-98bb-460e-80a6-30d331bebdbf,Bezabih Hatau,https://play-lh.googleusercontent.com/a-/ALV-UjUZ2TIAhlhbt0xCoHcjK__w_6VzedLp-J2FGhsnbphRmsPTi7aI,"Best Bank with excellent service, flexibility and reliability",5,0,1.1.2,2026-04-05 14:11:03,,,1.1.2
1cf6d72e-6a64-46af-9ff6-cc659fccf9ef,Teke Abeni,https://play-lh.googleusercontent.com/a-/ALV-UjUyrCvn3RImLPlBzBo9EUUf3MjWiYNn-5KlPv49d5HiGz9xBXo,good app i liked it most,5,0,1.1.1,2026-04-04 18:46:00,,,1.1.1
68e49666-96fb-4055-a1a2-c82cfde7fec3,Michael B,https://play-lh.googleusercontent.com/a/ACg8ocK5VuDrQ-9rTn09kXd90PC5DT6c_sirjyYtRCqZBxWiJ0AdZg=mo,handy app,4,0,1.1.3,2026-04-04 03:47:55,,,1.1.3
15eb6398-7f5a-49c4-b6be-71eb7c28aa13,Tamrat kebede,https://play-lh.googleusercontent.com/a-/ALV-UjUGQWZxL-zq_sbhMuJk7Nb7HRyTcrCRzm6PWCgSGD5H4Vw-8pk,i like more of,5,0,1.1.3,2026-04-02 21:03:41,,,1.1.3
f4a29498-d6d6-41d7-a370-085266ea47c8,Hailu Beyene,https://play-lh.googleusercontent.com/a-/ALV-UjUd_Dso-wdDQ_SaY8En0VfUYkVG-TQ9kxZaVlAKwCIE0KUTFW3OMg,Proudly and Service 👏👏👏👏👏,5,0,1.1.3,2026-04-02 16:19:18,,,1.1.3
5d7fc912-084a-4c64-a389-38b4b85bd5d4,Abraham Getaneh,https://play-lh.googleusercontent.com/a-/ALV-UjW06M2d3t1OnlODJ49-RlAhMRPPcW6wPnGiEN4Mc-6aR2vl5C5Q,👍,5,0,1.1.3,2026-04-02 09:55:34,,,1.1.3
85acced5-e248-44d9-9bd7-dc70f1952cfb,assefa girma,https://play-lh.googleusercontent.com/a-/ALV-UjXUqQYy0-zTD2zCfbyr79K0S9cf4lvykXVuZcQZrt0HlAZbriE_,whay not,2,0,1.1.3,2026-04-01 01:39:19,,,1.1.3
27522060-e61b-478e-a01a-e7cad79729b6,Dram Husen,https://play-lh.googleusercontent.com/a-/ALV-UjXXzd_72v8gJlu1aSVUbzOc-NR2Ck47BLx7M6D5AE1dKNwC9fM,waw,5,0,,2026-03-31 19:47:57,,,
64b919e5-1bc7-43af-b4b5-a8c4c3d53640,Adugna Negassa,https://play-lh.googleusercontent.com/a/ACg8ocJtELPAYFhTI04tPdBU_EbLUV7ZVdDCYPZt_Cc32U_iwJVFdA=mo,"You’re doing a great job, keep it up!",5,0,,2026-03-31 11:25:55,,,
f9a2c9a9-2fdf-4079-ba99-ff55b6527e5f,Sumeya Abdlfeta,https://play-lh.googleusercontent.com/a/ACg8ocJDGFoSibNYv0-CzAp41UwOEyHedByMmeikDJld2ByIh-FsXQ=mo,ለመክፈት አስቸጋሪነው,1,0,,2026-03-30 16:12:13,,,
463c6a3d-72c1-4023-89d4-381849ba8c35,Zerihun Sebsibe,https://play-lh.googleusercontent.com/a-/ALV-UjWDz2ALQi0AlV1iUM8RnFMnJiu84TLEJW1GuIAlhrw5xQSwPcwU,good,5,0,,2026-03-30 15:38:39,,,
07fcc3cf-2302-4ffc-a355-2dc6df753019,Kassahun Abere Kassahun,https://play-lh.googleusercontent.com/a/ACg8ocJjetTs3HiV-RSyBU73cE-HcylKrKNoAzSJyZNs-hJRoHM8-g=mo,Excellent,1,0,,2026-03-30 02:25:59,,,
7cf71212-82bc-4e3e-9bc2-3d5f2790c08c,amin taaju,https://play-lh.googleusercontent.com/a-/ALV-UjXNip3NI4Gw7ANpoSK6rTF3_eJ-7biAjEL7Hu6s472atBD7ETM,exsalant,4,0,1.1.3,2026-03-29 21:49:58,,,1.1.3
38968c9b-d682-4a79-8ad0-e6ebf8943be8,Ayano Boresa,https://play-lh.googleusercontent.com/a/ACg8ocKDf5aUbKrIJuDMCb_o2dUDAl2ggJOYTt2X9FJI2PrETZQqYuM=mo,"Awash birr pro app is the best app, but when I transfer money from Awash Bank to another bank, the message does not reach the receiver immediately. please upgrade on the next update",1,11,1.1.3,2026-03-28 23:02:55,,,1.1.3
13832d02-27a0-4791-958f-26c09d4d2ec0,Etaferahu Semere,https://play-lh.googleusercontent.com/a/ACg8ocJcMJhiYyw3VxQuI52B8IJiaLxE5P5-qMjoTqdobymDMjdyWw=mo,transfer fee to other bank is very high,1,0,1.1.3,2026-03-28 22:01:59,,,1.1.3
a4804407-b971-4309-a055-b279df6fbb2f,Blen,https://play-lh.googleusercontent.com/a/ACg8ocKYye_HJ1bnsptihqP4AnoZs0vjGgFASMin9aeJIZCYYpmB7g=mo,a very bad bank. I was very disappointed by how they scam people sometimes while trying to transfer it will say error after allowing u to confirm with ur code and after u give up and pay with other methods later on u realize that that money has been deducted although transaction said error and was unsuccessful and no message or any means of notification will be given to you when u do that and you basically lose money. I actually really liked using awash bank untill I faced this scam.,1,22,1.1.3,2026-03-28 10:55:35,,,1.1.3
02ed2bbd-e4ed-477f-8658-f9cb4378439f,Safia Koree,https://play-lh.googleusercontent.com/a/ACg8ocK-j70N6jWPORPMjFbzbBpntJ_6jkU0KH5d6BU1HztG2MRcAQ=mo,I really appreciate all your support and help and good service. Thank you so much,5,1,1.1.3,2026-03-26 00:12:25,,,1.1.3
d0064ef9-a505-4d9b-bbab-b2f159e3d429,Omar Haji Abdi Abdulahi,https://play-lh.googleusercontent.com/a-/ALV-UjVPe_8wyJpjHEF-FDKs9IMISCse2eui45HoC5PNHXhH_4CQHj6q,like it,5,0,1.1.3,2026-03-24 16:58:50,,,1.1.3
4d854146-ebcd-4075-825b-d7ec2126ff53,Tesfamariyam Abi,https://play-lh.googleusercontent.com/a/ACg8ocJP6FP8Bionbv1J6pXVbiaRc-tlG_hF-tXnYWowZYN9WN0hSw=mo,nice,5,0,1.1.3,2026-03-24 12:20:11,,,1.1.3
6d2ea31e-9193-45ef-9b78-95e42e9c0406,Toshiba Asmamaw,https://play-lh.googleusercontent.com/a/ACg8ocJaZWxPoEpBOoFKiSp6wVG3npuaxKc6ElUzdAB3ZJDhAV8xCg=mo,Great app. 👌👌👌,5,0,1.1.3,2026-03-21 07:02:16,,,1.1.3
6abaec13-ade3-48ea-8aab-e2c20b8af4ac,Beka,https://play-lh.googleusercontent.com/a/ACg8ocIA2PEF6eEfueBWiUUTMMMFCTaegexu_XWGHPJrr6a3bQIv4g=mo,cool,5,0,1.1.3,2026-03-20 20:13:40,,,1.1.3
bc197611-a9a1-4b0b-873b-7e6fdaa48388,Milkiyas dagitu Sagi,https://play-lh.googleusercontent.com/a-/ALV-UjU1nwTzTKt96hZZgcbA7lQz2vb1DZ9bGNoH09qQv7_wHvOALBQ,like,5,0,1.1.3,2026-03-18 16:32:15,,,1.1.3
6efb9be1-dc64-44db-a1d0-05ca31eb9225,ayed Mohammed,https://play-lh.googleusercontent.com/a-/ALV-UjW2VNJH9hsTb4Rkjjkj1w6gPDtCxNny7B1p92JNYSY-qRb9YBhO,the best banking every thing is good 👍🏽 I've been a customer for five years and haven't had any problems.,5,0,,2026-03-17 23:30:27,,,
56ae011f-78ab-4f7a-9773-85b362d6e6f5,Efrem B Abebe,https://play-lh.googleusercontent.com/a-/ALV-UjUCBs7LHPZEkf_CZrZ41OPSGTLroweZmfMMR0-oKEEV6iAwtIA,It makes life pretty easier,5,0,1.1.3,2026-03-17 12:11:36,,,1.1.3
0dc00403-f1cf-4b4f-b775-a9976e74ce92,Engdawork,https://play-lh.googleusercontent.com/a-/ALV-UjWEdhtgRVQeKFJP16e_m7klNoF1oqVGIe4lFt-zllfuEjulLfc,ምርጥ,5,0,1.1.3,2026-03-16 23:08:33,,,1.1.3
a6ab955b-cef7-4a9c-bcdd-9fa80ab9ad50,Abdu Oumer,https://play-lh.googleusercontent.com/a-/ALV-UjXg8BxkH82UD9aFIS7WE0tPdrhEr2QUgnljJLKL64wbNs74k5k,good.,5,0,1.1.3,2026-03-16 00:15:24,,,1.1.3
2b7505c9-971a-4048-a0d3-0683b338b2c9,Abdulhadi Awol,https://play-lh.googleusercontent.com/a-/ALV-UjWXS7K2cndLgMfkygJnob79QozDNH4EgwqjlwENzqCpsvQiQRFX,"Awash Birr-Pro is a useful and easy-to-use mobile payment app. However, sometimes the app gets stuck and becomes slow during use. Improving the speed and stability would greatly enhance the experience. Also, it would be helpful if the app could save previously used account numbers and show them as suggestions when typing, similar to Commercial Bank of Ethiopia mobile banking.",3,17,1.1.3,2026-03-15 12:17:44,,,1.1.3
32eeb4ce-44c9-4417-ac96-7a3097a7da48,Melka Dadi,https://play-lh.googleusercontent.com/a/ACg8ocI3hekqf3lfuBnowdbtxmrWZX0yo5NFu-t8gI68V0NMXNyXHg=mo,best app it has all necessary features many people found it,5,0,,2026-03-12 21:05:59,,,
c4a7b32d-9cb9-4319-ad7e-ec26f649a998,Dav Sgb,https://play-lh.googleusercontent.com/a-/ALV-UjW7UEFt7ETyYptV1tW16p-BF5t2UNariARmrdjmwIuqHFOzDoQ,it's good serving organization,4,0,1.1.2,2026-03-10 14:54:53,,,1.1.2
8c723cbb-19c6-4f72-befc-359edb0bbc1c,Muba Habesha,https://play-lh.googleusercontent.com/a/ACg8ocLLFJD4b9cbp3gHyUv6pSatRcImQHmW9FohCSFXpBHSNKjpxg=mo,Wow,5,0,,2026-03-04 01:22:28,,,
f77f8b7b-f75f-466b-a7fd-278d2dbaffc4,Nugusu Sembabe,https://play-lh.googleusercontent.com/a-/ALV-UjXC-SjBQqq4vWuI4zm3ZwMUvgtZxwXu-yY8EDLsFo5ZD0XvDQM,"​""Great app! But the data consumption is too high, and many users face 'network error' bugs despite having data. Please resolve this urgently.""",5,31,1.1.3,2026-03-02 19:13:49,,,1.1.3
0a1a318f-d2a9-42c5-8d86-35b0d80069a5,Gatwech Jok,https://play-lh.googleusercontent.com/a/ACg8ocLGAitcg1NSztGxB-5QdM4w5wID-54teCBjavB1mpIHimW5jw=mo,excellent,5,0,1.1.3,2026-03-02 14:52:52,,,1.1.3
39ee1489-cf64-4d82-a6be-21576b065c77,Belihu Ayele,https://play-lh.googleusercontent.com/a-/ALV-UjVfX_21SPr3fRE_prw8mY1a6k5GBOdy3PThuewP3HiGaPr_gws,good,4,0,,2026-03-01 13:31:23,,,
80e90722-30cc-46cb-a573-fe38985d3ac6,Abdurahman Abas25,https://play-lh.googleusercontent.com/a/ACg8ocLI95mDOoofbyMxwumEZG0wRvQtXHaAs0AgD-9bOzaPel7fU6c=mo,awashBirr,5,0,,2026-02-26 23:08:06,,,
38c0dd37-3ffc-4117-85bd-dec060525e83,Melkamu Birhne,https://play-lh.googleusercontent.com/a/ACg8ocKxK3t3o-s4QHlFBPanK74MqbbFic_-p9BolyxwkM0CK08GlQ=mo,great,4,0,1.1.2,2026-02-25 21:19:48,,,1.1.2
2f237011-7b7d-445f-b93d-e4243c26bec2,Ebenezer Tesfaye,https://play-lh.googleusercontent.com/a/ACg8ocJMI5r-zy6_PlG7zyjNzqs8UPnz4GaqhYOOKLwsMO0pLSzq-Q=mo,This app is very useful and well designed. It runs smoothly without any problems. I especially like the simple layout and fast performance. Highly recommended!,5,12,1.1.3,2026-02-25 11:47:37,,,1.1.3
7e40d52a-7bee-4967-9888-5bdbfba8803f,Mekdes CHalii tinigirtu,https://play-lh.googleusercontent.com/a-/ALV-UjXVPlBjEPqOMOrSMBsNVQXbVo_Q9OWQko9u8MtlLcUf8VE8KQA,good service,5,1,1.1.3,2026-02-19 12:17:48,,,1.1.3
e54265cf-7f3d-4b14-9132-249ec83706a2,Miheret Yohannes,https://play-lh.googleusercontent.com/a-/ALV-UjUuFcacENDvC_zumfaR5R3j6GXetnqGKI9UAY4zoH1wLhi8yy5Y,Good enough,4,0,1.1.3,2026-02-19 10:56:06,,,1.1.3
b5c8ae1a-654c-412e-9a6c-07282cda2234,Tesfaye Kebede Amare,https://play-lh.googleusercontent.com/a-/ALV-UjWL75tEhQtXMCJ8EkUkvctdAo5M2nAQJ6RWZNaBmO3huTNGd4uj,the app is not compatible on my Samsung a16 5g device.,2,6,1.1.0,2026-02-18 14:50:59,,,1.1.0
0a8a2bb7-6026-4edf-8b70-01d6d871a9e9,Paulino Pel Wichar,https://play-lh.googleusercontent.com/a-/ALV-UjW6bPL73_mzUg1pEyOY2Aiox8zJGrlOj7gk-6Of8gI674BK9nDo,It's so extraordinary. It is help a lot in purchasing.,5,17,1.1.3,2026-02-16 16:35:30,,,1.1.3
523c8b12-f574-4f61-8be5-11cdb2522dd8,Tekle Bizani,https://play-lh.googleusercontent.com/a-/ALV-UjUlU4nO2Kp5e2AUh9dGyd5uzPAFzWB94hlA-0hzejsct3qO2UM,I like the app,5,0,1.1.3,2026-02-15 17:32:43,,,1.1.3
274bf427-66e1-451e-97ce-ae998679e6e6,Gemechu Adimasu,https://play-lh.googleusercontent.com/a-/ALV-UjXPEuZolxuzCw-KYu-DRmaoG6WfgGw-bgay3KSM76Xffh8RsJs,Betterthan other Bank!,5,0,,2026-02-11 13:32:49,,,
6bdae13c-acab-4740-ab51-627479e84864,Lata Bedasa,https://play-lh.googleusercontent.com/a-/ALV-UjVnl42GJPZxgkTX2a84EIdGBl5ApIQJXngXVBj5o_sqT9xgwCRb,All are Ok,5,0,1.1.2,2026-02-11 06:36:04,,,1.1.2
437df72a-75f7-43c1-ac31-fc9182dfe123,Hailu Kumsa,https://play-lh.googleusercontent.com/a-/ALV-UjV11gFpRbIIj-7hqVDmElChLZ8h4IRi9_zo4Ei346Bf-lsceBI,"i highly doubt that this app was developed and tested thoroughly i can't even enter my pin, the rest of the numbers after 6 aren't visble, i hope this will be fixed on the next update.",1,83,1.1.3,2026-02-09 23:10:51,,,1.1.3
24451cde-c967-4505-ab4f-7f666c2eb386,Milana Eyob,https://play-lh.googleusercontent.com/a/ACg8ocKmWrdzYnY1odzzlHWKWX-7vSAn_C6wSPnhnOUtn1XfzqsbJQ=mo,Simple and Confirmed App,5,0,1.1.2,2026-02-09 21:41:12,,,1.1.2
20b22229-151c-4255-8c7c-a79fb112c0a1,Sisay Degefa,https://play-lh.googleusercontent.com/a-/ALV-UjWli6gvi1_OhWxfQrPPkiDSJHGcYBmT_LXe1mk4DuIAv8ebo9Ht,"there is problem with ATM withdrawal issue, its very bad",1,3,1.1.2,2026-02-09 16:14:04,,,1.1.2
1cc89f36-ed49-4247-954b-11c051898ba4,Junedi Mohammed Husen,https://play-lh.googleusercontent.com/a-/ALV-UjXisqX54CoACjtNnAfe0oYZ5LbMLipfAUyJzVRi1bVADmPAgNVf,www masha alha application kana itti fayyadamuu qabna baay'ee mijataa dha hojjiif,5,0,1.1.2,2026-02-09 00:30:40,,,1.1.2
c0c0a22f-cb5e-49bb-ab40-b1fd828d3987,biya mohammed,https://play-lh.googleusercontent.com/a-/ALV-UjVGtFYaOgpQmoR3iH2VwuSWvzpk7UUEd14lL4k88H91MlyWvs3q,excellent application,5,0,1.1.2,2026-02-08 18:05:59,,,1.1.2
ad0a7a5c-c486-486d-81e2-de5fba899ed6,tge girma,https://play-lh.googleusercontent.com/a-/ALV-UjXSw7Ss5QZpkVfaAxwmiRzOwnxkmxuVU9fMUZasJ9CV5MBQ1N8,it doesnt work,1,0,1.1.2,2026-02-05 16:45:48,,,1.1.2
574b031a-e9da-467c-8f01-9e9ebda46c0b,Ziyad Akil Ziyada,https://play-lh.googleusercontent.com/a-/ALV-UjXu0Ps2m7lCCGE5I0c3H8OJWBGQ-0M4jwdvneoKSJX8gxttPVQ,Best app,5,0,,2026-02-04 20:46:26,,,
cd87361f-6fb3-4089-b33d-b9278e99d60e,Khalid Ali,https://play-lh.googleusercontent.com/a/ACg8ocI0Nnve3f9-20WghVrAoQZvR_RmClMGwRKSpXTW2Fic2jIVEw=mo,good,5,0,,2026-02-04 09:47:15,,,
54012be2-33c3-4448-9501-bb54c2780aad,Osman boss Boss,https://play-lh.googleusercontent.com/a-/ALV-UjUZsAm7TTZjkkP9AvE3oi08-4lLbNZ4ZFdSYg8teXfhSEQZjzc,best,5,0,1.1.2,2026-02-03 22:35:39,,,1.1.2
d28cf17f-7eca-4e9e-b4ac-7247d5f13e59,leteyesus medhane,https://play-lh.googleusercontent.com/a-/ALV-UjXHmd3Oc7heQc3CfhgPBKF7N2icR5XUSLNaL0F-o1MsDO5mQZo1,i am well satisfied with Awash. Thank you.,5,0,1.1.2,2026-02-03 20:57:11,,,1.1.2
0159a9ab-ecdd-455f-b465-54956974c0f3,Prolific ዋንዛ,https://play-lh.googleusercontent.com/a/ACg8ocJ3xJ3rR9iRz09wfslCzhY-J6ciylB-DN8eVHZ40Ec4mX8C7w=mo,good but when it accidentally logged in the password will block this is because of automatic login to reduce the risk can you put confirm button or ok button after typing logging password rather than automatically logging in the reason is after you make transactions u forget to close the app and accidently in poker or on hand the login profile appear then it will attempt and block,3,8,1.1.2,2026-02-03 05:41:04,,,1.1.2
ce86e649-8cfb-4da1-bb01-34ce206db32e,Gech Tube,https://play-lh.googleusercontent.com/a/ACg8ocJ1AK-cCzCpX4o4BbjGjperSzK1Ag642OBXa_n-nHF643L9jCY=mo,The App Is Best,5,0,1.1.2,2026-02-02 18:11:26,,,1.1.2
a62a6917-0b2f-42c0-b2c6-b335012e2171,GIRMA BERHANU,https://play-lh.googleusercontent.com/a-/ALV-UjWgx1oAZwa-YCFzmPnsKMLctefI-Ij58lakIy4s6BM9-uZatlwV,awash is the best bank in the country and awash BIRR Pro? i love it,4,0,1.1.2,2026-02-02 10:13:32,,,1.1.2
b0d70c8f-8a92-4153-83c7-04310c6c4df3,Yene Kecho,https://play-lh.googleusercontent.com/a-/ALV-UjVYftWHv-ZqiC0VAR9wklG1BzAPd8gJtyW50dpMXgcdyov56zct,so good,5,0,1.1.2,2026-02-01 19:51:35,,,1.1.2
6c515461-c3d2-423b-bb2c-395e676e66b6,Kelbesa Gonfa,https://play-lh.googleusercontent.com/a-/ALV-UjXXdpCMNG4nV-PsTcE6CNGfG6avfZLjn0Y2EO4lxo683BUulTA,better,5,0,1.1.2,2026-02-01 10:03:31,,,1.1.2
0d4ff676-07cc-4e66-8b52-2b070458c5b2,Hayimanot Wale,https://play-lh.googleusercontent.com/a-/ALV-UjUh2kYrhnH3Te1utdoz8i3LLOQhfEkBWcEyvZX9viyKWwUmOFo,ወደር የሌለው አፕ,5,0,,2026-01-31 14:39:50,,,
1bfea71a-5283-47d3-b937-4c2fb578f95a,Samrawit Ali,https://play-lh.googleusercontent.com/a-/ALV-UjVAchgM4y6tl5S_ql3lrtq5zEeBoE6QbAjIxIh9zXV697dhF4zM,not usinfull,5,0,1.1.2,2026-01-30 15:09:43,,,1.1.2
a7e7bd7c-11d3-422a-8579-d295bea7ad8e,Amanuel Get,https://play-lh.googleusercontent.com/a/ACg8ocJy4cfsUG3_0eXiRfAtIRR_OJlU6u-822hqnC5p9GghVX6I6g=mo,best of best,5,0,1.1.2,2026-01-30 14:55:25,,,1.1.2
2a5b1cba-a827-4739-a6c2-16e677260ce0,Roba Boru,https://play-lh.googleusercontent.com/a-/ALV-UjVPznXHw1pNqXlaUhaH6CJ1wiGml5ClQs4FplFKVOUss3hhERkIAg,best apps,5,0,,2026-01-29 22:48:04,,,
db541c33-1cf3-42c3-88a0-91dd00bc09c3,gete Gedefo,https://play-lh.googleusercontent.com/a/ACg8ocJYFyiUyeRgp8GDNXF4LgtYlByhB90rukg7l9BF4nAyK2fxmQ=mo,exellent,5,0,1.1.2,2026-01-29 08:50:32,,,1.1.2
59eaaf0b-bac0-4023-831e-c2bf1aaaa76a,Leulseged Amare,https://play-lh.googleusercontent.com/a/ACg8ocJTUYa3w6hn-PVQQi73ebvvObze5G8ySSRtJeriXc82fzvjGQ=mo,86.1M Total Customer,3,0,1.1.2,2026-01-28 10:27:17,,,1.1.2
c0c4d867-0892-41f6-9f72-42eb6d9a5906,Fuad Abas,https://play-lh.googleusercontent.com/a/ACg8ocIdAJecTA9VkBhCMuAUrx8bWXAMbjnUGtJq6APC__UiBXjB0Q=mo,good,5,1,1.1.2,2026-01-26 21:29:41,,,1.1.2
484dee1f-4c96-4281-9298-5adcc8dea34d,Biniam Shanko,https://play-lh.googleusercontent.com/a/ACg8ocK6kdMTbdeIe9bTMpapn4zHaEy4J7OHDMukYS3YNCwGKZPZ7g=mo,wonderful mobile banking app I ever used,5,1,1.1.2,2026-01-26 18:19:54,,,1.1.2
fe2a3732-e4c7-40ba-9be9-09b09f6ef351,Enjaz Company,https://play-lh.googleusercontent.com/a/ACg8ocLNlkMHeqW8H_c5XXsvPDiofhsHw0-uOpayRsZwCqoQ4mFBSA=mo,nice,5,0,,2026-01-24 04:43:55,,,
ef20c7b3-803d-46ee-ba41-a1323cdd67ac,Tamiru Deressa,https://play-lh.googleusercontent.com/a-/ALV-UjXK-oWOPfgBiEvz-j7tWQX6NB33j9HbFqd4tPc_JwLRz_Azhwc,content like deshen,4,0,1.1.2,2026-01-23 19:57:12,,,1.1.2
b265a732-4799-422b-8dee-972a8133b67e,Akiyad Jeylan,https://play-lh.googleusercontent.com/a/ACg8ocI8X9MVOSvRMj5vr2-zP-Dw4nm0D2TXo2J1SnI7bEEMFYKuoA=mo,very simple app and very short cut,5,2,1.1.2,2026-01-21 22:44:20,,,1.1.2
bde18e20-d647-4e9a-8d69-a5a382356eac,Feisal Vet,https://play-lh.googleusercontent.com/a-/ALV-UjUMDwTCursaV3VC_zKeXbcTpZl7i3HUmS97ckiBr1tccay9XJnw,fast and best app to use easy,5,0,,2026-01-21 16:29:45,,,
a2268b7c-9aac-4cfe-89ab-d5b6c6760b15,Tariku Tunsisa,https://play-lh.googleusercontent.com/a-/ALV-UjWSrr0qjNnx8kIaG8h10jrMcF7O3WoFPCepd_fTZB3R-0E6EOJH,good,5,0,1.1.2,2026-01-19 17:23:27,,,1.1.2
6fecb8c5-0e85-4839-b57e-8b491ea2df5d,FAHMI SHEMSEDIN,https://play-lh.googleusercontent.com/a/ACg8ocJ60OCxQlDFcWuMKKmGtCXbyselIxZKZejUYFUx1schC1DdQA=mo,boring app for IFB users 👎👎👎,1,2,1.1.2,2026-01-17 23:30:10,,,1.1.2
04a60dc9-7e24-4ac5-8212-0ae20aa10351,Misho Yeinatua,https://play-lh.googleusercontent.com/a/ACg8ocIRnOatFA9ZIikyUYxKw6iQ8Ee_qU4oVVU04R6-6Jj7PcU9Vg=mo,very good,5,0,1.1.2,2026-01-17 21:44:43,,,1.1.2
dbcbd0c5-9712-4ebc-8c7a-f75d185c10e6,Abel Kassaye,https://play-lh.googleusercontent.com/a-/ALV-UjXI2PGV7nsUPvWyN9qvu9Ejayfbu-UI58VFviXePKvowWymHEcO,Excellent,5,0,,2026-01-17 13:50:10,,,
b8e8f463-8344-4c29-9dd3-0f91e7b3ce73,Mengistu Deribe,https://play-lh.googleusercontent.com/a/ACg8ocIZ_BeThcsJwObfmvYvsWtYh66RFyKyTP0dP2diSUlM6KwLiQ=mo,"Very easy, clear, fast, and includes everything I want. I am very happy with your services. Keep it up!!",5,35,1.1.2,2026-01-17 09:36:05,,,1.1.2
b17a8d29-d80e-402e-911d-4025c1bc9bb5,ABDU Ali,https://play-lh.googleusercontent.com/a/ACg8ocKVCsewcfOsX7vCJc9wr6h1cYf1SgeUHdp-xFQ5PRYHKQ36WA=mo,best,5,0,1.1.2,2026-01-15 11:47:42,,,1.1.2
fc859529-62ad-499b-9d53-1ca5707d1b06,Ayub mhd Ayub mhd,https://play-lh.googleusercontent.com/a/ACg8ocLpPw0-mnWEOzTWYrqF_2yevAr3bYsqSxlkdXnI4L6fRQ2_gw=mo,its wonder app,5,0,1.1.2,2026-01-15 11:38:23,,,1.1.2
407a754c-7932-46ce-aba0-bd69469ea92f,Yohanis Bijiga,https://play-lh.googleusercontent.com/a/ACg8ocJxXbi-_BzewAX4AhJTdHh30kNbIABUjx-z9d3S6L8Mj_ki=mo,Dhuguma Awash Kun!!,5,0,,2026-01-14 18:02:33,,,
74690653-ee06-4851-89bb-fdca32cc9d85,AbuJuhar Seid,https://play-lh.googleusercontent.com/a/ACg8ocJWO2EhC4fijalxnMv54raq8lNYgxW6Izuy69ZhEPPuyBHCfg=mo,በጣም ጥሩና ፈጣን መተግበሪያ ነው,5,0,1.1.2,2026-01-14 15:54:55,,,1.1.2
cf2372dd-a41f-41eb-9b62-001fb1c7ff20,solomon tesfaye kifle,https://play-lh.googleusercontent.com/a-/ALV-UjVcM2HFG5T3HwziIm1f5cdfVWEuEpgL15jQLMboZnMkICvfP8FwCw,Awash bank digital service is the best and much secure than any other competing service center.,5,2,1.1.2,2026-01-14 15:38:12,,,1.1.2
fc39fd8f-e12d-4145-87f2-31af82806d7d,Hagos Tadele,https://play-lh.googleusercontent.com/a/ACg8ocIqN0exqrq5D-r7L0XwZ-nftum-LcRaMJsKYjKNugi_zp05xw=mo,best mobile bank,5,0,1.1.2,2026-01-12 18:06:18,,,1.1.2
820d6621-ce5a-49da-a6a4-fd909607ba43,Husen Abidu,https://play-lh.googleusercontent.com/a-/ALV-UjUdgD9Pg3mj0RuDeqyjCS7VGmb-lAAHp4MNL0BCBstiJyRmsyk,OK,5,0,1.1.2,2026-01-12 15:27:59,,,1.1.2
fd9f44f7-495d-4175-b78d-2d2fac2f64ad,Daud Garad,https://play-lh.googleusercontent.com/a/ACg8ocJGq7hpePduJrFS_YMwJd3pqp-H_VZ5TYkBIz32JTlr0ncBAQ=mo,I appreciate using the awashbirr,5,0,1.0.7,2026-01-11 21:27:05,,,1.0.7
9199206e-60b1-4796-8680-d48911a1eb83,Abebe Regasa,https://play-lh.googleusercontent.com/a/ACg8ocJRzP_XEq4ZW5uG4tfaWdIjA6H0hJg3OUUPC9VBnhVwaNw9=mo,good application non comparable,5,0,1.1.2,2026-01-09 15:41:20,,,1.1.2
e5ccf911-4639-4a25-a751-d09d3850f1d3,[ልዑልሰገድ አማረ],https://play-lh.googleusercontent.com/a/ACg8ocI18FomWCEB9OYU9UUhHHT-mCAqOJpbWfDGLiJ_4GNRwB8pyw=mo,"[Jan 06, 2026]: EXCHANGE Rate",5,0,1.1.2,2026-01-06 16:19:27,,,1.1.2
6a8971f7-d81d-4a01-acd3-63f130ac5945,Abdisaa Mieso,https://play-lh.googleusercontent.com/a/ACg8ocLmUIZXknhxuo8DBzmOZaLmN0E1EQB4mjl_FE-20VcUKTazUw=mo,wow,5,1,1.1.2,2026-01-05 15:13:44,,,1.1.2
d85adb0d-a2a3-4147-8f15-f93367a30804,Abdi Jemal,https://play-lh.googleusercontent.com/a/ACg8ocL0r-kb2VccPk9l-sVRq3fDZMcTcrZoSNrpUU0yK4p1Qvdxm_o=mo,Exelent,5,0,1.1.2,2026-01-05 03:26:00,,,1.1.2
b06a7074-dfc7-4b8f-a22b-18fd90566b61,Tizazu Samardame,https://play-lh.googleusercontent.com/a/ACg8ocLHRbYyXM3eTRnVMl-duQNxR57QSoukXkvL6fm5G3uH8um85g=mo,"Awash bank is one of the best bank from 🇪🇹 financial institutions ,but this app is too late in all aspects with the respect of others !!! Please up grade it !!!!",2,21,1.1.2,2025-12-29 15:17:43,,,1.1.2
b6affeba-4cc3-438b-86b5-6d39637e94a6,Ayan mohamed,https://play-lh.googleusercontent.com/a-/ALV-UjUW5N4IOEu3WP8SQjSZQNBt0zMrMxOqwzzLfgieaRD-PPAf1-8,unsecure bank. I loss many without my request cheater bank,1,3,1.1.2,2025-12-28 23:01:17,,,1.1.2
c8bafcec-6e96-403f-82d3-d19ed6faae82,Mifta Kalil,https://play-lh.googleusercontent.com/a-/ALV-UjVSoGxL2M9eaZ60tKIzo1rxU38DXmTFaTHiwacB5O7B1e4ZYX8,Thank You🙏❤️🙏,5,0,,2025-12-27 20:44:47,,,
1ad0e268-e275-4388-aa66-066cf6a3e263,Kertina Fashion,https://play-lh.googleusercontent.com/a/ACg8ocI1BKFrfmyyVHGKFv0CVvd5GWH8j35j-XONCLe_7AkxaTu3mg=mo,Why my phone is not working this app?,1,0,1.1.1,2025-12-26 10:36:32,,,1.1.1
ebcbfb28-e3c7-412e-acf7-afe4517cae6d,Shewayref Negash,https://play-lh.googleusercontent.com/a-/ALV-UjXnHK4S2dE23FdfcLYyvBHGblf9MpDnzfLqw6oMKqk3dnEw4JY,good,5,0,1.1.2,2025-12-26 00:48:21,,,1.1.2
2ec2d6a9-44f9-40cc-9539-0a1a2bb8f644,Endashaw Girma,https://play-lh.googleusercontent.com/a/ACg8ocJtUu2edNRLsTpOPVhkbRRXAdOH-dwFPe2MaB86gU8fvXSFPQ=mo,useful 👍,5,0,,2025-12-25 16:24:34,,,
f7d511c4-10e1-4441-b30a-f49d714c857d,Aboneh Gobu,https://play-lh.googleusercontent.com/a-/ALV-UjUZuBJNJTVJ075STd-AKm5I29vPTemwimHHLjSphjzO8D3lDUzU,"I found the AwashBirr Pro app to be user-friendly and easy to use. It is fast and provides a high level of security when performing transactions. I particularly appreciate how easily it allows me to manage and view my account statements, even for periods longer than one year. The security features are excellent—if there is a failed login attempt, I receive an alert message almost immediately, which gives me strong confidence in the app’s protection mechanisms.",5,211,1.1.2,2025-12-25 16:16:18,,,1.1.2
622a77cd-5095-4395-b489-21769ef37718,fiker mata,https://play-lh.googleusercontent.com/a/ACg8ocLfKR2OGV0fZBV-EpFZvclwv5xa3O_mDs4mU4lu-SuaJc5YcW4=mo,thank u,5,0,1.1.2,2025-12-25 09:40:46,,,1.1.2
0bd06d95-dd67-4257-89fd-543b2e957f23,Samuel Bekele,https://play-lh.googleusercontent.com/a-/ALV-UjUN5YuytfvgiMPOMMMyvC9AozpIWvJUYy2dh9x1HEBWqaOYxFPM,Other bank transfer to Abyssinia bank is not working it says invalid account,3,5,1.1.2,2025-12-25 08:18:14,,,1.1.2
11761edf-1c1b-434f-b253-dfd4961384c1,Rhamto0505 Kemal,https://play-lh.googleusercontent.com/a-/ALV-UjWk-YDLYlDyXUSCluKXX5CDBqfPY7crq7rH3C4fc-gCpIoMNTyM,አዋሽ ምረጥ ባንክ,4,0,1.1.2,2025-12-24 15:56:49,,,1.1.2
f79006d7-14bc-477c-a818-7376856fabae,Girma Mekonnen,https://play-lh.googleusercontent.com/a/ACg8ocLf2kxF0-PCdFIs1NOVbBKSwd6_igH-nH80xuiKlAMXtuY6GA=mo,the simplicity and its transfer to any bank perfection is extra ordinary !!!.,5,21,1.1.2,2025-12-22 20:26:46,,,1.1.2
e08c2c0d-efd6-4b6c-b676-f24c35c64ecc,Fuaad Jaafer bilaal,https://play-lh.googleusercontent.com/a-/ALV-UjWP4Yg9L2eWGJ9Tvbi-jMDT2yVy8DshsJUpNXMDDu62-kNmbJo,very good,5,1,,2025-12-22 16:35:46,,,
2fec85f2-fdd1-42e2-9f91-70d2e1ccc51b,Yazachew Wogi,https://play-lh.googleusercontent.com/a/ACg8ocI4Q3OsGKMeEo4WN4Dr0WhNmBzLSflUIgzv1BIhPZCgZ1wFLQ=mo,it's easy and convenient app,5,0,,2025-12-20 20:49:31,,,
f60af9ec-2a25-49e7-a028-fa0ba47ba68e,M2 yus,https://play-lh.googleusercontent.com/a-/ALV-UjVvgcM-qsRBh6it8W3ur0oTWHt7oUq6EECCapD4xYVnNtFGxMg,👌👌👌,5,0,1.1.2,2025-12-18 05:53:54,,,1.1.2
c1973a17-91ea-4f60-9462-381007c66bb1,Mullah Nesha,https://play-lh.googleusercontent.com/a/ACg8ocL0L8UswSSLWOqXcwiE61jPjX2dsY9Hj6sOcZtfdlExfBAWiQ=mo,fast one and the branch service is crazy good,5,3,1.1.2,2025-12-15 17:07:17,,,1.1.2
2051370f-8cfa-444c-a6ca-c68ff74926b0,Esubalew Degf,https://play-lh.googleusercontent.com/a-/ALV-UjWib6cpoSpOyZE56Ws10HQ5IkBC9OiaOa7whPguFADP7rdEKdwL,ok,5,0,1.1.1,2025-12-12 19:41:40,,,1.1.1
44aa147e-b384-4e1c-8f33-fbaf9c8c2a5e,Kasie Mosye,https://play-lh.googleusercontent.com/a/ACg8ocJag6HrcK6nNe4Ve7aD9Asf6dKWPzpy3Ooe2lTIZc_N-AWZ0ao=mo,Best app ever,5,0,1.1.2,2025-12-11 22:19:10,,,1.1.2
95ae6ee7-f91d-4cff-b438-ad451258a6e9,Yirga Kefyalew,https://play-lh.googleusercontent.com/a-/ALV-UjV1DI1kkl58yXtHHgm8vpCkWX0Qpox3Wjq03cJUcS8p0HDPNWOw,good apps,1,0,1.1.1,2025-12-11 17:42:21,,,1.1.1
c21335e5-b020-43f2-b77f-99d99c9966d5,Eskinder Alemu,https://play-lh.googleusercontent.com/a/ACg8ocL_YoYH0VOjeaK5DC8u48APzP0f9MCSVzIf3ZVgT-6n7-TTkA=mo,good experience,5,0,1.1.0,2025-12-11 06:40:26,,,1.1.0
935e0da1-483a-4386-9d50-89e7858ec0a1,Getachew Daboch,https://play-lh.googleusercontent.com/a/ACg8ocItAIObe19tW7U7mYN5SXMjgybvioUzjJNfaMt00SwQSVXF-A=mo,ok,5,0,,2025-12-10 16:39:28,,,
e7890686-22cd-4d0d-96c6-a6e3392b28a6,Solomon Megersa,https://play-lh.googleusercontent.com/a/ACg8ocLx4rvvlxSdHDTPvtntRMj4XY2YHL740YuPh7WlVxHRYSaIkA=mo,good application,4,0,,2025-12-08 17:32:02,,,
afd47a22-871e-4ef3-b48e-61272a1d7001,Dessalegne Achenef,https://play-lh.googleusercontent.com/a-/ALV-UjVF9Ld9daKPWAwlNm4rogvpZXw9rdhfTIRw9RG4-S9niSMUrwIJqg,"Device compatability issues. it says "" recent reviews shows this app may not work properly in this device""",1,49,1.1.2,2025-12-06 22:20:48,,,1.1.2
c551d731-d690-4890-b124-e85a01bd5b99,kenna tadesse,https://play-lh.googleusercontent.com/a/ACg8ocJVEOkJeWbUu0Nsf-sHuUPbJDcmMpSGcLCCGAmjWmRZc77oZw=mo,"Awash pro app is the best online payment app i everseen, its user friendly, best graphics. The updates app is more interesting. Guys I wanna to edit my rate from Dec 1/2025 because some bugs are occurred in the app , my earlier two transactions from awashto other bank has been not transferred to requested account but deducted from my balance please developer fix this issues high security for our money. This issue reduce the trust of customer from the bank.",1,1,1.1.2,2025-12-03 19:48:46,,,1.1.2
a1692f04-cc0d-4577-9544-d9b8fb0683ce,Abdiwaliali Musse,https://play-lh.googleusercontent.com/a-/ALV-UjWmFximdFiI8PYzgZdOJag5gsdAVw8wMd0XVoOHunwkj61Uw6zp,best app so far,5,0,1.1.2,2025-12-02 14:39:27,,,1.1.2
8fd6f90c-ecf6-45a2-8873-320095300c28,Ab Huby,https://play-lh.googleusercontent.com/a-/ALV-UjXIpMz2aZERLyTCTib1gyf_deOLyNAULshw2spA_dHdVBM9tig,nice app,5,0,1.0.9,2025-12-01 23:33:28,,,1.0.9
3073cbac-0135-44a9-a21e-ad11935de515,Gadisa Shasho Ayana,https://play-lh.googleusercontent.com/a-/ALV-UjUZG6-yjFxq9vQG653nCjbIDxMS9VJ21nJs84UdUfGP6ADnv-Hs,Dorgomaa hin qabu♥️,5,0,1.1.2,2025-12-01 17:17:49,,,1.1.2
bde60e8b-0b05-4c88-9f60-c14c18fa57b9,Zed Cherinet,https://play-lh.googleusercontent.com/a/ACg8ocKv-Cz9YxAAvPX_APie9o5s4uJJkftgthIdULs_UcVFxLLEeQ=mo,no one from all ethiopian bank keep it up nice,5,0,,2025-11-28 16:59:30,,,
fae55af8-1c5a-41f5-b6e8-55652afbf303,dechasa leta,https://play-lh.googleusercontent.com/a/ACg8ocIndX3QcT4WxhBmtzyayM94faQOqMsVPM1XfVNQGvYefsPYh7E=mo,thenk you ✍️🙏,5,0,1.1.2,2025-11-26 15:21:28,,,1.1.2
e35ece9f-a9fb-4510-a9e3-8b8487a99d12,Mulubirhan Yikunom,https://play-lh.googleusercontent.com/a-/ALV-UjUeUfaxANP-tqLslvmIz9qwKoApgWrclwlBtSIZfheDONIyV0lY,i hope to be good app,5,0,,2025-11-24 12:13:05,,,
fb9ed669-ea1d-4eb5-a336-634ccc59e265,Mifta Raya,https://play-lh.googleusercontent.com/a-/ALV-UjXcdAbJmeIy1QOmT-9Y274MSoNMoCc_ChYfzR-Mq5o7KvFhrFs,amazing 😍😍,5,0,1.1.2,2025-11-23 19:17:07,,,1.1.2
32a892d3-4579-4e5b-b76b-0aeb7253ec42,Abdi Sabit,https://play-lh.googleusercontent.com/a/ACg8ocK1B9Zqih0XkRQ9yGYJx3kNjVVRkpMMzG1onlYDR01zYKmBZg=mo,excellent👍👍👍👍👍,5,0,,2025-11-21 22:10:42,,,
f94eb5b4-938d-4589-98cf-3d876cc520cd,Dinsefa Kedr,https://play-lh.googleusercontent.com/a/ACg8ocL0xRw2SUR2TeG7g1KeSFwdCLhev0aQv1jmwJiwNrKkyAxO7A=mo,fast,5,0,1.1.1,2025-11-18 23:12:44,,,1.1.1
f5533578-b836-4061-ac57-e7d7db4e69f6,Nasir Hussen,https://play-lh.googleusercontent.com/a/ACg8ocK-tAFesJUUvBpLjkaweqfIBdGUFG6tlT3-wbzIs5u6w9UFGw=mo,really good application,5,0,1.0.4,2025-11-18 16:54:40,,,1.0.4
64626a61-2c68-4750-a257-40c11cc220d8,Hailemariam Gutema,https://play-lh.googleusercontent.com/a/ACg8ocKyXRFo7BbOb2gn0OtKNP_W1hGtN4PqG8z11_qZ-S8sX_f8pg=mo,በጥሩ አቀባበላችሁ እረካለሁ።,4,1,1.1.2,2025-11-17 23:33:35,,,1.1.2
aa085308-d28c-4be3-b999-2ec457baaded,Visionary,https://play-lh.googleusercontent.com/a-/ALV-UjV_HRZ57k9UWJkka_qFeS5boUQ6z7EsU8WBn-GhQVswoCmw_dg,💪,5,0,1.1.2,2025-11-16 19:08:13,,,1.1.2
34b23447-cd73-47b3-a08f-4332a1edb2af,Mesfin Efa,https://play-lh.googleusercontent.com/a-/ALV-UjVEk5BAf9HDL22vAPNs1OQeYFVqOa_s0-MRgI5-Qo1YT8p7Auc,simple and fast,4,0,,2025-11-16 14:10:20,,,
46081860-d68b-48fd-8ae9-68029aecff20,mesfin bogale,https://play-lh.googleusercontent.com/a-/ALV-UjWPxw-qoicg7QyOWE_Eade9k_LirpoU_1QUnzmjr7L1_9F0-Bg,It is a good platform,5,0,1.1.2,2025-11-15 17:12:54,,,1.1.2
1b9f1bf8-0201-4237-ac3d-6d082d205fdd,Birhane Argawi,https://play-lh.googleusercontent.com/a/ACg8ocKydYRVmnqaz8b1N5tzsi_cvfHIe5NyqMDu5mHupUJNS6zU0w=mo,very good,3,1,1.1.2,2025-11-14 07:09:01,,,1.1.2
43dc1b3b-ca59-41c6-b56e-b4f9cc5838c5,Boki Girma (Mekonnen),https://play-lh.googleusercontent.com/a-/ALV-UjVsO4eVgmH-ufRqCETupAWuXJQFbOnNRk6q-2lgFZ5D8lPsz1UFtg,your service is good,5,0,1.1.2,2025-11-13 17:45:20,,,1.1.2
07f2d460-f442-4ae6-9b15-593464095236,Alemayehu Balcha,https://play-lh.googleusercontent.com/a-/ALV-UjXk29M-b7tJs1hzwKVeuFBff4QSe9I7YeoTjVM9P5PJFu9RyIna,thanks for your pro app,5,2,1.1.2,2025-11-12 08:17:09,,,1.1.2
dbae6c00-6065-42a7-a235-e32b69ebf26d,Eyob Aragaw,https://play-lh.googleusercontent.com/a-/ALV-UjUWMucWJljKP0TWmlskjUwpMvFrxut8i5anUDiH7xrwXqi9KPo,why doesn't work on xiaomi device?,1,1,1.1.1,2025-11-11 06:00:26,,,1.1.1
d8114728-1916-4c24-98fa-569494116364,Biya,https://play-lh.googleusercontent.com/a/ACg8ocImzztJj3FLR8pUiRPhelNwAeG2G926plF8fGXmqBXA5NnRWQ=mo,you are good apple,4,0,,2025-11-10 22:51:41,,,
83512ccb-8e2d-442a-81c2-ebb55bc503cc,Mikiyas Solomon,https://play-lh.googleusercontent.com/a/ACg8ocKshVGoIVFlXEQvyLH38jN50CGJtLlLo0eBAwjn7KFCObhZGg=mo,the best bank and best app 👌,5,0,1.1.2,2025-11-09 18:24:43,,,1.1.2
9679b11e-6bf4-4fcb-afc2-095c608e8d5a,Nebil Mahamed,https://play-lh.googleusercontent.com/a-/ALV-UjXffZ8mJdyGCePyjs_3jB-XfOTqK59hLVqf8U4z8ZoikPGvffxi,nice,3,1,1.1.2,2025-11-09 17:43:25,,,1.1.2
724959e7-ba21-4031-8460-c11cef17a642,Solomon Tadesse,https://play-lh.googleusercontent.com/a-/ALV-UjVcbNOfFQamiFwqQ1Nl4vpUCF9aDU1sZB0YgOZw0Eb926eOn26d,Good &the best one,5,0,1.1.2,2025-11-08 18:01:00,,,1.1.2
e0117b64-5f13-41cb-aa4c-ef2c1451d5b2,Amir Imam,https://play-lh.googleusercontent.com/a-/ALV-UjX8Xs1b60FUcLKYMtk5ABMkDJsbeGcL1MzmxP0yNBoGPeiKsyJw,This application is very important to all of worldwide who are using Awash Bank! Awash Bank is the best bank in The Ethiopia NURTURING LIKE THE RIVER🏞,5,6,1.1.2,2025-11-07 19:41:10,,,1.1.2
220282ad-2399-4a98-b62b-58bbafa56b95,rob md,https://play-lh.googleusercontent.com/a/ACg8ocJj6URmuJ9rf8leHw_fARqq2T3rbIf-EmlWRbpZ0oV1BsPrlJk=mo,i frequently get crash report on my galaxy A53 5G phone... so please make an update to solve this problem!!!,1,10,1.1.2,2025-11-07 01:23:38,,,1.1.2
f8f74f87-ed0f-43dd-b9ca-55009707844c,Negewo Abiti,https://play-lh.googleusercontent.com/a-/ALV-UjUIPzxzDaddQMg6OSB_5NDt0O25vZ5l_kVVGpnr-KQbeBKvlfo,this App Are as of me Smart And very Comfort,5,2,1.1.2,2025-11-06 21:55:31,,,1.1.2
36a13cb8-e0b5-4c0f-8da0-dc5a1b98f76f,Sifan Seifu,https://play-lh.googleusercontent.com/a-/ALV-UjViiUfcXpzISPR30hf_Fkj6qTDGHH8NZqCHwcXUMQQlVTyG9uI,no response from the customer support.,2,2,1.1.2,2025-11-05 15:45:25,,,1.1.2
42b225d1-5fdb-4e4a-b3cc-74e8053bb311,Henok Emiru,https://play-lh.googleusercontent.com/a/ACg8ocJ_nnRRyBuqc9V9KjJNEmhPSU1Kk2to111A5yah4HC90rK7Yw=mo,wow,5,0,,2025-11-04 10:00:20,,,
00538636-530c-4fef-805a-62a1c9b617b9,shegaw alagaw,https://play-lh.googleusercontent.com/a-/ALV-UjX8LD9G_IGptCUrgu9OqmcT-3A9BRmOsKl0hZMy5_i8Nlr16myl,best,5,0,1.1.1,2025-11-03 20:40:50,,,1.1.1
e7c0ba85-6104-46bb-85e4-2701f063f2c3,Workaferahu Kidane,https://play-lh.googleusercontent.com/a/ACg8ocLX3E1hhPhQWmm8WBcC61wlB4yr6mApITiLTiJ36mi3Aov8-HE=mo,excellent,5,0,1.1.2,2025-11-01 12:57:07,,,1.1.2
60641938-2c06-482b-ac6b-4830ef6f8ca5,tesfamichael hailu,https://play-lh.googleusercontent.com/a-/ALV-UjVtvEPrON01y_bed-10VyMjcr0DOaqyqRb7OgkMaqIG3XcONM2s,best of best,5,0,1.1.2,2025-10-29 07:53:34,,,1.1.2
d6603de3-36e5-4ea2-86fd-a757363890db,Siyaana Tube,https://play-lh.googleusercontent.com/a-/ALV-UjV7i3dZMFHhrvQ5g5W1NkNp2P-NpgzYvAW3ECDOmpSyQdWnTGm0,say that,5,0,1.1.2,2025-10-28 17:46:14,,,1.1.2
c0356fc3-7187-49d2-8f3c-81834616d4a8,Mohammed Seid (Mila),https://play-lh.googleusercontent.com/a-/ALV-UjU925QXbTZAupAxHJh00Ki8HaxppS3PMei6bItKl9whwtFFqng,wow,5,0,,2025-10-28 07:42:01,,,
2cf5f999-2340-4208-8d85-a524e0f9b1ca,muktar abadema,https://play-lh.googleusercontent.com/a-/ALV-UjWU2JO1Gb2JR5sPQeN6V00cHA1GN_nPLlhsTP4Gdunxt_DeHu8,very good app,5,0,1.1.2,2025-10-25 16:56:51,,,1.1.2
5929452c-17b2-4e2c-96dc-027e9d8d6c75,Thomas Getaneh,https://play-lh.googleusercontent.com/a-/ALV-UjWukQQFWviJUji2UplT0rRaL2vzQMyvCmQXO037xBVPUP6wDz4,"please please updated with the UI 8 interface, it is so not responding as fast as it has to be. please do something🙏🙏🙏",5,147,1.1.2,2025-10-25 16:17:57,,,1.1.2
cd81cb5f-fa24-4663-8332-3a82b49a36d5,Abebe Hirko,https://play-lh.googleusercontent.com/a-/ALV-UjVtX-A-lGBAZ7hquJIubwXizWJWJpCQl8O92TUQTcblQe2OlRKc,very good,5,0,1.1.1,2025-10-23 09:31:53,,,1.1.1
ae1017ea-1247-4544-ab96-9921fa7c9251,Tamiru Bitew,https://play-lh.googleusercontent.com/a-/ALV-UjUOG2xEXk1-ZewOqfxKTk8Jf4rhGJx21f52KP4GKvR82UZCwNU,excellent,5,0,1.1.1,2025-10-22 12:07:47,,,1.1.1
0eedaa20-55be-41bf-aa6d-76963b335ae5,mestawot tsegaye,https://play-lh.googleusercontent.com/a-/ALV-UjWXu8tewrtFChIvQFjlsauxq9UjcEgV2keMs5j_Kq9V6pQo5eo4,good always better way,5,1,1.1.2,2025-10-21 21:07:27,,,1.1.2
c3b17c4e-7073-40a9-92be-3346c5ed3bf6,Amanuel Wakgari,https://play-lh.googleusercontent.com/a/ACg8ocL-E3E-GytbDL2egM8Xg9g_hGLkfFORd2QsjCXqSWL0NeUgOQ=mo,This is the fastest app I have been using for three years.,5,4,1.1.2,2025-10-21 18:33:14,,,1.1.2
4ac0b609-86f8-444e-ac02-b697ca051d52,Abay Tadesse,https://play-lh.googleusercontent.com/a/ACg8ocLn46E9ZIU6mJ3OgWEJ9ZKm-9D44Coxl8K9psp4TJg9dDg1MQ=mo,it is healp full,5,0,1.0.9,2025-10-21 14:24:21,,,1.0.9
8f4daccf-a1cf-4247-a4fd-3728c9694799,Siraj Abdulhakim,https://play-lh.googleusercontent.com/a-/ALV-UjXDmlxF257lvbtQtkAfhtO-x3uULJAuMF3IIhom6_dm-aX3Zmo,appin kun bay'e dansadha tajajila Issa itti nuf fufu qaba,5,0,,2025-10-20 21:03:22,,,
fde863b3-f9a5-4ceb-be08-69f489054954,Jafar Kama,https://play-lh.googleusercontent.com/a/ACg8ocJImxqb2rXUPs7P2SVAQHTtCPrNk-N7V_CO-PsuBf8yXSgYFgw=mo,best app,5,0,1.1.1,2025-10-20 16:51:19,,,1.1.1
7b236dd2-b9ec-4439-b7ad-e3726c956550,Samuel Getachew,https://play-lh.googleusercontent.com/a-/ALV-UjXbccxUTkCywDskzJeZe4kc3FEALAl5VHraK-iRTDffK4cNb4HHMg,good,5,0,1.1.1,2025-10-20 14:12:54,,,1.1.1
0d6d0604-992d-4bf6-89fd-eb20b5b9d133,Kasim Sherif,https://play-lh.googleusercontent.com/a-/ALV-UjU1dkBqnPxJZ4t8aAvuyswo9CrSAsZRHId6AC2RdnJMpzmgalNY,amezing app simple to use,5,0,1.1.2,2025-10-20 13:05:49,,,1.1.2
fc9e2cca-7cc7-46b6-8524-992c537b0a88,Fetene Assfaw,https://play-lh.googleusercontent.com/a-/ALV-UjVEUQuKNs00RHRVj105vFVSzSdK2odrVTQPsbirx8UriF2w5mw,easy and quick 💪💪💪😉 my way,5,0,1.1.2,2025-10-19 22:15:56,,,1.1.2
b7b17ab8-5cf5-4475-973e-56beb26975a6,Emanuel Shimelis,https://play-lh.googleusercontent.com/a/ACg8ocJMgvb39__tWHse0VgKYkHB4ySyxbkFBTrb3aH4F16oxzKxVg=mo,"fast, reliable and user friendly app.",5,106,1.1.1,2025-10-19 14:00:53,,,1.1.1
07567a70-f1b1-4eab-835e-169ad73af8dd,solomon getachew,https://play-lh.googleusercontent.com/a/ACg8ocJu8x2n5JVrY3_JY5XwV-VbD5j33_Bkv4qFJocC_XCunZ8vDg=mo,good,5,0,1.1.1,2025-10-19 10:40:09,,,1.1.1
507e00b3-40e0-43ee-bbf3-3a6aacb578ab,Fikir Taye,https://play-lh.googleusercontent.com/a/ACg8ocLb8w7tVUD37YgxoQfuZsz5adCh4uGyXdHV_W02eEosfi_8og=mo,fast,1,1,1.1.1,2025-10-19 08:53:14,,,1.1.1
8814da47-085d-4744-8ee5-e88922bbafeb,issack mohamed,https://play-lh.googleusercontent.com/a-/ALV-UjXD1-jUCW3gdOGcldzz0lnDFthNJ4V1XM2JOBhXjCs8Nkb_DIg4,this application is very easy to use,5,1,1.1.2,2025-10-18 19:41:37,,,1.1.2
8d0c1037-1f6d-4a35-94c1-536fe21e1e08,Leula Beyene,https://play-lh.googleusercontent.com/a-/ALV-UjU2Cgm9pKrRuvVApRkM9HAngtkIaDP37EmnAjPZGiT1TADE7qxO,nice app,5,0,1.1.1,2025-10-18 14:36:03,,,1.1.1
777eec76-6559-48b9-af99-410703f4bf12,goitom Mesele,https://play-lh.googleusercontent.com/a/ACg8ocIOxdhrye3AWaC0VshSqw31xL0cbkoCTgdOMm-3F3AUJeYctc4=mo,keep it up,5,0,1.1.1,2025-10-18 14:25:18,,,1.1.1
eecdc5c1-9e34-4948-9a94-446a258f7660,sisay solomon,https://play-lh.googleusercontent.com/a-/ALV-UjXoCPPhsWMv2bmCAyyZGDSM8d8M7T7A69wg_rd0GTUl5m9tKB1GLQ,Awash birr pro,5,0,1.1.2,2025-10-18 11:22:20,,,1.1.2
c8d8aa95-cb51-4212-9dfb-d63c29c6c63a,edg beri,https://play-lh.googleusercontent.com/a/ACg8ocKW13c0SdRlD2_rMHIdC2JRxQEdtwiWKVIFnQSEgCmZ9VeNrQ=mo,the newly updated app is so slow,1,0,,2025-10-18 09:06:12,,,
36ea6ff2-e433-4012-979c-e24512ff58b9,Efa Tamiru,https://play-lh.googleusercontent.com/a-/ALV-UjV_5Hr2deIVQ1sH_0GRZxWv9PN29p3ks9Udir1YSNu-SqGF9hDb,እየተለማመዳቹሁ ነው እንዴ ?? check ሳታረጉ እና ሳታረጋግጡ እንደወረደ ነው እንዴ playstore lay ምትለቁት ደሞ እንዳሻሻለ ሰው updste ግዴታ ምረጉት ነገርስ😏😏,1,0,1.1.2,2025-10-17 21:59:55,,,1.1.2
f2564ae8-6115-4337-af0d-8bed42888603,Daniel Fessha,https://play-lh.googleusercontent.com/a-/ALV-UjWwTI7bEGLzcEE07I05RVpS7HCJ8ihBYdOG0dGMmn8zLsbEomFZ,love this,5,0,,2025-10-17 21:02:11,,,
26dbc44e-6288-4f55-8628-49db16c860a6,Million Girma,https://play-lh.googleusercontent.com/a-/ALV-UjVCIiHQBjmuLevxDNuaw0glS5xpN-El57IkSsYh7Xf-UaJtEx0C,but I need more compatible app with my device,2,0,1.1.0,2025-10-17 19:14:39,,,1.1.0
5fd509f9-5388-4095-afcb-a221beda8bcd,bulcha doni,https://play-lh.googleusercontent.com/a/ACg8ocIoocAmjt5guEzio80ZqsdGlh7qMuQSbxqXvBFt-iCiVmu_fVc=mo,it's very clear and faster.,5,0,,2025-10-17 17:33:36,,,
359b8b71-3c3b-49e6-bab7-1c2745ea0020,boni naftata,https://play-lh.googleusercontent.com/a-/ALV-UjWHV6B_8pWG2XRnxZkeoYuC2JaA_8GVZ9ikpk2BNuUTPUkWrIdw,good and easy to use,4,0,,2025-10-17 14:44:27,,,
bfd8b277-118d-4f7b-bcde-0a365620e4ac,Thomas Engida,https://play-lh.googleusercontent.com/a-/ALV-UjVSQM4YG7-0LVwscc-JX1bQfkzRHTvUgDcVZqqbKRIzEXg_9pTixA,I am getting a message that this update is not compatible with my system. I couldn't use the app anymore.,1,21,1.1.2,2025-10-17 10:41:15,,,1.1.2
d3fe59a9-ef25-472f-a313-86d9eb40d13d,Daniel Abebe,https://play-lh.googleusercontent.com/a-/ALV-UjX7-UnxSbwoRTbK82_8tDMWc0zk1TcXYEUwMzyazIN3pkzQ8XA,"Please, update kana hir'isaamee nama nuffisisaa",4,1,1.1.1,2025-10-17 00:11:09,,,1.1.1
219fd5ce-45b8-4bbf-9f16-b712cf2ebc8b,Gosaye Mulugeta,https://play-lh.googleusercontent.com/a/ACg8ocIdBatB55sgR_3PvWeUkAfIsxjaJwE5KdPEg-vuWO7SY77qZQ=mo,"it's better to select who is paying loans on time and not,then it's better to give chance for those who are paying their loans on time specifically.",5,415,1.1.2,2025-10-16 22:26:53,,,1.1.2
95e7648a-0e36-4e05-8c4a-aeeac739e7e6,Moha Dawud,https://play-lh.googleusercontent.com/a-/ALV-UjW29jDjDsdc_IsK0HFDYVHulMeyJYJGFosrHULaf6FFUTrB2bXk,App baayye dansaadha Ani maqaa ofii kootiif itti moggaase jira #Haaja-baas jedhetiin waame,5,0,1.1.2,2025-10-16 20:50:04,,,1.1.2
77ffe8c0-b6ab-45b0-a295-366a55092bbb,Mathewos Tesfaye,https://play-lh.googleusercontent.com/a/ACg8ocLhsH5gUiiLHmqvi4PSy7qCdAE4UiaFbjxe_HQan5zqtnGd8A=mo,"I like the app,like the bank.",5,0,,2025-10-16 19:55:10,,,
6028f655-7c25-40c3-b287-6f07848e7b98,Sade Joker,https://play-lh.googleusercontent.com/a-/ALV-UjUwFdgbnHAmosP3trfhM7tBLdZz-PrJS_38lDLkbSqTy-NoI-ZN,I like It,5,0,1.1.1,2025-10-16 19:07:27,,,1.1.1
851f9b53-8259-4700-bb29-5288bfaf6906,amanuel kebede,https://play-lh.googleusercontent.com/a/ACg8ocJW5m1epAP0gyYzjCMUrzLBaHyU1Ww6sUu4QJ24twFAdiIYlw=mo,the app isnt working currently. it takes a pin and unable to open the home page.,1,1,1.0.7,2025-10-16 18:26:28,,,1.0.7
531df1fd-fa81-4cd8-aaba-ddcc69bf56ba,Yonas Behayilu,https://play-lh.googleusercontent.com/a/ACg8ocJA9fj6E9YCQnVzWlwf2W-0xRzg-g8NjwduL3arnG636uKc3A=mo,"I am unable to use the application at this time due to compatibility issues with my device. I would like to point out that I possess a brand new phone manufactured in 2024. Please address this issue, as your customers require a better experience.",1,518,1.1.1,2025-10-16 15:50:30,,,1.1.1
b1551b9e-8fdd-4ee1-ac13-1713fbdbacd0,Mulusew Hailu,https://play-lh.googleusercontent.com/a/ACg8ocIH129MJ-aI91FwKqP-oagJ2I7OnZRqJtVNCY6E-wonjREDgQ=mo,fast app,5,0,1.1.1,2025-10-16 14:11:33,,,1.1.1
21af3b1f-1275-4e3a-ba86-979db604ec6c,Obsaa Daggafaa,https://play-lh.googleusercontent.com/a-/ALV-UjUguj7gJOz80SeLe6MWp67KPDjoaCS8xLfAk4ASlXYMYk_MIZUS,Awash baankii Hunda galeessa,2,1,1.1.2,2025-10-16 12:24:12,,,1.1.2
da62cd58-a8ba-4c48-bf53-285a1c41ed08,Ephrem Nigusie,https://play-lh.googleusercontent.com/a/ACg8ocLNqCFczsDITZ7uhZ1Wj1aKpFY9lrHyILwUE-m8UzTj5nUi1g=mo,Nice app,5,0,1.1.2,2025-10-16 11:56:14,,,1.1.2
cd1d1287-81f6-4f56-b94d-a2aa5186bb5f,Shumi Shewarga,https://play-lh.googleusercontent.com/a-/ALV-UjUAEO7PoZdz6LWr_ew4K2jM7YT3tdlkTJOPb-XHQYnXteSNznE,wow i liket,5,0,1.1.2,2025-10-16 11:52:17,,,1.1.2
097554d1-26ad-49db-99b7-e7315a31326e,Mebruk.,https://play-lh.googleusercontent.com/a/ACg8ocIgvM_9pnD9DzRb2gXstw2vOVkzhT9RvwZ7yegq-Wy8lYTlUA=mo,make your life simple,5,0,,2025-10-16 10:31:48,,,
e1080415-0e7e-4bda-a9ca-66bd35d4481f,Aman Kasahun,https://play-lh.googleusercontent.com/a/ACg8ocKXCS7uC7LmwsTxIoXEQRfxFasamK6hlfzBi9YVF8IbhaY28Q=mo,"simple,fast and reliable app also I appreciate awash bank service. my #1 choose bank thank you",5,34,1.1.1,2025-10-16 09:00:59,,,1.1.1
491041b8-8061-40a7-b73d-d459179a688a,Fikirte Mekonnen,https://play-lh.googleusercontent.com/a-/ALV-UjWuKlhe_xb0szwOyBpFXtiDM6dvq-3AQkZvQ7kn1c-R1V4wNvXs,not compatible to use,1,0,1.1.1,2025-10-16 07:01:26,,,1.1.1
946c5382-80ed-4e5f-b0d3-eb8ff23ef91d,Tesfaye Buzayo,https://play-lh.googleusercontent.com/a-/ALV-UjWwyMC4otTrj9qCWk8ZPRpbAhVcGKdtNZtlCWiYn0TTQTF1umGBbA,dont ask update,5,1,1.1.1,2025-10-15 19:45:50,,,1.1.1
c00da8ef-0184-460e-86c8-e781858e39d6,Anawar bakar,https://play-lh.googleusercontent.com/a-/ALV-UjUTKKAxf0qPTJ2RofmxnzdkBC9b-woK2bu6edgLwejYfFPLBxdr,shukran,5,0,1.1.1,2025-10-15 19:44:51,,,1.1.1
66a776c4-8f1b-4ab6-b1eb-054e901c648b,Amena Bedada,https://play-lh.googleusercontent.com/a-/ALV-UjXKMqIhyUHmUw-GRDDV2HJo-WbHZgRyp3zs2owz6wTo6Ro_MA,app kun bayye bayye gariidha!,5,0,1.1.2,2025-10-15 19:14:07,,,1.1.2
a81ae3c4-b735-4e1e-8fa4-a915aabd044c,Alemayehu Kebede,https://play-lh.googleusercontent.com/a/ACg8ocKyGm3YWoNjyZ_g-WSkzgp0HMER9OP7Ekdq2b9V-stvBFsO-w=mo,loved,5,0,1.1.1,2025-10-15 17:28:41,,,1.1.1
705ddfb6-5210-4a26-b9dd-c9e47e203c11,sisay mengesha,https://play-lh.googleusercontent.com/a-/ALV-UjUgaidUIKyqBfCmPRe1-ljgknQLGdoY38aTsCEYSQLdtQ0PuMm6,The Smart one,5,0,1.1.1,2025-10-15 16:23:40,,,1.1.1
1b6297dd-c610-4f58-af43-920fadea55a8,Abuki Mohammed,https://play-lh.googleusercontent.com/a-/ALV-UjU0AUPeKS0thQvCnbG5hmQfY3ax4GmNx35vW6pf64hxrxr7SkQ,👍✌️,4,0,1.1.1,2025-10-15 15:38:25,,,1.1.1
4087d885-ba55-486a-97e0-91aa9338f114,Zeneb Mulat,https://play-lh.googleusercontent.com/a/ACg8ocLQkv5SDNFzHWdndGliCLdtYpzH6Qf-x622CBZ68VD8N1WB5g=mo,good app,5,0,1.1.1,2025-10-15 15:03:59,,,1.1.1
11ec88b7-1766-4535-8545-62fd8c9b8477,Abrham Kassaw,https://play-lh.googleusercontent.com/a-/ALV-UjUnLBw8gPPQgBXdzXfxadVJShb0Mrv5Sl-GfLIQFeKOqZagB7oP,latest .....,4,2,1.1.2,2025-10-15 14:54:39,,,1.1.2
59716166-ea1e-4a43-9168-f9e1a7f8e1e2,Jafer Ahmed,https://play-lh.googleusercontent.com/a-/ALV-UjWhj6QdoiRhuZMigCJdakvIA1a_PLaNxuycFqWQJGVYI07NC3w2,"Awash birr pro fast,secure and convenience.......",5,85,1.1.2,2025-10-12 17:54:24,,,1.1.2
85f037d2-f455-4f7f-8c83-594d6054fb93,Asefa Mekonnen,https://play-lh.googleusercontent.com/a/ACg8ocKykad9mKf3KzrNmjCTozk-bOFgaPAGIszasTBb3yz5mNUtPA=mo,perfect applications easy and up-to-date.,5,7,1.1.1,2025-10-11 16:59:25,,,1.1.1
3a9e46bc-bcec-44f2-9f93-9a99f9ad9256,Tbilnyangka,https://play-lh.googleusercontent.com/a-/ALV-UjXEYrEU_cDAKJwyrdsjxaftkL9-rETCPNkZS2Zpv3zF2SclZ5M4,good,4,0,1.1.1,2025-10-11 16:50:18,,,1.1.1
8f12e350-d177-40e1-babc-8c3ffcbd7393,Daniel Wolde,https://play-lh.googleusercontent.com/a-/ALV-UjX74llKR_JaTte_czPHr4_OfWtloPKi8MqF4V_Mj85OiE7uy_z5,The best app and bank fast service and honest.,5,4,1.1.1,2025-10-11 07:17:40,,,1.1.1
859478c8-8c1c-4bd4-96ca-5e85f7dbab55,Birhanu Woledsenbet,https://play-lh.googleusercontent.com/a/ACg8ocJOWwkkwaPXWQthkUDBXZD0pjCY3dfuVyBgdr-R0bXrEzsKQA=mo,good,5,0,1.1.1,2025-10-07 16:14:27,,,1.1.1
a78b8bd2-13ef-4a16-bf82-e000a66ed4f2,Gebisa Asefa,https://play-lh.googleusercontent.com/a/ACg8ocJw_JUpAMW8vi-G0EoY_LPoP1w0fVtItJlYjU_jDm3b5uNaOA=mo,Good,5,1,1.1.1,2025-10-05 15:24:42,,,1.1.1
416da466-3399-4069-8877-f4843a85990e,Muleta Daba,https://play-lh.googleusercontent.com/a-/ALV-UjWhEVKqx0aXHUjQsBrqPRyaoaz6CsWl9xB1Gx2OwvVz8ugvozq6,well service,5,0,1.1.0,2025-10-02 20:16:36,,,1.1.0
efc70d1e-225c-46a3-84eb-bc8c8dada2ae,Nahom Tesfahun,https://play-lh.googleusercontent.com/a-/ALV-UjX14uDBK9LdSHkZlBwtB4yUITlKyAGAr8GGapiio8huSSbD-_u-,The best app for modern living,5,0,1.1.1,2025-10-02 10:22:36,,,1.1.1
f67d414d-bcfb-4b2a-884f-8f380b0cd1d5,Firomsa Husen,https://play-lh.googleusercontent.com/a-/ALV-UjVS1fGzcNrZGmIcOuMQVqEJ2wLWmdGAeYHOfv3bbYPie5cilaTL,wow,5,0,1.1.1,2025-10-01 19:43:03,,,1.1.1
384a4aec-cf9c-4c91-9b0f-89f167782e2b,Fekadie Amare,https://play-lh.googleusercontent.com/a-/ALV-UjVE19x79craN0nDvCg_ji-qxn47a34V43IuLDoPJ3gCLnO-MGlZ,Exciting,5,0,1.1.0,2025-10-01 19:23:22,,,1.1.0
d7d516f0-7b70-4bae-900a-4c553db0b3e5,Citrex,https://play-lh.googleusercontent.com/a-/ALV-UjVwR7ucbmJrKKAl0yp4qtJv8gb2nzn6tCshaTkKLyChJCTQMMsb,the previous update doesn't wok on my phone samsung s8 edge,4,1,0.0.8,2025-09-30 19:18:03,,,0.0.8
b77caf9e-5bbf-4109-860a-28df14449a6c,ASHENAFI BIRHANU,https://play-lh.googleusercontent.com/a/ACg8ocIt7V6dMf8A2SthLcQzNAWdVpLimAcLfBOt5fmHOzhmDfhnwT4=mo,thank u,5,0,1.1.1,2025-09-30 14:46:18,,,1.1.1
f691542a-5cde-4129-a6ca-f485ca4ea5c8,Ahmed Mohammed,https://play-lh.googleusercontent.com/a/ACg8ocI0rn_4WkAVoHL_HMH_r9eM9H74ZSXm7bz4Iz1EBliPt41tKQ=mo,It's nice,4,3,1.1.1,2025-09-26 16:56:11,,,1.1.1
3febdeec-d614-4ac2-b125-49a1b7967454,Dawit Desie,https://play-lh.googleusercontent.com/a/ACg8ocJr9reWvHOLj0epvjfha1npXjzStOv034265qyIpG0IrJt8NA=mo,excellence app,5,0,1.0.9,2025-09-26 16:23:19,,,1.0.9
d36d5890-e87f-4f20-ae06-76433c858a46,hani ambo,https://play-lh.googleusercontent.com/a-/ALV-UjVUeCqJvaHj0lAybIbMkHd-gJV2KJ0i32X4JXm4txvYvYQg3l8LCw,toleshi chawaqa,5,0,1.1.1,2025-09-25 19:10:55,,,1.1.1
29f2e907-1dd9-416f-95d3-274b9d4d5f27,ALMIFTAH TUBE,https://play-lh.googleusercontent.com/a-/ALV-UjUxZ23q8V7Hwe3Zy2Dr0K0kCpJURx0ctuKhXE4aNYJuIMe3rl8,my favourite app,5,0,1.1.0,2025-09-24 20:01:06,,,1.1.0
bfbbc93d-83c9-4335-aa93-0323584e5670,Balcha Ararso asmeret,https://play-lh.googleusercontent.com/a/ACg8ocLLNwOVxPqEjd34GEdIUcoTaEBhU8_YwdNBVCb1OE0PgIxhMQ=mo,good,4,0,1.1.1,2025-09-24 12:10:37,,,1.1.1
e93799fb-8bb0-430d-b0e4-3cd21ac86997,TG SM,https://play-lh.googleusercontent.com/a-/ALV-UjU9aH6nj0yyxBE2XFyHVo6IuAMqnrl9yXKwD4jcoj9rhBK41DGT,"*Some limitations for AwashBirr pro and you will be adjust and add the following features and service's:- 1) Card management like card request,card replacement, pin change & card limit set..... 2) Money request QR code for all customers. 3) Packeges from telecom and safaricom~only air time is not enough. 4) new and beautifull interface's, themes, QR code scanning featurs for merchants, fuel payments and other...  * If this addtional featurs are added for AwashBirr pro, it will be perfect.",4,100,1.1.1,2025-09-23 22:17:30,,,1.1.1
799cee04-af77-4abf-a12d-945267e94e8a,Mamush Tbekele,https://play-lh.googleusercontent.com/a-/ALV-UjV4Xenb78RyVWLBmjLP_tjvjDELKSS35nYKV0vdLgXupQkmh1N7,Good !,5,0,,2025-09-23 19:49:16,,,
7e7569f8-0620-43bf-86e6-dbd17104f3f0,Yone Moon,https://play-lh.googleusercontent.com/a-/ALV-UjV5qhYH4wPq17FQBq-Ysl4BWIUuoVcyhuxpHy7LfXcEIMv5EOq-,Good 👍 so far,5,0,1.1.1,2025-09-22 21:02:28,,,1.1.1
f2e06532-b0d0-4370-90bc-db26a4abc332,Getachew Tatek,https://play-lh.googleusercontent.com/a/ACg8ocJx_mvrOwSdAd9dLsm5QKoQbEOxl13gnXm_E9kNv-d4FQl4Kg=mo,Great,5,0,,2025-09-19 09:24:36,,,
7b24b7db-36f1-4213-8a59-a8ab9938cb6b,Abebe Belete Desta (Abebelgn),https://play-lh.googleusercontent.com/a-/ALV-UjVdJtvkJ926pxuBjeS-yo0CKxhne0h5rcRnCxD_pR6jzWNlVBWU,Easy to use and convenient application!,5,9,1.1.1,2025-09-17 17:13:14,,,1.1.1
0fa733de-017b-4ccc-8db5-0bbaacf8b440,Yishak Mitiku,https://play-lh.googleusercontent.com/a/ACg8ocIOEm8stK9V41pQoLAixWhFUtJT5GeDRDln22D5P_E0SgYbQg=mo,It has some improvement to easy our used,4,5,1.1.1,2025-09-17 10:05:46,,,1.1.1
219e5b11-5d08-4d81-9288-a0146ab869fd,Milko Milko,https://play-lh.googleusercontent.com/a/ACg8ocI_VnFG_5Wia6F6TBYsQWQBLQ74cT-1kDllm5y3JBmlhDUb9g=mo,awshbirrii,5,0,1.1.1,2025-09-15 20:21:56,,,1.1.1
a0fc2bca-5c0a-4dfa-a30b-cf522dcbd3e2,Hamzaa seifudin Hamzishaa,https://play-lh.googleusercontent.com/a/ACg8ocJ3yiH4iZ_HjdJh7sA6y1O6yP1akokkfLRUyhc6IlNPw978ZQ=mo,Swiss de and the other one day we will be there,5,0,1.1.0,2025-09-15 17:28:27,,,1.1.0
efcdf60c-c017-4dd0-afb4-07a94789e3ce,Ibraahimcabdii,https://play-lh.googleusercontent.com/a-/ALV-UjX4ia8NAF3Rk_gpjskGh5KyzmA_nFDBCqKB-cL7Sjj6kbBIPAM,very,5,0,1.1.1,2025-09-14 16:07:15,,,1.1.1
00b413e1-c12f-4ef5-a5ba-ff8a8be43942,Teferi Bekele,https://play-lh.googleusercontent.com/a-/ALV-UjX7RRD5qvoq0ZJC0lfESJoUKH2e2imR-dX323PYWpuBix1JuYQ,good app,4,1,1.1.1,2025-09-13 10:57:24,,,1.1.1
bbab8d10-e79a-4240-928d-272249db9029,yhyhes ayele,https://play-lh.googleusercontent.com/a-/ALV-UjURuN8jSXN0JabxLA61PeS7BKswktjALY4wFmJt8y4SCA64_XYG,good i.believed you,5,0,1.1.1,2025-09-12 22:24:50,,,1.1.1
e01a7aa1-0f18-4aae-964e-7e4dbc7fa087,Million Milla,https://play-lh.googleusercontent.com/a/ACg8ocJb96fuuXTjtLOMI3hPYba4vrBbxeS529zQ4jzhZkHEglfvgw=mo,its best app ever,5,0,1.1.1,2025-09-12 12:31:08,,,1.1.1
3bb82a67-2d20-4630-aa48-87901dc6ce19,Kadiir Alamuu,https://play-lh.googleusercontent.com/a-/ALV-UjVUlJ2NY7Wvo0V1UqcOA8meDhw2dAETQzSe04WYm6WXl6is1v8,Best app👌,5,0,1.0.9,2025-09-11 09:27:53,,,1.0.9
d7926bd5-fc7f-4ab1-9c34-066e8e50961d,Ridwan Firaol,https://play-lh.googleusercontent.com/a-/ALV-UjWqsS-AcEO-P7-64D-WUcJSKue4zQuFPidigcRCrrWSMqlOPenj,I'm only here add 5 star for thus app,1,0,1.1.0,2025-09-11 05:42:59,,,1.1.0
27d6b006-ea3e-4458-b132-1f35d8bd87d2,alemayehu Endale,https://play-lh.googleusercontent.com/a/ACg8ocI3fh4GoeY7h8_FQI6THI8-pAPcxdbkqMMyDDomluoXgjDDTp8=mo,አይረባም,5,0,1.1.1,2025-09-10 15:14:44,,,1.1.1
6bd745cc-5044-46f8-bd62-f16c6b78f444,DEBISA HEDE,https://play-lh.googleusercontent.com/a/ACg8ocJwJi4rWGO3duy6-YvXA56PVJZAcB9EfO__LtXrA4FnbrZVPK0N=mo,it's good,2,0,1.0.9,2025-09-10 09:02:17,,,1.0.9
df111514-dacb-478e-9eb4-0e64912d25a6,Obsinan md Abduro,https://play-lh.googleusercontent.com/a-/ALV-UjVj10ixP-kusYet463Y6H1SnCxiw38-dy78eJmpUHck4HvH1v5n0Q,best bank 🏦 👌,5,0,,2025-09-09 22:30:21,,,
daf93eb0-d3b9-4aa8-b4cd-5d3267dd77ca,habte hunde,https://play-lh.googleusercontent.com/a/ACg8ocKpg-QLZnJ_Yde0NTE3tZM-NxrJtvgqXV5s4u_UE_Wv2-fs5Q=mo,good app,5,0,1.1.0,2025-09-09 15:22:54,,,1.1.0
13f45f82-9cf6-4626-80e4-4c5844b69fb9,Daniel Negusu,https://play-lh.googleusercontent.com/a-/ALV-UjVpfJ1aXE-3sHQg57NkKXPzoQWesR7NcTqrIXX-6MMQ323feuG0,👌👌👌,5,0,1.1.1,2025-09-08 19:59:47,,,1.1.1
515a5237-82b4-4d28-af69-315e728bd81c,Abdish Ya alaha,https://play-lh.googleusercontent.com/a-/ALV-UjWGzppdr7UD_Km2m5hQCy26wcywf4YF2OSgCZStV4wfVcuvqhmx4w,best,5,0,1.1.0,2025-09-08 17:20:01,,,1.1.0
47ad9cf2-4c75-40bd-abd9-b8cfbeb42689,Ensha Allah,https://play-lh.googleusercontent.com/a/ACg8ocLOnZszd7KSFy4yDx2bJsWYIRt6gkWN5cOxfXutFfvH83UGUQ=mo,that's so nice,5,0,1.1.1,2025-09-08 04:14:30,,,1.1.1
3fa0b228-fa0a-4db1-86f4-5de310680f01,Abi Belete,https://play-lh.googleusercontent.com/a/ACg8ocKmIwwMHZZmh0PMnne7NMWzlKv-qseECWH9s94yxGYD6Md4cGfr=mo,it's good,5,0,1.1.0,2025-09-07 21:54:16,,,1.1.0
fcf526b1-a8e0-43f1-91a2-181d32dd37f8,Bacha Soresa,https://play-lh.googleusercontent.com/a-/ALV-UjXIyg-hCcp7OBv1OWB24S0E7Shl_8bO6vpD3o6aTIuRHhlL-_w,Okey,4,0,1.1.0,2025-09-06 16:20:30,,,1.1.0
27cf7275-70f0-4577-a54f-453b029fa195,Mesfin Teshome,https://play-lh.googleusercontent.com/a-/ALV-UjXmWPGV9Hv2vDy6_C2BWtN5pWKlSBewlJCjIt6vCdps5YX6yqg,perfect app and bank,5,0,1.1.0,2025-09-06 15:26:21,,,1.1.0
e17fb5b0-b415-4210-8caf-1f9f6c52f014,sufa nagari,https://play-lh.googleusercontent.com/a/ACg8ocI94C_QlFNhRffRT3-NEKDZuLdG1xFOX6BA6o-KdQJKgpX-ig=mo,well,5,0,1.0.9,2025-09-06 10:27:17,,,1.0.9
c7363e5e-d2f3-4261-ace5-6ad7a5f12673,yared mengistu,https://play-lh.googleusercontent.com/a-/ALV-UjXx6wt1jroHIlDBU3z80aZCtGHitabLOU4MNlf3DYj9nxMMBM0Z,good app,5,0,1.1.0,2025-09-05 16:30:45,,,1.1.0
92271112-beac-4e35-9cdc-d4fedb6bdef8,Yared Solomom,https://play-lh.googleusercontent.com/a-/ALV-UjURF1D_wyD9lrpKr9dTC55WQpCR9b0OQH3_yf_s0bGQxPAJ4SPp,ኣዋሽ ባንክ ገራሚ ባንክ,5,0,1.1.0,2025-09-05 12:14:45,,,1.1.0
e4efd9a7-e4d3-42f6-8d5b-eb076ce6180c,Othan Kedir,https://play-lh.googleusercontent.com/a-/ALV-UjUZRu6Nf7MTGzQqprTnPOByormlXFR9R1j1DowVtRXsOd_ETbw,good,5,0,1.0.9,2025-09-05 12:11:00,,,1.0.9
316db56f-6502-46e2-be58-adf49388c3b5,Kali Domnic,https://play-lh.googleusercontent.com/a/ACg8ocJ66rX8ge0k4Vz-Xhm5Fr-1Vmq-dzlm03RXlbY3c5hZTLHGBQ=mo,overall good,5,0,1.1.1,2025-09-04 20:55:31,,,1.1.1
cbdf2372-21f9-4c13-bb23-b6951d7f6c32,Za Za,https://play-lh.googleusercontent.com/a/ACg8ocL9R9V3i1AEPJbmadYulFDGdd2msEN8ydpKHPrJIbwXeuPgEw=mo,good bank,5,0,1.1.0,2025-09-04 19:56:36,,,1.1.0
d13f3d0f-f292-4f79-890d-0781855b012b,Our A,https://play-lh.googleusercontent.com/a/ACg8ocJnZikfEDx5W4i9v6IKUlTHTybjceQ-zx3H3gVFNP8_mz823A=mo,it needs more thing,1,2,1.1.0,2025-09-04 12:29:53,,,1.1.0
fcf08490-1b1f-4a70-8439-4b2ee834ea23,Tigist Niguse,https://play-lh.googleusercontent.com/a/ACg8ocInk7w137vGGGAopdz1cqpB16iSnmwuPc66dHJaquZ3GQFtNw=mo,good,4,0,1.1.0,2025-09-04 11:20:28,,,1.1.0
b58e5722-fc05-4fc8-8c2e-d5639f9524d4,Esdros Fikadu,https://play-lh.googleusercontent.com/a-/ALV-UjXB2eUc6CxW-j3gcalH6uD3I2gBRceXAJ-XI3rIsqhDAN-TWU0,Tank,5,0,1.1.1,2025-09-04 07:36:11,,,1.1.1
e35f5f2c-3d79-41cb-b86e-668b298ac752,Getu Tadu,https://play-lh.googleusercontent.com/a/ACg8ocLQ4Mr5izC3frwvT0tdxEJ0uHzmH-cbl7N8nu0n5OD8eghiaA=mo,naa dalaguu didee mee naa lalaa,5,0,,2025-09-03 21:28:20,,,
e8a2c9d0-7df7-4104-abb1-bbd57d7d6249,Nasri Mohammed Ali NARI,https://play-lh.googleusercontent.com/a-/ALV-UjUldaprlUPrw_7O9ug0Gd7zOhqUQ7aXjZ-NmvmB6I6fMLaIhNA,like,5,0,,2025-09-03 19:47:54,,,
0b31adfb-9067-4259-b6b9-d03e261c96c6,Yohannis Girma,https://play-lh.googleusercontent.com/a/ACg8ocLOZTimIo43HBT_d9czprZnvIUNyjJhlzyAR93VFszFchqB4Q=mo,good,5,0,1.1.0,2025-09-03 12:46:07,,,1.1.0
c5524542-9c5e-4acd-aa15-81db4a27499e,mulgeta seifu,https://play-lh.googleusercontent.com/a-/ALV-UjWoArfwylojQ9JwmEJk4XvEL5GO0Tk5kna1wEljO-oKitO53iI,the best bank which is reliable,5,0,,2025-09-03 12:35:54,,,
496114fe-8008-41dc-8582-94d7a950991d,TAKUME TAREKEGN,https://play-lh.googleusercontent.com/a-/ALV-UjXjFdxa3qayEWIHiR4DGZx6RKpddf6m_ujORIcur3ms0H7g19fw,reliable app and easy to use and clear.,5,77,1.1.1,2025-09-03 04:50:08,,,1.1.1
95eb589a-ff74-4118-a4ac-acb4f1f2e6b8,Tilahun T,https://play-lh.googleusercontent.com/a/ACg8ocLFE0PHn_3-kzTv0kMmpIdUicOgGOmhiaX2vVdDQqZvhCtwmG8=mo,okay 👍 👌,2,0,1.1.0,2025-09-02 13:59:48,,,1.1.0
e5926114-8206-4dde-9cdb-51108a8f8b16,gebermedhin worku,https://play-lh.googleusercontent.com/a-/ALV-UjUph3ZCEgBXrcys_Gs4usWQAdrCQ7kVRe3IeKIQD2hxyoa_P1c,all system Excellent. keep it !!,5,8,1.1.1,2025-09-02 11:50:22,,,1.1.1
ac42cec1-4751-4512-baaf-567cc005846c,Ismael Yakub,https://play-lh.googleusercontent.com/a/ACg8ocJ5M9JBDZe1WfC90wvKU4HFg-WAVbb8IQhU6GM4zhKaoFDXsw=mo,Good app@!!!,5,0,1.1.0,2025-09-02 11:27:00,,,1.1.0
c37893f2-d1ee-4ac4-84e0-0849d01474a6,ziyad heyru,https://play-lh.googleusercontent.com/a/ACg8ocJytsAYHDTKEveYP3cmJ4s8vbkHynPdENdHGB1mR9tCB7j90A=mo,awash,1,0,1.1.0,2025-09-01 21:28:23,,,1.1.0
21b1376f-3689-4435-9033-5e9a9473d766,Sonporogno,https://play-lh.googleusercontent.com/a-/ALV-UjXC4vEpyU8HKfPoEQmFPbU9fsQyofhV-B3rnjTkbELSNfGovXVb,why doesn't have fuel payement,4,1,1.1.1,2025-09-01 13:32:20,,,1.1.1
35057636-05e7-48cc-aeba-072bdc87292f,Simon fikru,https://play-lh.googleusercontent.com/a-/ALV-UjXJYnjIUc9m99U1qtvmzTlHSXNeo5z-fYG1rtPBoseKWUgHo1h2,you app is vary slow to download i check network but it's not network problem,1,1,,2025-09-01 12:15:01,,,
271695e0-3750-4d89-af08-eede9d7675fa,Yohannes Teklemariam,https://play-lh.googleusercontent.com/a-/ALV-UjWNYdcTmHprd_uVsz-ULAduHjMGkwbDoOJBgz8Wi-mjcipODmHT,best banking application but the new update is not working on my device it says it's not compatible with your device please do something.,3,7,1.1.0,2025-09-01 10:06:24,,,1.1.0
32a88479-49ee-4239-b9e0-115b02993fbd,Aklilu Melese,https://play-lh.googleusercontent.com/a-/ALV-UjWB23u6PULQr-aZdQfpNE_qGXU3Sye5pJOfPdBR2NOqZaQjTv4C,good,5,0,,2025-09-01 03:06:54,,,
200cb12b-78a5-4497-818b-78fd402303ea,Ararso Mohammed,https://play-lh.googleusercontent.com/a-/ALV-UjX3KB7rSgWfzwygfzEnyfm2dK2q5Ehd6rb8WXg-y-2dpnODqyIm,this awash birr pro application is good app for us and security,4,1,1.1.0,2025-08-31 18:37:37,,,1.1.0
6e1a1150-1c6c-4607-9532-5842147266de,Asna Tijani,https://play-lh.googleusercontent.com/a/ACg8ocKpsrOesdYg6shx7OyZsAPM9WbHXE0YytICD27AeYg35HI3Sw=mo,difficult to update,1,2,1.1.0,2025-08-31 18:09:00,,,1.1.0
cb36f4c4-83e3-4c76-9cb6-bdd061ff3bc7,Abinet Haile,https://play-lh.googleusercontent.com/a-/ALV-UjUbfxHlvsQhhfYm7ip7bHtHy7YE17ze8nIMZUsylZiyofK2RVXw,"Easy to use the app,Fast Transaction and 24/7 active network 🛜",5,3,,2025-08-31 14:10:51,,,
c5cd7fa3-aaf7-44e7-ae2f-27f5c3e3b278,Kassaw Beshaw,https://play-lh.googleusercontent.com/a-/ALV-UjXQBHHtbAnym5nKmNFAa0W70IwdGl3kFESEgVdQGPUyRsaakRU,very nice to use it for many purpose!!! I highly recommend it for all Awash Bank customers. Thanks a lot for it!!!!,5,268,1.1.1,2025-08-30 20:11:44,,,1.1.1
c89785a5-546d-4526-b5d2-b1a4fc6347fb,Abdulfeta Tenkir,https://play-lh.googleusercontent.com/a-/ALV-UjU_L4sH5ZnQG9f-RbTbPj0dhZrTQq5aXETk6q_yjCpwcXY7P6VQ,user friendly app…,5,0,1.1.1,2025-08-30 16:49:43,,,1.1.1
f485b33c-4954-4fd7-b77e-d7c86e325bca,abdu awol,https://play-lh.googleusercontent.com/a/ACg8ocIg3fVBVs4OgjNrHa1jnVarDpbpMVRe__xgL_Na8bcdF6DQPg=mo,that is not fair ihave transfer but your cut balance,1,1,1.1.0,2025-08-30 16:28:57,,,1.1.0
aa8ce840-79bd-4ece-905b-e2297bf207af,Car&property Sale,https://play-lh.googleusercontent.com/a-/ALV-UjVglcAW58_cKsMWPf0u3fgAb9ndSxmjosXImolC-DtGAn9eWVlJ,excellent,5,0,1.1.0,2025-08-30 11:17:04,,,1.1.0
cc3829cf-9507-47d1-b5b4-8e1375ca458a,Talala Mohammed,https://play-lh.googleusercontent.com/a/ACg8ocIBUpAitOZx1lwOwO-vmwoZab_jNUFmuP4ykdUVK3R5UTJ8kQ=mo,this app is evrybay choise day to day useing thing,5,0,1.1.0,2025-08-29 22:46:08,,,1.1.0
0af61039-30f4-471b-8ccb-8156883ac146,Anuwar Mohamed,https://play-lh.googleusercontent.com/a-/ALV-UjWAhzLWzbbGBC4_BMyolwgcFPK1J52YZMIrnigzQ83RUr7O__UX,Hydraulics engineer,4,0,1.1.0,2025-08-29 22:04:38,,,1.1.0
a67f2acc-4cb8-4964-9119-44b4532cb0ac,Dr. Mezgebu Alemnah Asefa (Myco),https://play-lh.googleusercontent.com/a-/ALV-UjUQxo6sN9UAeuQl1z3jrzYIVsT98O1Qi_C8-68KB55aXzsA-Zol,The best app i have ever used. It is very user friendly.,5,1,1.1.1,2025-08-29 21:36:30,,,1.1.1
b3f27cea-5b3e-4c4f-a310-4da3147e452c,Wendatir Tesfaye,https://play-lh.googleusercontent.com/a-/ALV-UjUsR2IMNd_eLta_CNWSovDKm6hxmIBbV6QGueZIWSfJ_UySRyo,ጥሩ ነው ግን አዲስ ሂሳብ በራስ መክፈት በሚቻልበት ደረጃ ብታዘምኑ እጅግ በጣም አሪፍ ይሆን ነበር,4,0,1.1.1,2025-08-29 20:39:13,,,1.1.1
19fd97bf-a669-4e85-9a0e-9feeff0b1ee1,Abnet mustefa,https://play-lh.googleusercontent.com/a/ACg8ocKtWja_cf_Ko3VFx3k3-fE4reTcizncPnWkbEwDSYCoML6Yjg=mo,good,5,0,1.1.0,2025-08-29 19:31:05,,,1.1.0
b07dc62f-9484-40ae-b3ea-a77ba5a900b0,Bura Fornew,https://play-lh.googleusercontent.com/a/ACg8ocLzfp1ou9bgaTbXICuBiKR_I5mPcLtrZdzTrHS5U3EM_7DRBA=mo,really i love it,5,0,,2025-08-29 17:21:43,,,
56341d93-af91-4345-9820-1a83d898f21a,Sisay Sisay,https://play-lh.googleusercontent.com/a-/ALV-UjXkdDZmy2u-d0qgWqaiE5_5kBnwwdbwDTDPaD473fLlAavusDk,good,5,0,,2025-08-29 16:56:15,,,
bf984192-18cd-451a-a386-76919593af45,Keriyate Rahimeto,https://play-lh.googleusercontent.com/a/ACg8ocKxR9ILpgIlE_nVrHghQQie7hB_wRSV_FmoKtdNJtJgagoYXw=mo,exellent service thankyou!!!!,5,0,1.1.0,2025-08-29 16:04:27,,,1.1.0
c74207b6-5349-42bc-aac8-cba14554f3e6,Hadgu Niguss,https://play-lh.googleusercontent.com/a-/ALV-UjXAyDemIo_3JV1hDamisbMp1HcMCnIkKyF0JvuxJCXe-6UlSXA,greate app,5,0,1.1.0,2025-08-29 15:33:03,,,1.1.0
9b6bb613-c19d-4d4e-ab51-5eb819784531,Daniel Jalamo,https://play-lh.googleusercontent.com/a-/ALV-UjXEtwCmtwC1T2CERCqDRIoCmVivU5uVRxHEZCFXuXJmsuErmfC1,i have used most of in your compan,5,0,1.1.1,2025-08-29 15:22:18,,,1.1.1
0e8490b1-a84b-44f8-b0a2-a9ba685df43a,Sebah Degu,https://play-lh.googleusercontent.com/a/ACg8ocIXz4Ayf0vmIlc5ZJorNtVUbRvqVstMSbZ2-9g2CVbMUaNwyQ=mo,HaderaSebah,5,0,,2025-08-29 14:47:45,,,
52687d62-ce8a-4bff-87d1-4d9bf9a6b2a2,Hawaria Getahun,https://play-lh.googleusercontent.com/a-/ALV-UjUvdUDB37yH9m9Kmbj0IEPYU6vjTPhQVmVyLcQBBYWykMxTYQ8,Alright branch service first,5,0,1.1.1,2025-08-29 14:36:34,,,1.1.1
5cd85230-b9d1-4d31-90c4-8f5210397bda,Yusuf Mamud,https://play-lh.googleusercontent.com/a-/ALV-UjUVeUWzorSay7bhVYYoKq93Jga6Pfp21yiw3074qGN9WC39c5YL,nice job,5,0,1.1.1,2025-08-29 02:03:18,,,1.1.1
13421215-1920-42a0-bdab-b3808b3661ed,Mohamed Abdi omar,https://play-lh.googleusercontent.com/a-/ALV-UjXtFmbf1JRuA9b5k6R9vN9ws1pkN9UXgrr2tDb-9gNJ1fMi-Y8,SUBSCRIBE,5,0,,2025-08-28 19:47:45,,,
33ff04f1-0fad-40a8-b301-76a8eb06f7f3,araya Shiferaw,https://play-lh.googleusercontent.com/a-/ALV-UjWilhFxJ6K48-p0G2AGysE1_OKtzO2mr02YKhsi3hVf39M2u2kT,interesting,5,0,1.1.0,2025-08-26 15:47:06,,,1.1.0
6813a5cf-b090-402b-ba49-85dfea171830,Chala Gude,https://play-lh.googleusercontent.com/a/ACg8ocJ5Wsnsm0pEV9J7QvvGF65bvDZazB7dioEvPt4FiwxFnuBI9w=mo,not good I can't load it,3,0,1.0.4,2025-08-24 15:36:55,,,1.0.4
5dfe1ea4-a145-438c-b340-6ccda814caaa,Sabona Nuradin,https://play-lh.googleusercontent.com/a-/ALV-UjXY2pwNJqMW3nYSGJU4AJt__Tdc7VIngqRexA9BPGu2tOdVTFs,all of time 📈,5,0,1.1.0,2025-08-24 09:27:51,,,1.1.0
6fb5fee4-8445-4cc4-8a7d-d683251ede4c,Aditya Shukri,https://play-lh.googleusercontent.com/a-/ALV-UjVZouRSGouUL7Ash4KI9eH2t4GkZwnDYoHaxJ-gyiw64xDXPMA,good👍,5,0,1.1.0,2025-08-23 19:42:26,,,1.1.0
1f1e4331-afa4-4c11-b531-8e2f2c9fd044,Wondoseen Mengistu,https://play-lh.googleusercontent.com/a/ACg8ocKhZrW2qsE-Hr9hfCL8phtRHpL1SBl-ZvCqYCLQa2l6SFOR0A=mo,easy to use features,5,4,1.1.0,2025-08-22 17:37:35,,,1.1.0
c4d13587-5217-490e-9fe6-bf1f34ba5399,Getaneh Goofta,https://play-lh.googleusercontent.com/a-/ALV-UjUDU5eg2MEbanW3kXpYXLU6In1glzJwKH05Bostnw_QMVS1Q_8,it's amaizing,5,0,1.1.0,2025-08-22 16:53:31,,,1.1.0
a365a2df-4525-4460-aaba-daf5755532af,Tadele Asefa,https://play-lh.googleusercontent.com/a/ACg8ocKl24x06OOpNt1FrM6dBhlkOSjmyay8rwKZ3dA3FGUJl3PAQA=mo,wow,5,0,,2025-08-22 16:42:14,,,
9195d4bc-d85f-49c9-9a63-c2e543abf88a,Solomon Asefa,https://play-lh.googleusercontent.com/a-/ALV-UjWqz2LOxmUs5cPYAwidyK7CGWVKYsPveMsfs3KZhI7TMaF3NuzT,wawu,5,0,1.1.0,2025-08-22 10:35:37,,,1.1.0
2b3b9da8-083f-4b5a-9c9a-18d40045fa32,Kiya Tamene,https://play-lh.googleusercontent.com/a/ACg8ocLDmlhWLuvPoWhxmcaZpwHnsgU7bR0HFMPMnm4u6on9vARRwA=mo,excellent thank you!!!,5,0,1.1.0,2025-08-21 20:07:32,,,1.1.0
92535ce9-91e6-4230-af2e-cdc782d1e2d9,HINTSA GIRMAY,https://play-lh.googleusercontent.com/a/ACg8ocLdrQzVtkKkiih-T2CUpDKTIT69lGh8kprUem7gOUG7H9fwUw=mo,It good and the pending futures like fuel payment should be included swiftly,4,4,1.1.0,2025-08-21 17:49:55,,,1.1.0
b3b187d6-8879-4d90-865e-61e78e5f6bc4,Meskerem Gashew,https://play-lh.googleusercontent.com/a-/ALV-UjUrSnXS8oQHPJdX2z7L0miz3aC9RP8dfYGQ99_me_OkC9JKDPw,"""This app is very useful. If we face any complications related to transferring or receiving money, we don’t need to visit the bank. We can simply use the app to view our transaction history and resolve the issue.""",5,9,,2025-08-21 13:53:07,,,
73ec4d31-fcf5-4dd8-82ae-1694ef71624a,Tadelech Seyoum,https://play-lh.googleusercontent.com/a/ACg8ocK0ZREYfH71btjmFU9kghwLcOrVWRDRlV72FUUfYNtypknBOg=mo,mobal banking,5,0,1.1.0,2025-08-19 14:38:14,,,1.1.0
e1fb3ac3-4da4-4413-b4fa-cd0d782aedc0,Leta Fikadu,https://play-lh.googleusercontent.com/a-/ALV-UjXQpan31podVBLc3H-xUsHtN1H5M42zFd5DOFXw29bPJs5DJEWP,"the worst banking experience, the app keeps crushing you guys better find a good developer",1,2,1.1.0,2025-08-18 09:38:07,,,1.1.0
9c09f224-847c-483e-93dd-c36080eaca67,Gemechu Tesfaye,https://play-lh.googleusercontent.com/a/ACg8ocJHoQghBVS4FkqgqXI2kklZWQUzNFfIKlBZsc15yP9r9WOXtGw=mo,"Awash Bank Birr Pro — Safe and reliable - Strong encryption and secure channels for all transactions - Multi factor protection with PIN, OTP and biometric login - Real time fraud monitoring and instant transaction alerts",5,8,1.1.0,2025-08-17 08:52:26,,,1.1.0
c34be974-7a71-4654-b8b5-b2966c5d9ab8,Abinu Zewdu,https://play-lh.googleusercontent.com/a-/ALV-UjVOyqKbryYhWICK8gigoJy6zcrfFyA3Kfr0V9shNXKU3QBMlyM,bedt app ever,5,0,1.1.0,2025-08-16 19:54:14,,,1.1.0
3802099e-0673-421c-9c59-de2197f31e3d,Negumma Wekgari,https://play-lh.googleusercontent.com/a-/ALV-UjUFT3WpwZTaqqKk2ejuf19EM2Iedt4mNukDVJ8bbokaJ0L106Bs,good app,5,0,1.1.0,2025-08-16 08:45:33,,,1.1.0
58b8b6db-21ca-455d-97ca-bdf953cc3104,bona bedaso,https://play-lh.googleusercontent.com/a/ACg8ocITSO2y-1USmtqVV2bIKbI_2wyRwCJfUitjFNFYNPFAldG0Sg=mo,Excellent App,5,0,1.1.0,2025-08-15 15:17:05,,,1.1.0
8dd678a4-b4ec-48bd-957f-4d6198754bd6,Basha Kesim,https://play-lh.googleusercontent.com/a-/ALV-UjUP6lqFTTCSYO_3-cNKlwf1PTr5edHOg3SNEKcI5C6BGTZKZP3L,Amazing,5,1,1.1.0,2025-08-15 00:37:35,,,1.1.0
4d8f2b5b-2d74-4ae4-ab17-0ed8ef3965a0,Abinet Daniel,https://play-lh.googleusercontent.com/a/ACg8ocJurc4TNRoQGfhetwaF2soExu4_JWpYkXJtnCEu2vcXMbc33w=mo,its best and trustworthy app i like,5,1,1.1.0,2025-08-13 14:03:29,,,1.1.0
4f3a01eb-ded8-4035-8b50-70509c391cdf,Zeinadin999,https://play-lh.googleusercontent.com/a-/ALV-UjXq6s-2NEul_Q9bxkLhOPTgWf3uAOPJM8d6By4dhlNM7x2Ch0k,ok,5,0,1.0.9,2025-08-12 20:32:41,,,1.0.9
af3f8b9e-3a53-4137-be59-2029efbde13a,My_sad 21,https://play-lh.googleusercontent.com/a-/ALV-UjWQ7qyjdxBMSprq-m2WNj9YKpJNLwyowqW-hBQFpOTXHWcQ1sON,good,5,0,,2025-08-11 19:50:42,,,
6d256af9-c843-47d5-ac68-a0007976845e,Aklilu Admasu,https://play-lh.googleusercontent.com/a/ACg8ocKGW6E0kufDzo_GJIx05Hwu_R-0rWcvD5JyxxWUexd11yiupQ=mo,I have a great experience,5,0,1.0.9,2025-08-11 16:20:41,,,1.0.9
37363722-0461-4ef1-84ce-ccacd4c3adca,Manisa,https://play-lh.googleusercontent.com/a/ACg8ocLh90VlrwT9zUexc5omLA2AjvrRBUNu3VTs4F3fbFGZktxMJg=mo,best app,5,0,1.1.0,2025-08-11 16:18:33,,,1.1.0
b34e23da-9579-4d87-a051-7eba31b0db19,Tekle Madana,https://play-lh.googleusercontent.com/a-/ALV-UjVItsdWdKPB1ZIEFRZmgZv787gaA9_JSoBYXuRNbGD2RP29_Qt4,the Best app,5,0,,2025-08-11 07:38:44,,,
b32b5759-9dd3-416d-9bfa-600f84736117,Bilal Husen,https://play-lh.googleusercontent.com/a/ACg8ocKQbXLeaibY3e2Xih72_nh4Cwa_Z6vqHY-Uvtd4knxeB0_QH90=mo,power full 💪,5,0,1.1.0,2025-08-10 12:15:13,,,1.1.0
5c95a578-6000-49d9-973d-22721dba47dd,Begizew Zerihun,https://play-lh.googleusercontent.com/a-/ALV-UjXsP2HBUwBXm7BlZjv386l9F5_UzP1sTQi66qw8V3fMIHpeC4Y,it is not flexible,1,1,1.1.0,2025-08-09 15:39:33,,,1.1.0
fcf9af83-8a5c-4f6f-a625-8e84a11e3e64,Almaz Efrem,https://play-lh.googleusercontent.com/a/ACg8ocII7hIh-KV0RXNy5rFbCutym6hNJfmlURjxORpv5JtKgthchg=mo,good,5,0,,2025-08-09 11:01:40,,,
ecbdda42-0066-4157-9c2b-724029e05a0b,Tsegaye Solomon,https://play-lh.googleusercontent.com/a/ACg8ocILoFI50eIKyEPrejzfzOkO7DDi71ZC-gIwFj8jqmsXla7bwA=mo,👍,5,0,1.0.9,2025-08-07 10:56:00,,,1.0.9
e3ecbd98-7094-4a8a-b6b1-0a9a58c69e3f,Abdulkarim Abdala,https://play-lh.googleusercontent.com/a-/ALV-UjUWOtH4vUGCd0AeD8F34CwKaZQ_1bBZwPNeN1Z3WE_Osn0kUKrR,fast,5,0,1.1.0,2025-08-06 22:24:00,,,1.1.0
60209a8b-bbb8-426d-a43c-c3d94df4fa83,Anmut Lingerew,https://play-lh.googleusercontent.com/a/ACg8ocIWVcSgceRd7dmngDoVCZFPN3LM7JBtFI72U6OzKNHUUvJOJg=mo,"the app says in my is note anymore compatible,please make the app for all divse",2,1,1.0.9,2025-08-03 15:08:54,,,1.0.9
75c5fdcb-6e4c-4ab5-9b33-5a2654e038cf,ebisa KORISHA,https://play-lh.googleusercontent.com/a-/ALV-UjXVBAH0MLZ17BKihpYIL3UJX4Ehv2zBswlBTVyLr6GqCr2aejE3,excellent application,5,0,1.0.9,2025-08-03 10:58:55,,,1.0.9
20d02d70-9850-4586-941d-68b4c96e613f,Abraham Mebrie,https://play-lh.googleusercontent.com/a/ACg8ocIq-QAfgAaPGB1cUmZljD_zg3npC2bCxiNzUc0mbiAYGlBobw=mo,very supportive and eazy to use,5,0,,2025-08-02 14:46:52,,,
3a8d9378-1fcc-4b7c-948b-0aa9de9e6c8d,kaku Nabiyu,https://play-lh.googleusercontent.com/a-/ALV-UjXl5TJcicjtuHdLpaduy8WsXQnwnxGhROf8wDP-FOozKqr2CXvb,🥳🤩,5,0,1.0.0,2025-08-01 22:03:04,,,1.0.0
d2a48b00-dea5-4f5e-9a2e-dad241bf9bfd,hachalu adaba,https://play-lh.googleusercontent.com/a-/ALV-UjXWQAXXFiwI7inSU9USJHqGIDmxD_MlvL_U47w89cTcrqkZv5Y,"Tajaajilli Baankiinbkun kennu KEESSATTI gaheen AwashBirr pro App Kun GARMALEE guddaadha. App Kun itti fayyadamuuf salphaa, Afaanota gara garaatiin hojjechuu fi neetwoorkii salphaa keessatti hojjechuu danda'uu isaa dabalata.",5,0,1.1.0,2025-08-01 10:01:43,,,1.1.0
30798ced-36ec-425a-acdd-b809048b0258,GENENE,https://play-lh.googleusercontent.com/a-/ALV-UjV1c7pH3zYxwRJdgjBZmIOJq2oHRsI3wSBpzwO95RrSMbP6TkbV,interesting apps,5,0,1.0.9,2025-08-01 09:20:33,,,1.0.9
b2b00705-3096-437c-bf85-d83c4767da9a,Tadesse Fikre,https://play-lh.googleusercontent.com/a-/ALV-UjXMDHlTlKlS4s1BnwpAiNr4I8cpLNprYRd7VvsgUgmpqAWD-LnMnw,at all not worK properly !!!,5,0,1.1.0,2025-08-01 08:59:58,,,1.1.0
e820683f-beb2-4cd7-9175-200d6490d5f0,Abdurazak Rashad,https://play-lh.googleusercontent.com/a-/ALV-UjX7Uv6rP0Eak25ojzEGGDm2ekXqRiyYJnRaz05-AsypuR5Aq8c,Oro koo,5,0,1.1.0,2025-08-01 00:36:55,,,1.1.0
a081220d-d45b-498b-b8b8-1d982ea320ac,Gamachu Tsegaye,https://play-lh.googleusercontent.com/a-/ALV-UjX8Tp-0-wmTJzmeVr6PyE7hzW9plklUdYYX0r0DPro2uUZveL82,This app is very useful and I am enjoying and delighted with it,5,5,1.1.0,2025-07-31 11:58:59,,,1.1.0
cd9e8de8-7a19-4b87-aea0-e470894374b9,Gemechu Tesfaye,https://play-lh.googleusercontent.com/a/ACg8ocLFDvFM6Z8MMUsxj3IU6AiEJuTZFso-0pke0g68K1V9N8-ygw=mo,the best bank,5,0,1.1.0,2025-07-30 08:40:55,,,1.1.0
9b3c77e0-d40d-4bc6-8a1f-156764937f87,Roza Alem,https://play-lh.googleusercontent.com/a-/ALV-UjXKvnlnjOxV87Z3plNQhNdMSTsdJEGkvnLWTa7VzfJF3Pjgvr0,good app,5,0,,2025-07-29 21:23:58,,,
8c7cee76-d674-4d08-b092-6faae814a623,Yared Gashaw,https://play-lh.googleusercontent.com/a/ACg8ocKQH_Z0QpmXgz0LdSt5cl7-jcuVBaoaKdA5Ii3vnYR74q8oAg=mo,very good,5,0,1.0.9,2025-07-29 11:31:56,,,1.0.9
089ce370-25ad-435e-9b7d-073564fdab98,Eyob,https://play-lh.googleusercontent.com/a/ACg8ocIX_3F0jyWgTTkBH3s1nbo0c9pJgwp0O5lR4c01xVrX2c4zXw=mo,"I couldn't update... the ""enable"" option doesn't even respond.",1,2,1.0.9,2025-07-28 19:02:31,,,1.0.9
09dc0600-45a8-43f9-9421-727abdd2e9af,Jewabulah delilo,https://play-lh.googleusercontent.com/a/ACg8ocLQeJcZ5qJP72HkEpYwTXLiw2PyieUq37aEelAS_mgH7UzdqA=mo,good,5,0,1.1.0,2025-07-28 12:30:19,,,1.1.0
b0fcd2a6-c1cc-4fe2-ad6c-168ec8714da7,Dibora Tamasgen,https://play-lh.googleusercontent.com/a-/ALV-UjXFinx1ZikE4x0z5hJldKaSYIgJzReBjvvyFhELYPI1csbwBv3O,wow,5,0,,2025-07-27 20:36:20,,,
6c028b8d-a01e-4755-9887-b7bac0e58402,Ismail Kedir,https://play-lh.googleusercontent.com/a-/ALV-UjUfaE7F1pZfTUKVQ7o9IidaVyIyekJ2VUj-0UtW4Fjd2Jmdixga,MashaALLAH it's an Excellent App.,5,0,,2025-07-27 17:40:09,,,
da184d89-87fd-460f-bdd3-62c2b183602b,Selamawit Abush,https://play-lh.googleusercontent.com/a-/ALV-UjXr5oNrmj0s5zC10AcnMmk4Qom2uUeRoYzpH1AzQHT3-3P0yyU,Good application,5,0,1.1.0,2025-07-27 09:11:59,,,1.1.0
5c2b2e61-c9d4-404c-bde3-71a3e7b1b873,tfk hmd,https://play-lh.googleusercontent.com/a-/ALV-UjXyMkN91GyZkOZT41Ksg7x4Ek95etyhk04sBjyFiHCr2Xl2DUhN,v. good,4,0,1.0.7,2025-07-27 06:16:01,,,1.0.7
00d1d4b9-1015-451c-af30-61029e053961,Abdu Hussen,https://play-lh.googleusercontent.com/a/ACg8ocLGrQOoLsjJVIw3QVOK853MF-H2i-IjAyhHJIEcVxzL12JuKw=mo,better it,4,0,,2025-07-26 15:49:38,,,
8dc2503b-f093-421f-ba57-4684490e54e3,Yitbarek,https://play-lh.googleusercontent.com/a/ACg8ocJy1Pq8PIpLxxPpFLMM9I5knwaegL7D0HTuqHqIdIGuFticAVY=mo,not safe to use but good and fast to transfer,1,6,1.1.0,2025-07-26 14:44:35,,,1.1.0
9e2c713d-dece-4b66-9b93-43914447ee8b,Ebrahim Seid,https://play-lh.googleusercontent.com/a/ACg8ocKXE_7cLVMTJgUq_ls0u6Mg05EwTMgd_wa0ljFLfGZzck_erXo=mo,I realy like the app it so simple and user friendly,5,5,1.1.0,2025-07-26 12:02:34,,,1.1.0
aca61021-c004-4216-9e78-7ef978350d0c,sientayhu haile,https://play-lh.googleusercontent.com/a-/ALV-UjUj9wWZDoUa-XTo3OrvD0vcOaIlp90b22zoLNnQhkdd7UB2Kh8m,waw🇪🇹🙏🙏🙏👍👍👍🥰🥰🥰,5,0,1.1.0,2025-07-26 12:02:15,,,1.1.0
8bde93d8-9ddd-4fc4-9295-5b78df0dcd49,Nejat Abdulsemed,https://play-lh.googleusercontent.com/a/ACg8ocJ87i1Vpy1eEvz-R70JTvZJSJ8M2pj1IHph4PVxk8yhUu2kWA=mo,it's easy and available to use,5,1,1.0.9,2025-07-26 09:47:11,,,1.0.9
1cf9ff66-997a-4246-8d42-01f2ab23764f,Mekbeb Girma,https://play-lh.googleusercontent.com/a-/ALV-UjVdYqeHBsnCbw-dk0xuDnH1CiZjjQ_LduPSl1KBSXQaYIohjtfo,good job,5,0,,2025-07-25 23:24:53,,,
a4fce3fa-54d0-4a4a-97f4-5d76d268c554,Bedru Nesro,https://play-lh.googleusercontent.com/a-/ALV-UjWNxDCEyQVqnHNx3gndkO7Dw6qveceCFPQrht6G7skpc9ybO0hD5w,BEST BANK IN ETHIOPIA,5,0,1.0.9,2025-07-25 18:01:50,,,1.0.9
1998d3b8-61fc-4219-97fd-d3def4d4419b,Gebru Kibebu,https://play-lh.googleusercontent.com/a-/ALV-UjXoLwCIn6APKuFyRzlQwak2q5ThszJW6BVMas6JZo8xocrd1euz,excellent,5,0,1.0.9,2025-07-24 20:13:32,,,1.0.9
e126d880-ebb3-4013-ad52-28c1e2eee9fe,Tofik,https://play-lh.googleusercontent.com/a/ACg8ocJakRtXyDHVjzpdrnTJJ-TygrLT5M1WxAsj3o_xn5hGWkjAQg=mo,this app is greet,4,0,,2025-07-24 03:39:13,,,
5ce5d2a8-a13c-4508-b13c-f1a6d6290920,Samson Debela,https://play-lh.googleusercontent.com/a-/ALV-UjVIl7BIzE0NLyKZaooC83tITa9Vm-VuNaEnrd8cJenQK7ndtmE,Very attractive and functional app,5,0,,2025-07-23 10:49:48,,,
2793f9fe-438f-4053-beda-c32103a697df,Baharu Baharu baharu,https://play-lh.googleusercontent.com/a/ACg8ocLc_R6BK4XURVE3RC8wVS-V4vt4DWKJH81wqPNwsqeljkKU4Q=mo,what is the reason can not run with Android brigage,1,2,1.1.0,2025-07-23 08:46:10,,,1.1.0
b83a6d70-e8e6-4ca7-8679-e51f02f8df63,Adugna Ayele,https://play-lh.googleusercontent.com/a-/ALV-UjWK2TwBDIfKY1hjdw3jdjW-1F83YQI6I0YV6iBK5S_GWiGadsA,best,5,0,1.0.9,2025-07-22 21:46:23,,,1.0.9
f559c0c0-d368-4eba-a2d5-9290d39cecaf,Tamirat Girma,https://play-lh.googleusercontent.com/a-/ALV-UjV5SaW5Dg-7TuD4Q6uMHM9aXMC4ZSKOAphMY73VgOmgAuuuW8k,interesting app,5,0,1.0.9,2025-07-22 19:56:28,,,1.0.9
9e621c32-3030-4379-96dd-25eaf413cee5,MUHAMMED AHMED,https://play-lh.googleusercontent.com/a/ACg8ocKp0jv46Hy6KBSUeQNb4SgplARbAWy5GXaSGpkWaKAX10c7ug=mo,I can 't update/enable the app,2,0,1.0.9,2025-07-22 16:48:35,,,1.0.9
7b6f2ecd-cc57-4879-8add-b4ddc13e52a3,Abebe Lema,https://play-lh.googleusercontent.com/a/ACg8ocKO-2PrzYezROff2KCwVcxXBH7EyixjE5a1tEY56F5P5yGG5g=mo,its good,5,0,,2025-07-22 14:43:59,,,
0b18283c-f714-40ad-bd26-b5df551f1ed1,Jemal33 Yahyaa,https://play-lh.googleusercontent.com/a-/ALV-UjVxMujtYTpqgSAmblpK8osWbH-eglfepGcBTwY2tnyLF8zcPA,best,5,0,,2025-07-22 12:17:06,,,
084dba18-46aa-4b23-83f9-8e12ba943ebf,Akesa Negasa,https://play-lh.googleusercontent.com/a-/ALV-UjXXMTO5X1yJ1xb1o_YFInlUNazCpeuJ9otZBq7BtLtOOguzIQOd,perfect!,5,0,1.1.0,2025-07-22 11:16:27,,,1.1.0
07f90b44-3d8e-45cd-aae3-616b2e2e257a,Em Manuel,https://play-lh.googleusercontent.com/a-/ALV-UjVpA5tereD-EaFH_LhjeKQM7ULXZSU1bjwZ0rjs4DvFAlFIi8s,its interesting,5,0,1.0.9,2025-07-21 20:47:59,,,1.0.9
6cbe7e22-84b2-4bd6-a0bc-3b63dcd3a6bc,Adbaru Getachew,https://play-lh.googleusercontent.com/a-/ALV-UjU0vHTwSNxmBhUVYd6Qcs1N7uINnpurOZXClXaRavlzEqB8TwW1,the best mobile banking app ever made in Ethiopia,5,1,1.1.0,2025-07-21 11:48:34,,,1.1.0
052f175d-e040-44a3-a839-fab34c67ad29,Tadalech Eshetu,https://play-lh.googleusercontent.com/a/ACg8ocK6VlNE635d9ZMyPgzCqwQ6lAIhM4AyRxVy-DZO_pU9BBgw=mo,"fast, easy to access",5,0,1.0.9,2025-07-21 10:02:26,,,1.0.9
a955963b-5bbb-4d18-a39f-82bb36757ed3,melkamu bekele,https://play-lh.googleusercontent.com/a/ACg8ocKJBEcrqaJTx5O2ibhcm2SCAwf-Mrxv7W3xmZtCy8IkWNCNrA=mo,"Very good and easily access,secure ,good privacy APP",5,104,1.1.0,2025-07-20 20:22:40,,,1.1.0
279c8158-17a9-4b0c-9846-39b0f5b3a146,Teddy Etline,https://play-lh.googleusercontent.com/a/ACg8ocJ3enHl6G1maz1QqqW_HnTT2bxByJicy4IUDoEHmZqFe_m8gw=mo,"I am a developer an am having a lock out while am using USB debug , I have to turn it off and on simultaneously",3,4,,2025-07-20 11:31:20,,,
c82ca930-d125-4f9b-b30e-73e73bd4788c,Tinsae Kasu,https://play-lh.googleusercontent.com/a/ACg8ocJa-Yt9U7fxsXR0G-YG_kE9KdSo6J6yVAmMR1WXLR_B6mJSow=mo,"The best banking app! Fast, secure, and super convenient.",5,3,,2025-07-20 11:21:53,,,
6d0106d4-5aa6-4f27-947a-8a2f87418b33,Saba,https://play-lh.googleusercontent.com/a-/ALV-UjXNZh1IwkYcuOOkJ2UOiLuO64Bc1QMh5lmtdaCV1SsH1lQbq7U,"Recent update (1.1.0) made the app so smooth. Great job. as a tip, the fingerprint should show up by itself, and in the bill section, I wish you provided more detailed usage information. but that's just me nitpicking.",5,265,1.0.9,2025-07-20 09:10:41,,,1.0.9
46a7f265-82ae-4f63-80b3-b7286dad9a31,harvest is coming,https://play-lh.googleusercontent.com/a-/ALV-UjVrwxvFJig7qUMLox9uC1LnkITpXQAe_SdbzjpX4q3RTn-BQNg,good app thanks,4,0,1.0.9,2025-07-20 08:06:44,,,1.0.9
a2425ab3-49e1-42a8-9cbc-7af6568fddef,Aster Tadesse,https://play-lh.googleusercontent.com/a/ACg8ocJxc5EBzTnPyYYL1KH_AIuzy1js-PshoE4pUvwWGlXRUlYYpA=mo,All ways my best choose,5,0,,2025-07-19 21:38:45,,,
23bd00f2-1c71-4e40-ab92-48e1b8c8a485,Abdisalad Ahad,https://play-lh.googleusercontent.com/a/ACg8ocL1BXX5ek7R7UzrFM7exQVo-PBNxVB_Fa2xUeuJcJjnqNiiHA=mo,very good app for my side.,5,0,1.0.9,2025-07-19 20:27:54,,,1.0.9
cea13ad4-3545-4430-b9ab-3149d5932351,Abdisa Fite,https://play-lh.googleusercontent.com/a-/ALV-UjUJ4D7AD5Mf8ncaUUS7drUft5HEU4RG8K9namQT-IqIT1FMLl8,I have the user of awashbirr pro.,5,1,1.1.0,2025-07-19 18:45:41,,,1.1.0
e323c3b6-5309-4a49-8c4d-9a0daa3a395b,yohannes Afework,https://play-lh.googleusercontent.com/a-/ALV-UjVzAATRGzAJzDn_EHFM2TIJ5wcqmwxfK1Q1DZsopF07pQbn2__3,effective and clean,4,0,1.0.9,2025-07-19 14:13:43,,,1.0.9
e6de3516-fdc5-4bfa-bd4a-fc44506785a7,Dawit Kebede,https://play-lh.googleusercontent.com/a/ACg8ocK0k92BkMDnwDi2CQw1dvMPWdEudqzvVeIQo7KgTuoaQTC0SQ=mo,Good journey!,5,0,,2025-07-19 13:15:55,,,
5a0a05e0-7a50-4f42-bc39-9a1a6decfcad,Mesay Kebru,https://play-lh.googleusercontent.com/a-/ALV-UjWd9ROFm38bj3QrDDIoTuo2TliIqJ1IxcWcucdmaz1xy4Nze50,good,5,0,1.0.9,2025-07-19 13:13:36,,,1.0.9
57106647-17a1-4262-a1e8-71b3395dc207,Ayenew Mitku,https://play-lh.googleusercontent.com/a-/ALV-UjWMxPpzaMgYk-cuRMz6acHPm-0NJX63GFo2sy3i_e3uan3U--A,አጀጀከ,5,0,,2025-07-19 11:57:21,,,
72bc8948-996b-4dd8-bf2b-fe9fb49dcfe7,Mame Nasir,https://play-lh.googleusercontent.com/a/ACg8ocI4DQuXzI_lxrwMD3lKM4qky9h5SPme_aPSMPvEM8Jq3XPD8w=mo,very good Ap,5,0,1.0.9,2025-07-18 18:08:04,,,1.0.9
c7fd3b99-07dd-4149-a8cc-c7849104928d,Bibi Adane,https://play-lh.googleusercontent.com/a-/ALV-UjWeDSlk1b5i_MnH72HF71x2KGmg01j6mYjngb9_0ByNnUWEedk,Good app,1,1,1.0.9,2025-07-18 17:57:38,,,1.0.9
74c6fa1e-2bfc-4cd2-99e8-b98bce3d4797,Eyerusalem Daniel,https://play-lh.googleusercontent.com/a-/ALV-UjXsDmgYPqaP4UzDAs5tqxJRZuJI6BCDyGSCNQLtu8LJ6gHD9rGq,Good,5,0,1.0.9,2025-07-18 17:44:21,,,1.0.9
f61d390e-c36e-4575-8bae-8d5b7befd9fe,Lina Emebet,https://play-lh.googleusercontent.com/a-/ALV-UjWBvZwYVVNcS11Hx-lmgSHChW5IWtc0-SxLTc6hrWRhSLV_E3SC,you are first number one am happy for service thank you,5,1,1.1.0,2025-07-18 17:24:33,,,1.1.0
de3605f6-3a81-456c-9ca6-e43ac7723f22,Amiro Creation,https://play-lh.googleusercontent.com/a/ACg8ocIBX1_PxZKsoTIm6FK6MfaB7U6bVeykCkRtWTHDLE-0elDvsno=mo,is better system,5,0,,2025-07-18 16:50:29,,,
e4cfc85e-49ce-47f6-9a04-e877aca1acb2,عبير نور صالح,https://play-lh.googleusercontent.com/a/ACg8ocLj6UE1bdf0NEG96v2FHS6dRCW9jt8xZ0TN2Xr4zbYMAOZokwo=mo,this app is very important,5,1,1.1.0,2025-07-18 16:48:48,,,1.1.0
98bb7a05-7d13-4503-a918-5311c7b7d8f7,Edris Ahmed,https://play-lh.googleusercontent.com/a/ACg8ocJDQ7O9F2Dkd6zJXrHKJfIg5V612Yl_C3nuERTYa1oIw0NCufA=mo,Every transactions in one place,5,0,1.0.9,2025-07-18 16:37:47,,,1.0.9
7fae7c18-909a-4c23-9415-b6590c59dc62,Bonsa Kusa,https://play-lh.googleusercontent.com/a/ACg8ocLjTjj8e_lIH_8Fd_g4WKpsoSxwTQAxeeHrAucWIbsaXKnQ2w=mo,excellence,5,0,1.0.9,2025-07-18 15:07:48,,,1.0.9
6d0fc460-aba5-4e2a-8786-19902fe4ce37,Moges Nigusie,https://play-lh.googleusercontent.com/a-/ALV-UjV32B2OPFgrPxlAaiW6_-73gFEtmV6-rCPFUsswdSU38KgDtj0,በጣም አሪፍ ነው,4,0,1.0.9,2025-07-18 13:57:25,,,1.0.9
28c79c3c-736f-4ff9-a600-3a26df4bf590,Negussie Biru,https://play-lh.googleusercontent.com/a/ACg8ocJPMXbWyg53aNUE22AVN6V803U__vZoDQnPE6ca16KiIJquUA=mo,It's every good,5,0,,2025-07-18 12:51:55,,,
36f79061-6929-4dd4-9496-39aba6da24f6,Maren Fish,https://play-lh.googleusercontent.com/a-/ALV-UjXpV7iLhA8mvwegHfRCt8xXE6ZOPKL088rq-2sluuJ2FFVgbGot,nice,4,0,1.0.9,2025-07-17 23:26:22,,,1.0.9
81e2ccd5-9786-4af0-946a-c8118c049c5e,TAMIRAT EJIGU,https://play-lh.googleusercontent.com/a-/ALV-UjUOkykdlPRweqWmMUJr53gTQsIcV_-91ixP9LSy8JL-ETXyjEm0,Its good but after withdrew my saving account.. to transfer it charge 60 Birr,5,2,1.0.9,2025-07-17 19:38:56,,,1.0.9
08c824f8-7aef-4f02-9294-52102046e9ef,Sosina Gebreye,https://play-lh.googleusercontent.com/a-/ALV-UjU1PBoiNNaPFGcgnNnjNstyw1NOg3FUgVN38JmCQ6uUPOqU4BA,Good,5,0,,2025-07-17 18:54:05,,,
131f8bb4-e684-4c83-9b63-845de6357714,Abrham Kedir,https://play-lh.googleusercontent.com/a/ACg8ocKXUkkT1hbvttaY9-5Gw62k1JyQkmfYxgoayQ6jwwnYOOoRVw=mo,በጣም ጥሩ ነው አዋሽ ባንክ አንደኛ,5,0,1.0.9,2025-07-17 17:09:29,,,1.0.9
7637159c-845f-4ac1-9937-2698fc77cd2f,Gemechu Roba,https://play-lh.googleusercontent.com/a/ACg8ocKRuQB6kUci-C3uNi7PT3pRcRX2mNgTzKTzEj-J9ys-S1pUV7E=mo,Best Bank my first choice,1,0,1.0.9,2025-07-17 16:45:18,,,1.0.9
670012e6-c528-41a9-9414-6d460290efc1,Arc Property,https://play-lh.googleusercontent.com/a-/ALV-UjWiEE1uGGAe7d-qYRUaPDmwfgvb4DtB2d0bnKKYa3OZ5l_kDDI,Excellent app and functioning,5,0,,2025-07-17 16:16:26,,,
0e6fce25-294a-4870-8ae5-d27e762a0917,Gatluak jock Chol,https://play-lh.googleusercontent.com/a-/ALV-UjXV7RqGpzkoN_8faJ2Mg1fXpMOyACLDRTGGlJzJzGnAp_-XQJir,it's very fast and incredible,5,1,1.0.9,2025-07-17 14:19:13,,,1.0.9
ce302666-ddf0-4a02-a1e6-d27e9eeb78cd,Amir Mohammed,https://play-lh.googleusercontent.com/a-/ALV-UjXxayEATumSBBohNP_THVdt6vS_EGe0bGoo1_nGOCxDyS0_JqE,amazing,5,0,,2025-07-17 13:49:33,,,
47f3314f-1bcb-49a3-8743-3d8cc8a26b49,Biruk melsa Biruka,https://play-lh.googleusercontent.com/a/ACg8ocJKQlDUaH30M7LHIpazhnvEjQQl7w7wer5BP5qYr7E1Soqq8w=mo,good,5,0,1.0.9,2025-07-17 13:37:56,,,1.0.9
7e8f33e7-0399-43c4-b757-aee3438eaa9d,Wakjira Debala,https://play-lh.googleusercontent.com/a/ACg8ocKHC2oX7HSYAOc6p4So4e_aNMpB2etOjOCNl8WGWUIfXbDmBw=mo,best app,5,0,1.0.9,2025-07-17 13:33:05,,,1.0.9
cab805c4-cbba-43f3-b43e-22146d3bb0e9,Bidii Rialchar,https://play-lh.googleusercontent.com/a-/ALV-UjVd3Voat7FIkzg0Y_GObHLCr1vSfD3QeC29-fwRQ48DsXEQNrix,Exceptional bank 🏦🏧,5,0,1.0.9,2025-07-17 13:31:40,,,1.0.9
154117f8-c77a-4622-bbab-08b5fd06b4d5,Abdi Adugna,https://play-lh.googleusercontent.com/a-/ALV-UjXYRqi4eid4q1f2HQ8q8Mx01SxTBVnQG3CDeXmrxxRk-8vK0POo,easy to use it is user-friendly,5,7,1.1.0,2025-07-17 13:26:56,,,1.1.0
def58da1-1ccf-4163-b7bc-779e2af65400,Fanuel Endalew,https://play-lh.googleusercontent.com/a/ACg8ocIE8VcFk3g1ZXHQn_zHOA-44-DSf6K1igeqM-6qPoRClVcXGw=mo,excellent app,5,1,1.1.0,2025-07-17 13:06:50,,,1.1.0
a49dc3bd-d73e-4f53-9efe-bf90f56edbb4,Dawit Girma,https://play-lh.googleusercontent.com/a/ACg8ocLSQKdG3w1hHiSJfjezmtwopjcKhFAZXarL8nAJE3w7ZHdZnw=mo,Amazing app,5,0,1.0.9,2025-07-17 12:42:40,,,1.0.9
b61eb7e6-8693-4702-9b55-ad745557ce46,Amanuel Zeleke,https://play-lh.googleusercontent.com/a/ACg8ocKj2Fci7giTFZVufWwV20-SxjJWkxqtS41zz6UG5mIXuyBA9Q=mo,number 1,5,0,1.0.9,2025-07-17 12:19:22,,,1.0.9
9ae6dd2e-87f8-4b0f-bbdf-187270985f11,Hailay G/hiwet,https://play-lh.googleusercontent.com/a/ACg8ocKBsj5-4d_o7CNmf092RqwIm0PA5YsFygwTzgppzf5vtKKdxw=mo,thanks for your support with app,5,0,1.0.9,2025-07-17 11:24:57,,,1.0.9
bf94e495-19b7-4cfe-be19-37dc73544fff,Boni Nan,https://play-lh.googleusercontent.com/a-/ALV-UjXl__y3dUKekB_9f0hxerhYnPFjDv5GR7FxOnLzngVSarBkKx0,Nice,2,0,1.0.9,2025-07-17 10:47:49,,,1.0.9
c6f569f6-53da-4c00-87a1-92fa2ba10e6f,Wasihun Metadel,https://play-lh.googleusercontent.com/a-/ALV-UjWLMwh8iq4tDNJcvdg8JjQqw2Jb81r0YdWxKoX1vv9qRYlxdJv5,Excellent,4,1,1.1.0,2025-07-17 09:30:44,,,1.1.0
5cb3573e-88d8-40ee-8572-4d098aa19a32,Dawit G,https://play-lh.googleusercontent.com/a/ACg8ocLkpZ56FAeNPlWeFG-wAOlu17wtbktMxAIRC5gWvLcK9cZzKsQ=mo,Great app!,5,0,1.0.9,2025-07-17 09:08:59,,,1.0.9
4cb245a4-b440-45a8-adb6-c83bc8f84d6e,Urge Enat,https://play-lh.googleusercontent.com/a/ACg8ocJhCiTfR5RaZT9adQIRiYz2qU6_EMCtarQKAbVCZ-X1NpXN9A=mo,Not fast,1,0,1.0.9,2025-07-17 09:00:53,,,1.0.9
f4a8c786-0f09-42b1-9227-1df3e3e1250b,Yosef Mose,https://play-lh.googleusercontent.com/a-/ALV-UjUfoLY6ydU9_NE7zAxrs-lzdKhYBYhUB-6juoPrbrL6Sp97NxLm,nic,5,0,1.0.9,2025-07-17 08:58:03,,,1.0.9
59faf547-3f02-411a-a175-8a0b44632898,Sisay Bekele,https://play-lh.googleusercontent.com/a-/ALV-UjXEZbCqc_FHUZVOIeKKxvnCOZMwdhocDCBIGq6bmr-bcf7vbk4T,Where ever when ever .... Awash birr Pro,5,0,1.0.9,2025-07-17 08:22:03,,,1.0.9
d55d81c5-3248-4522-8902-528e4a7a58c7,Zion Withme,https://play-lh.googleusercontent.com/a-/ALV-UjWz3Ee9w_JgYTkV2ZciDWwiaB1ZTJGPECYm5qPIj1uN7O4tr9Pr,very ugly,5,0,1.0.9,2025-07-15 15:42:36,,,1.0.9
14ff74f9-5bf1-439c-9169-2d4e0b9fff9a,galana bahiru,https://play-lh.googleusercontent.com/a-/ALV-UjWRmDNNVLHdhcz4YkTzCLE3kzPoP6aC23pXYnVIDXuVF9n5JZQR,good app,5,0,1.0.9,2025-07-13 20:28:07,,,1.0.9
35d450c1-a1a7-4d8d-a8e1-37bbefadbc59,Michael Aklil,https://play-lh.googleusercontent.com/a-/ALV-UjXRgMqhmNNjeq1bIpQrVAMZ118b85Hmuh0CJ-cn9Jt4D6qCRL1j,prefer app,5,0,1.0.9,2025-07-10 10:17:01,,,1.0.9
57bc6222-2bb9-4f5a-bf83-8c90879d4e12,Markos Gobana,https://play-lh.googleusercontent.com/a-/ALV-UjVKzco6SYs1BBSAF6XDu38iqscrbh7_YPQO5cjIhAlPy9Z-irCX,This is the poorest app of the century. How come it selectively uses a device to function???,1,1,1.0.9,2025-07-09 03:00:10,,,1.0.9
653edf33-2d9c-4828-b0c7-c29af46d82a2,Frew Girma,https://play-lh.googleusercontent.com/a/ACg8ocKq1IeTrgVywekyLXBwiUD0A53OGAmuNVEt84Mf7xL_UBqZbQ=mo,it is a very good application if it is used.relibble and fast.,5,7,1.0.9,2025-07-08 20:51:45,,,1.0.9
556313d0-af3f-4240-ae0e-22687f163c63,kiru cad,https://play-lh.googleusercontent.com/a/ACg8ocLJ_Et6CSKKqvuKZwpHY-iKijKb-7uj0ex6NJyJRrbBq-3R_Q=mo,They are Stingy to their customers.,1,0,1.0.9,2025-07-07 15:04:44,,,1.0.9
53db87b9-8477-4397-b9af-43e15fd79f71,Husen Hasen,https://play-lh.googleusercontent.com/a-/ALV-UjXuFL-mFJ72A08nMYwHwCo_sKmybVh_-g7gtMTkwe-Pp-C6W3A,مقبول جدا ضعيف,1,1,1.0.9,2025-07-07 08:00:51,,,1.0.9
94148bb0-77f1-475c-af3a-f1be1ead87ce,Mulatu Hailu,https://play-lh.googleusercontent.com/a/ACg8ocLSrcr-eqecJVDoPA___Xgz_y8-2cQq2CPnYnGGTpb0s7tI3g=mo,best apps,5,0,,2025-07-06 11:26:45,,,
ec7a5bf5-4d67-4bd8-a2bb-c7fae97386ca,Beketan G SH & M M plc DHL,https://play-lh.googleusercontent.com/a/ACg8ocLaU6Y0U13c5FYbEOhFgNRolj14K67H2tFRBNGrqFh3wkc9LQ=mo,Tajajilli kessan foyya'aadha.,5,0,1.0.9,2025-07-06 03:07:37,,,1.0.9
35624bbd-de35-4286-bc5a-52a88d816ce6,markos masresha,https://play-lh.googleusercontent.com/a-/ALV-UjWmA7k6IYaScI_9_gI1b1e_sequsfmr-qPaGLzEQ5zcRrcEhaw,it is nice app,5,0,1.0.9,2025-07-02 06:20:13,,,1.0.9
0146aebf-b7d3-48b6-84e8-d4eaaa941d4a,gutema regasa,https://play-lh.googleusercontent.com/a-/ALV-UjVKyOTfxKcokpeNNPZUQIv8sx09wpXZBE4XofktxYcP8kmKfAWD,This is the perfect banking app i was looking for in Ethiopia.,5,1,1.0.9,2025-07-01 21:31:35,,,1.0.9
6156f17c-d3ae-49fd-94f5-72fbe7cb50f0,Barich Uchuro,https://play-lh.googleusercontent.com/a/ACg8ocL6npcpzj-60JMjPa0A3Y8ycQDOevGj6BqgP9ino9q8ywOn9Fo=mo,working,4,0,1.0.9,2025-07-01 20:59:30,,,1.0.9
9f4ce331-90b3-4b20-8bd8-49d1f0c1bd45,biruk,https://play-lh.googleusercontent.com/a-/ALV-UjXPRIUdbW3IGxv4tXDQgqLW-r3rmkSDNJ12wATe-kstMzQK80hw,"good app, I loved",5,0,1.0.9,2025-06-30 13:37:51,,,1.0.9
b6961759-2b0f-4037-9bf9-094a8cc673ea,Tolera Mulugeta,https://play-lh.googleusercontent.com/a-/ALV-UjXf5iPTglYUtAw-QSTuTH2Zndw9yjO__tOUG5hd-Vo4luxe_fml,Best application. 👌,5,1,1.0.4,2025-06-25 22:05:38,,,1.0.4
df49f7b3-9d02-41df-9d03-67dad138cc1f,Absira Girma,https://play-lh.googleusercontent.com/a/ACg8ocIEBduBpry_15VK6YzXSVQoJUc5VK1eKqKZWd-Rb3LOdyELlA=mo,always at service,5,0,,2025-06-23 06:28:58,,,
3d1aa96e-30a9-4b01-a172-ba3b9c162490,Gezahegn Jibicho,https://play-lh.googleusercontent.com/a/ACg8ocLs-Qlx93xWYxDoCL7701IOz2bZc1D47JW5a23FxwSlBTNSkw=mo,Best app,5,0,,2025-06-22 16:49:10,,,
9a7af474-5870-4241-9571-2756a007d5b2,Habtsh Bogal Belayneh,https://play-lh.googleusercontent.com/a/ACg8ocITn26ni8dhoQ-sTyRf08OA63Ep49hd7scxaYU1APQuRlGK6Q=mo,Nice,5,0,,2025-06-21 17:42:54,,,
123604e6-3de4-40ee-bf15-b0737410eef5,Zed james,https://play-lh.googleusercontent.com/a-/ALV-UjWaormpMl7iqYVkZWXmYtXcq958ebpNMT1C5ipIVzv5EaoEG2PA,Fast and Awesome,5,1,1.0.9,2025-06-21 10:48:43,,,1.0.9
65453421-fa9e-4d3a-a8c7-d49a2433c995,Matusal Wada,https://play-lh.googleusercontent.com/a/ACg8ocJ23tC_RaHJYgcI1wWrRIluLsR-RXSUbG8ccoUQ2XSosVloJw=mo,😲woow,5,1,1.0.9,2025-06-21 10:48:06,,,1.0.9
8b536ae2-963b-457f-9104-f78bfa56cb5d,abinet,https://play-lh.googleusercontent.com/a-/ALV-UjX_kdcbF9TFI_BVW4pZ74mbfLlfmesDIzdZ9kn8IhaqbiVFcJI,excellent,5,0,,2025-06-21 09:20:20,,,
15dfa59a-b98c-4f7b-8e38-ee38af8feaea,Usman Abdela Idris,https://play-lh.googleusercontent.com/a-/ALV-UjXbbfCj24sithPewyFDH6_nfXbr7ULcz8gGk989b2YfD9h5dajc,👍,3,2,1.0.9,2025-06-20 23:55:47,,,1.0.9
19bf7f27-8693-4888-ad38-26efb9e1c5fe,RAMADAN MAHAMMAD,https://play-lh.googleusercontent.com/a-/ALV-UjX_cNSzKOiZoNSwqNvzfcMosVcWnUnHpoPMTm0aYRQuVF-4Zvw,very good app,5,0,,2025-06-20 23:41:10,,,
60b1966e-80bb-4d5a-9582-8f1310817a20,destaalem tedros,https://play-lh.googleusercontent.com/a-/ALV-UjXFUIQefgDw5iMxRq3G05Gy_J25iVzXU35gG0WM0v5gZfn1q_3p,best app,5,1,1.0.9,2025-06-20 21:32:11,,,1.0.9
bbf633c1-5097-4512-86d4-572a761bdcc0,Yemane Tesegahun,https://play-lh.googleusercontent.com/a/ACg8ocLgCmZOEFuyxPesBn23UJThuyPuaeOB_GMRL2ZTiyu7RlnlLQ=mo,interesting,4,1,1.0.9,2025-06-18 16:00:09,,,1.0.9
065f0791-99bd-439c-8b92-72c0d4c907b7,Sahile Gizaw,https://play-lh.googleusercontent.com/a/ACg8ocLmE7RFIPf1IpF8tCdMIM6BMOSYMbV2N12lhqde3ehKvryj-A=mo,Nurturing lik the river!!,5,0,,2025-06-17 08:05:12,,,
60b16f90-ee5e-4462-a39e-c1302954e6d9,Mussan Mustefa,https://play-lh.googleusercontent.com/a/ACg8ocI4LThiFZmvsqHvKZX9oA5SpVyGcyJRWOIaHfkFmO9uQKk_Ow=mo,good,5,1,1.0.9,2025-06-16 16:24:28,,,1.0.9
e233256c-8092-4cbc-af87-343b7d4816f6,Azhad hyredin,https://play-lh.googleusercontent.com/a-/ALV-UjUYga2CYhpqvKTVDXgjnZOKDDuJHc7S9828wJ-25GSiHy9dQ8H9,so good very much,5,1,1.0.9,2025-06-10 23:59:44,,,1.0.9
e1be6dbd-16d7-4684-8ef6-9583a2be81ed,Sebsibe Sheb,https://play-lh.googleusercontent.com/a-/ALV-UjX1DjpQh8tpaS_eTcMk4C32gyTFibVxsK2jix1VVkpp0hpw7PM,amazing 😍,3,1,1.0.9,2025-06-06 20:26:54,,,1.0.9
e539dc8b-7912-4631-9c96-da9bf5a83812,Weldesenbet Terefe,https://play-lh.googleusercontent.com/a-/ALV-UjXcz4relTYm6D4n9zhKspOZdt-j76ma-77cul7CcO4uyKQrbfg,convinent,1,0,,2025-06-05 13:54:21,,,
bba1ce4e-3d43-477a-9e40-6355f12e21a6,አፄ በጉልበቱ,https://play-lh.googleusercontent.com/a-/ALV-UjUm94zw4yq5gswPqjrnJTDvxfIGBLvtKm7FZmmbecW6fzooDlu1,best mobile banking app,4,1,1.0.9,2025-06-05 08:43:54,,,1.0.9
038d0ce3-79f9-4575-a7f3-0367b6fb5afd,nardi berhanu,https://play-lh.googleusercontent.com/a-/ALV-UjVEd2NQD2yKvXtYuJjax4Xs3CvDquBysYlB7HgWGSO7iinoPw6R,😊,5,1,1.0.9,2025-06-05 07:23:06,,,1.0.9
9c0a695f-a2fe-4960-8246-468de41eefa5,Lemmii Negaa,https://play-lh.googleusercontent.com/a-/ALV-UjV0aJVy6BM84irQlhEVjWGuijOboJDvky4A9I2G-eqrwgLdcHA,It's so amazing app,1,1,1.0.9,2025-06-03 13:05:50,,,1.0.9
2359fa45-fa3b-4fb7-abe5-adc11634397e,HENOK ESHETU,https://play-lh.googleusercontent.com/a-/ALV-UjU8WghUyegYJjwwzYJk4x0CKLWU5sM0G5h_PSGs4FcU9krJP_PT,It's well for all activities but have some bad features,4,5,1.0.9,2025-06-02 19:48:12,,,1.0.9
e2b211ae-6dc3-4eab-a356-d2363d1300ad,kemal kedir,https://play-lh.googleusercontent.com/a-/ALV-UjWPQbm37GKfuUkMm3oXe4MAahzjQemkV3FpJs3gtg6tD4l_1fVFxA,I love it,5,1,1.0.9,2025-06-01 15:49:59,,,1.0.9
555b0119-54f0-4e35-8da0-fa3d5ed236de,Abdi Aman,https://play-lh.googleusercontent.com/a/ACg8ocKfs8f6qLoQ0LdjJCUUHCS3AXs1u6UNZaoBk-03ZsI1IyDTVQ=mo,its good to perform transaction,5,1,1.0.9,2025-06-01 05:35:38,,,1.0.9
e2b383b8-7a76-4380-b1df-c3b722fed8d6,Alehegne Ayana,https://play-lh.googleusercontent.com/a/ACg8ocIIy6R9pekqQDc7TvTsczcZg6SnZpbW3cDOdQZ2Q9bSW1vkGgCn=mo,good,5,1,1.0.9,2025-05-31 10:48:36,,,1.0.9
a0936e2d-608e-4164-a1e1-0de3b4a59eef,Abdurezak Negashe,https://play-lh.googleusercontent.com/a-/ALV-UjXmrTa_RUbwbOiuEuypfy-X-Ohq7fipqZ4egVpUg4qSqcl0P2k,Amazing,4,0,,2025-05-29 15:37:01,,,
936fa02f-1fa2-4eb7-a894-61422c64855a,shewaye hirpa,https://play-lh.googleusercontent.com/a/ACg8ocLJfJ0W44QbKm2QU0o6D2VYRfP-X4DwTRCEEL9ARzgM5kdL-Q=mo,excellent,5,0,1.0.9,2025-05-28 09:51:41,,,1.0.9
de6e1f33-8b5a-4356-97f7-e66b87e5e2df,Aveni Gilo,https://play-lh.googleusercontent.com/a/ACg8ocKD1H3foqdWOZ1Eak2MWuGXpXrpnEd3toqKQxZwJ-y36ltk_A=mo,"I dislike this new update. It doesn't open the app, but keep saying that you log in to another device.",1,7,1.0.9,2025-05-27 18:37:14,,,1.0.9
763629bf-eba4-474e-bad0-85324ea3fc64,Aaron Gebrehiwot,https://play-lh.googleusercontent.com/a/ACg8ocI-vWc1r_CZfJBW1iRWbXP092zQ3ADnLPbA9rQ0GX3Tb4BlkQ=mo,keeps saying I'm logged into another device when I'm sure I'm not.,1,1,1.0.9,2025-05-27 14:12:57,,,1.0.9
ef800e5c-3a69-4293-a61c-464b3b273a24,Alemayehu Tenkolu Heyi,https://play-lh.googleusercontent.com/a-/ALV-UjX10yxdVZAZKMVMBsezusGGFEgMspcFhdAMXhbGzdiv6XAg2lzc,"You the developers your development is going downward or what happened with you? After last year everything about the app is getting worse. Even if you can't update to a better version, why don't you leave as it is? I hated this version.",1,15,1.0.9,2025-05-25 06:13:40,,,1.0.9
3e08434a-9be3-4e15-8c41-a2c45076cacd,Thomas Fikadu,https://play-lh.googleusercontent.com/a-/ALV-UjX6k_xETBXEELMp_qNZShld0cY8kDiTEWhOwOuQ4_z3Fn3E_zs,Awash your bank and where you proudly being served.,5,0,1.0.9,2025-05-25 00:25:02,,,1.0.9
865694c9-16a6-4367-bc66-d8e9de0a4979,Ahmed Ahmedke,https://play-lh.googleusercontent.com/a/ACg8ocI4RnpMfEI-jVqnp71OXvqMIWWoceSur3ZQ77QOYqax-AK9Yg=mo,very nice app thanks Awash bank leading bank,5,4,1.0.9,2025-05-24 21:49:34,,,1.0.9
067bddae-175e-4db6-849b-3510f1017a04,Adisu Getachew,https://play-lh.googleusercontent.com/a-/ALV-UjVfgufEnFCJlJCM_5Ld3z6eIWl5aQnomupOkpwr97vtwDnRP84g,the best mobile banking in our nation,5,1,1.0.9,2025-05-23 21:42:38,,,1.0.9
737ded21-757b-4024-86ef-643e641d99fd,Abel Musse,https://play-lh.googleusercontent.com/a-/ALV-UjWFP9FRQ3AzLXIEw67bGhe98xL4rCwX_E3wZFs9f39GQqFRmPqihw,Not working well 22/05/2025 6:48 PM,1,0,1.0.9,2025-05-22 18:49:01,,,1.0.9
2cbf1ac4-73a3-4b5f-a6c2-a8d687e549ad,Alex Alazare,https://play-lh.googleusercontent.com/a/ACg8ocLs42fMBLi7E-wc7Jnk-ZCkAhbeyoIY722nRX38aavQ6h8qfA=mo,good,3,0,,2025-05-22 10:07:27,,,
710e6b17-0636-4639-aaf9-4ab9646d975c,mubarek detemo,https://play-lh.googleusercontent.com/a-/ALV-UjXhNRMjQeywR4ka0mZUYpuBL3cYyB_g6zozxfHtPb1_RPt38e0d,Good,5,0,1.0.9,2025-05-21 20:20:00,,,1.0.9
7ed537ca-4fdf-47e1-8e8b-913b3f7aa3f6,Esayas Girma,https://play-lh.googleusercontent.com/a-/ALV-UjWZ6x8pL5FkSPtvhigH651ZsTp3q8FKQA1RCvUk13MKct3yl2k,l apdate the app android bridge active,1,0,1.0.9,2025-05-21 17:58:25,,,1.0.9
c51e523a-3f48-4da8-bf55-48620b1fa6e2,Miki Abush,https://play-lh.googleusercontent.com/a/ACg8ocJVfYSH_Q2P1vhgBz9P8yjw4sJgiD2sNLPq9ymki4wQsW5FlQ=mo,wow,5,0,1.0.9,2025-05-21 14:44:23,,,1.0.9
2c1182fd-fbce-43b2-a5d0-2e412d90c4d2,YIHENEW YIRGA,https://play-lh.googleusercontent.com/a-/ALV-UjUcsZj74XUUfOwTpaArqT9zNRveIQMpWEgIY6Uz8EtUnSc3r3w,Awash #1,5,0,,2025-05-20 20:22:49,,,
61719c72-4bf5-4568-a6fa-adc3fd01436b,Feyisa Tesfaye,https://play-lh.googleusercontent.com/a-/ALV-UjXYSFz8t7JyPaFldtjifOyfTX3waSTMADrh7sKLUcSpbPrV65U,very good app,1,0,,2025-05-20 07:38:13,,,
8154c996-5e75-40aa-af2b-58b42974b2be,mulugeta sebsib,https://play-lh.googleusercontent.com/a/ACg8ocKJYo6oiKMfA1qkWXykYXHifjw3uKa_Ee6lSwj7NYCfXr1i2g=mo,ok,5,0,1.0.9,2025-05-19 13:24:22,,,1.0.9
c0e8c9d3-67ea-4004-a8e7-9d215bee0e20,Sofoniyas Abate,https://play-lh.googleusercontent.com/a-/ALV-UjXbdzJYM-n6tnbXL8I-8vH0L9dbf4ACZFdEXFNOQPsCnP_t7wA,"It's a very cool, all-inclusive app, but it's difficult to use with data. If we make a little adjustment to it, we can use it more in places where there is no WiFi. Keep updating it.",5,433,1.0.9,2025-05-18 18:03:29,,,1.0.9
8b6a0f9c-3cb3-4d2b-b3ac-71f97cbe00c7,FIRAOL WAGARI (Sena),https://play-lh.googleusercontent.com/a-/ALV-UjW2LG-FFQNWq9IejoRO1WQQslENaQlHx8MplboeUI8x6p58lynXqw,0% attractiveness. am sorry.,1,1,1.0.9,2025-05-18 10:07:35,,,1.0.9
2a115f15-bd21-4c3d-8826-6cac73b0f23b,osman bekele,https://play-lh.googleusercontent.com/a-/ALV-UjUBqd_Ty8grpd-FCIZKxTcKDU5qoG30zYtssBo4Ir7VDHp97SYvwQ,amazing app.,5,0,1.0.9,2025-05-18 09:28:00,,,1.0.9
93b8a756-0869-4520-8998-f7415735dabe,Rankelo Gowa,https://play-lh.googleusercontent.com/a/ACg8ocKrEOfr05L3AW__aQaTRzMw-k771VdQjOiFvLoKylj7xhzTwg=mo,amazingly,5,0,,2025-05-18 08:43:35,,,
afe39b57-a593-47b8-becc-ad3546dfb150,Abraham G/egziabher G/mikael,https://play-lh.googleusercontent.com/a/ACg8ocK6yhH1sLma4WSfiZAF_wIFceK_zX1oN8Go0iQyKno0oTc8LQ=mo,life is good with your app,5,0,,2025-05-17 23:28:46,,,
8006e256-228a-4835-9c62-38e36bcea151,Mesfin Getu,https://play-lh.googleusercontent.com/a-/ALV-UjUPX7gY-p7VMBlIImNGMGdPlCef0it1UJq7d6ArNLUcFI6rX565,good,4,0,,2025-05-17 10:02:23,,,
6da70d80-9eec-4030-8fd9-f98955436221,sebsibe Bogale,https://play-lh.googleusercontent.com/a-/ALV-UjVhtsVFwLrlKAMcDMk_2yXvqa2yuiIzKNTmQqUfqIwMv8ueXBfG,Good,5,0,1.0.9,2025-05-17 09:56:45,,,1.0.9
