reviewId,userName,userImage,content,score,thumbsUpCount,reviewCreatedVersion,at,replyContent,repliedAt,appVersion
4283e584-c544-4d04-878d-3a229a173aca,محمود حسن محمد,https://play-lh.googleusercontent.com/a/ACg8ocKEzvpYS2J__Urnlffvjh34lqKWNAjyZ0JlrL-jmuR6LLeEVw=mo,good,4,0,5.3.0,2026-05-18 17:13:24,,,5.3.0
940f0b3a-a023-4ac9-84dc-a6c51bcb67df,Tgst Wodage,https://play-lh.googleusercontent.com/a/ACg8ocLtgds5Wk0PKcuDAsuZ6AfXFmoXDkNdR1IlZk6CTnzAcpl63g=mo,simple to use,5,0,,2026-05-18 16:22:01,,,
a0798bb4-8f8a-495f-814c-598410e4fbed,kaset,https://play-lh.googleusercontent.com/a/ACg8ocJcg05_cZ8Atu_a9RbeQqoRE9Fb2hwc5jCxGREhGJxZolQ0uw=mo,commerali bank,1,0,,2026-05-18 16:06:59,,,
9c4ea3c5-3265-427c-8b66-f8023f1c19f6,Hussein Aman,https://play-lh.googleusercontent.com/a/ACg8ocI9s3AMxwcDvxvwZWGuPp0j65F_kSxVv1NN5bMO6qQLznF-ww=mo,good,5,0,5.3.0,2026-05-18 14:59:58,,,5.3.0
c98e888a-eb6d-4ecf-8c0a-95df948c72a6,Fetiha Seid,https://play-lh.googleusercontent.com/a/ACg8ocLYh3xVai7ks-kV8T-AYRVLR-MGQro--5MsoPjk27ndTbLcnQ=mo,Good,5,0,5.3.0,2026-05-18 14:27:44,,,5.3.0
de1952f6-525f-4920-8aad-311c22b87a47,Ahmed Osman,https://play-lh.googleusercontent.com/a/ACg8ocJjI-hUBiKTbV8nXC1aVkDRvDk36-Y8hgDPEf1VX0eoXkGxuw=mo,I have an account of cbe when i open the account it says you are blocked ? why ???,1,0,5.3.0,2026-05-18 14:25:24,,,5.3.0
44555c2e-b8bb-4c71-b739-8e3ad22138fe,Bereket Shitaw,https://play-lh.googleusercontent.com/a/ACg8ocLcyKJQ1NbxNWLWj0EF3BGUyOaVhfddCLdWTQjZaHYpbkZljQ=mo,👌👌👌,5,0,5.3.0,2026-05-18 12:27:00,,,5.3.0
59f65bd1-a5f7-4f88-bb73-6e0a452317a1,nesira Kemila,https://play-lh.googleusercontent.com/a/ACg8ocIxDx0VuYKUE_RTyFQ-hvlxvQxj0fUyQ8mNHWiiCBO8AR62KA=mo,pels,5,0,5.3.0,2026-05-18 08:15:35,,,5.3.0
0cf149ea-af00-4e00-8458-d2428d928589,Tolera Dugasa,https://play-lh.googleusercontent.com/a-/ALV-UjVXrCDnAOrhxq3bZaUX43tP5q-F6905NfdPmDnPncPfHpz5gCHa,What an excellent app with smooth performance !!,5,0,5.3.0,2026-05-18 07:36:31,,,5.3.0
523d4953-abb1-4f53-b478-51c951aefcb0,Mayide 2023,https://play-lh.googleusercontent.com/a/ACg8ocJurkeaREzvBxg_NiddjvRahggnGmJRYXR8IBIjl0kOvCklHw=mo,በጣም ጥሩ ነው እነማሰግነለን,5,0,5.3.0,2026-05-18 05:55:46,,,5.3.0
79aecee0-a711-4a4a-96bd-e9836c4afd12,Mohamed Bushras,https://play-lh.googleusercontent.com/a-/ALV-UjXclIxjFahviiSARPPjKTbHYioYt8Sq_0qJEalPQaijkMBU8_f4,svabst keessatti argamu yoo ta'u yeroo ammaa kanas namoonni Finfinneerraa damee barnootaa isa keessatti argamu yoo ta'uu kan danda'u kan ujummoo Hala keessatti uummata Oromoo kan ujummoo dhiigaa ni jabeessa malee duuba akkan qabu natti kan ujummoo dhiigaa ni dabalu kan raawwatame yoo ta'u kan ujummoo dhiigaa ni jabeessa ta'e fudhachuuf ru kan ujummoo Hala app yoo ta'u kan akka hin taane kan akka baakteeriyaa irraa kan ujummoo Hala kan ujummoo dhiigaa ni,5,0,5.2.4,2026-05-18 01:12:03,,,5.2.4
72fd0808-c8f7-435a-8337-0308012763da,ssmson tadesse,https://play-lh.googleusercontent.com/a-/ALV-UjWmgH4WcTqdc1CvIyRiwZKMPeyIf-t8XoyWuBmMxfDFa1r4xkUC,nays,5,0,5.3.0,2026-05-17 18:46:14,,,5.3.0
67f82d81-ca79-46d0-a53b-e610fbce7950,Mohamed Ahmed,https://play-lh.googleusercontent.com/a/ACg8ocIBdp3FXO6DUlQf65v1JeSlGRv6IHC9YGWSPx7iw4TvjJIT5w=mo,very very good 👍 thanks commercial bank of ethiopia 🤩😘💯,5,0,,2026-05-17 17:03:51,,,
b935e67f-b51d-4bd9-bc10-9cbd23531770,Daniel Hadush,https://play-lh.googleusercontent.com/a/ACg8ocIrhjOmjNC0aEEcrV9mJgXIM1g9pc0tFXg0cucmg6tyaBnLYg=mo,fantastic,5,0,,2026-05-17 15:55:05,,,
9f0c0b92-5087-496f-98e2-60a97f2076d1,Tesfae Endeshaw,https://play-lh.googleusercontent.com/a/ACg8ocI2cU7JkP-cEzHioUEV_SFWIKrjkzH-P4nLfnbeClq7xGhB2g=mo,very nice,5,0,5.3.0,2026-05-17 14:33:09,,,5.3.0
7b8203d4-e95a-4693-b2ea-3e35a6aa797d,Cadnaan Axmed,https://play-lh.googleusercontent.com/a/ACg8ocK-Qvs_djMcMGYEbXQgdQlSpSGFazBDrXl9OnncnQS5IvtGGw=mo,f*k,1,0,5.3.0,2026-05-17 13:23:30,,,5.3.0
60e3a921-2d6b-44a8-bb4b-636af4637b83,DANIEL NIGUSSIE,https://play-lh.googleusercontent.com/a-/ALV-UjWVAbGsb-SwNuLy6Y9qbNkWnlO1AgkrX8-eo5V4fq4Vig8tDhw,The Bank You can Always Rely on!,5,0,5.3.0,2026-05-17 13:10:51,,,5.3.0
92e988a8-485c-4691-90ff-4005e0f0b3b7,Mussie Teklu,https://play-lh.googleusercontent.com/a/ACg8ocKsoNAxuBwFrwiYx13BnN0JpAgFoXzL9YIqSt6MGrDHw3he=mo,Please make the CBE Noor toggle to be optional just because I have another account that happened to be CBE Noor it doesn't mean I want to see the moon and mecca. I have to be able to disable it. the toggle doesn't work it changes back everytime it refreshes. it is really annoying,2,0,5.3.0,2026-05-17 09:25:49,,,5.3.0
d7c8285b-d811-4738-ba6e-98014135b5a3,Mitish Tafarii,https://play-lh.googleusercontent.com/a-/ALV-UjW6aSd0JMQskUD45Ce7NJndEn02qfMA0a_3Yf2SVGWFFAo4_Rw,Amazing App,5,0,5.0.9,2026-05-17 04:11:07,,,5.0.9
850f1e2d-aae6-421d-a6b3-c9432282494e,Nuh Mo,https://play-lh.googleusercontent.com/a/ACg8ocJZJsEuWKnPy4CwepgmSdEOyLt5RN5hOQvAwUNUd0K1mO61dw=mo,It stopped working on its own. When you check your balance it does not show the amount before deductions.,1,1,5.3.0,2026-05-16 23:44:24,,,5.3.0
6ee9184e-c4a8-4856-86f0-4d2566976b4c,Dawit Aklog,https://play-lh.googleusercontent.com/a/ACg8ocJSmGQSKBIDKpmQiRk--Gp-Tzls-xg9Ks3Ruy-3flj4jVqyQas=mo,"The most backward and unstable financial app in the market. It requires updates in which nothing changes, it is slow snd just an annoying application. Don't install it!",1,0,5.3.0,2026-05-16 22:47:39,,,5.3.0
2ae8efd1-7515-4a39-a2dd-7f3e84ee190a,tebarek mohameed,https://play-lh.googleusercontent.com/a/ACg8ocLQU7rutGd_mNw-fxkZYAReG0kk9Y_DglAvqIJ8h916E9rh4g=mo,ok,5,0,5.3.0,2026-05-16 21:47:39,,,5.3.0
f11ba9ef-c1a1-4006-9ead-afb585624f63,Jalane Wakweya,https://play-lh.googleusercontent.com/a-/ALV-UjW6qzoLoNMhou8o4YjjzLMAu8DWOjfERRON3DkfpiofnqaQT4i0rg,Good,5,0,5.3.0,2026-05-16 19:03:11,,,5.3.0
5c08f975-fcca-4b2d-8044-25490b83e988,Dagim Dev,https://play-lh.googleusercontent.com/a/ACg8ocI5MBIvGk7j0dt3guimuJyVLGX2hVOPI5xAI1jH4WwuXI0I2Q=mo,🤙🏼🤙🏼,5,0,5.3.0,2026-05-16 15:50:50,,,5.3.0
c1e25b5d-7e79-4b60-8aa5-bed69a904f62,Meti Firdu,https://play-lh.googleusercontent.com/a/ACg8ocIPZWbjpnQoosIM1RMKkt6ZLZeiaRLVE3H2gFY5jQdAgqMu_A=mo,worst,1,0,5.3.0,2026-05-16 12:15:55,,,5.3.0
eb3cc438-1c10-4e72-8851-3efff6a04135,Hamza Jemal,https://play-lh.googleusercontent.com/a/ACg8ocI0x_Sgxns4JJvMsWE20zgTSQYq7r89it8adwFYQyJ3K-M5Aw=mo,this app very full,5,0,5.3.0,2026-05-16 09:17:00,,,5.3.0
f8209985-ea16-4f28-bb48-d6a7276f0f08,Ras Abale,https://play-lh.googleusercontent.com/a-/ALV-UjVVoBja2DNIK0BzoJ2FldC3PIi6cltnSEpDtd0M_hAZ3MFulc4n,good apps,4,0,5.3.0,2026-05-16 07:18:33,,,5.3.0
a983bc98-7ea7-4ac6-8fed-039ed2a7de0a,Teyhb,https://play-lh.googleusercontent.com/a/ACg8ocIlRSl6_UG6eQEdVHokJ0wxdS_0IqfL-_CtGccGlmK2ojP2Mw=mo,ok,5,0,5.3.0,2026-05-16 03:43:47,,,5.3.0
f0f249ac-ba95-4ad8-ad1d-c435693b7bf9,Abrha Hadgu,https://play-lh.googleusercontent.com/a-/ALV-UjXz3A_N4lkBSS6WQ0H5jaFe3CgQtTpMDVSPyYDFRtzUYVfEoeQ,"this update got crazy i don't know what's going on this app it's mal functional and loading........... like 2G ,Haha",1,0,,2026-05-15 23:20:32,,,
31cf1f70-1cd8-427c-9cd5-1ccb4113facf,Ademasu Shadaga,https://play-lh.googleusercontent.com/a/ACg8ocLrd-eKs7L0SOccqFmy2dkRw4f9aUA854jK3dd3wKTIdhoyJQ=mo,thanks for you 😘,5,0,,2026-05-15 20:11:22,,,
7019e213-93dc-4f00-bff3-80cfb80e5d3a,suutu sura89,https://play-lh.googleusercontent.com/a/ACg8ocKSlifHBz3JXY6iILMXdJhn_TOt4nI2o1BHtt-Bf8GkZmEuoRI=mo,it's okay,4,0,5.3.0,2026-05-15 19:53:26,,,5.3.0
ba0c5d66-8085-4bff-908b-f553c7b14ff5,Yalew Mamed,https://play-lh.googleusercontent.com/a/ACg8ocIJXtC-Q6pj9HbzXLNKgIBuWYQD_rm08H-GXwurQhvLOC88Yg=mo,It's not allowing me to transfer money.,2,0,5.3.0,2026-05-15 12:22:49,,,5.3.0
377120dd-1d3e-47ad-a715-c0a538c5d33f,Natnael Endale,https://play-lh.googleusercontent.com/a-/ALV-UjWkW-ExFSbNQMUxQSQARH37FIqyM5bU4KJhK-pjRQMzWCUfjnA,IT'S NOT WORK ON HUAWEI DEVICES,4,0,5.3.0,2026-05-15 12:07:21,,,5.3.0
46357e27-661d-4136-bf66-ca7bb91e1427,Muaz ahmed,https://play-lh.googleusercontent.com/a-/ALV-UjUOdSBGivAJeRB118C15uPeFNOrrvo3Pr8Dmu2tuiHGNwqhm29J,wow,4,0,,2026-05-14 18:52:51,,,
bfc27568-1471-4937-934f-e5325ea96f46,Alem Melese,https://play-lh.googleusercontent.com/a-/ALV-UjVDumA051FtjvkehOz-itfdsb6wl_VMEZTafK-CMkEVmTd17IOH,nice app,5,0,5.3.0,2026-05-14 18:28:23,,,5.3.0
9d8ba9a5-4899-4af9-bef1-f12a5dfd7f3a,Sami Fan,https://play-lh.googleusercontent.com/a/ACg8ocKAcjucw85FkfZGyVeWcaJuv_9izVm8dfl38f8FImnwJuGHnQ=mo,formative,5,0,5.3.0,2026-05-14 16:49:46,,,5.3.0
07dea887-2fcf-446c-ac8d-753be7c90256,Tes fish Ab,https://play-lh.googleusercontent.com/a/ACg8ocLDqL0mv2QpefysFyhGUZfa8nQCIlVGiZF50hSIQxZQUZ5z2Qs=mo,best app for financial activities 🙌,5,0,5.3.0,2026-05-14 16:46:29,,,5.3.0
74bf72d1-d6ce-4bd7-9a4d-3950846e5aba,Ahamed Pharmacy,https://play-lh.googleusercontent.com/a/ACg8ocL7L9J-mPypPbZ4Q6d7Js3E2vBN7E-HkDZwpx0a0e-fO8Y3ig=mo,yoroo namaste 🙏 ♥️ ❤️ 💖 💖,5,0,5.3.0,2026-05-14 12:13:13,,,5.3.0
0e691771-0024-4326-b71f-1685b91dc83d,Natua 123,https://play-lh.googleusercontent.com/a/ACg8ocKB__m7jjhJeriNmBYWHKGDUkX8SML-vVdHjz97iLakm9Lbig=mo,incredible,5,0,5.3.0,2026-05-14 10:53:56,,,5.3.0
982b1262-3d54-4a12-811a-8b26b7ecc777,ayenew gedefaw,https://play-lh.googleusercontent.com/a-/ALV-UjUTHcTI2kG8h2nDMZF6ZqTMzdYoRyCPOyY3ghWi3VZjPs2kEEI,best app for financial sector,5,0,5.3.0,2026-05-14 05:44:01,,,5.3.0
06f6640c-b65c-43e4-88ef-0a79be8b9534,Abdi Lc,https://play-lh.googleusercontent.com/a-/ALV-UjVVNd4xFs9wCfPd0n91qzJemrsPN5ldS_wGPSIRJtPISU5GgNbR,it's a good application,5,0,5.3.0,2026-05-13 20:28:58,,,5.3.0
eda74236-f7f3-4422-a139-a181e832bc27,Usman Mohammed,https://play-lh.googleusercontent.com/a/ACg8ocJu6_G-y5BAGIYJKukXNxVDSPWLdbQZbTmOcf1o80ROo9oHIQ=mo,thank you cbe,5,0,5.3.0,2026-05-13 17:16:37,,,5.3.0
ff53332b-2e76-46d6-83d3-f93f968a4b18,Dagim Dagim,https://play-lh.googleusercontent.com/a/ACg8ocLiT5xZP-tS8hB1uAyKMuDBJXwMvFFPl3-0mH3ybgpZhFtczw=mo,is good,5,0,5.3.0,2026-05-13 16:18:45,,,5.3.0
363a5616-ed3d-4274-85ee-77071067f81d,Gwahed tetemke,https://play-lh.googleusercontent.com/a/ACg8ocKEuzi1aaihcBF-P9-thSTEqVAIRTjaf_92Ecq3uIEwLbNPnA=mo,wow,5,0,5.3.0,2026-05-13 12:19:17,,,5.3.0
56185597-d29b-4a60-a0fb-6783638230a7,Muhe electricians Tube,https://play-lh.googleusercontent.com/a-/ALV-UjUb5gErix4gQDEostbCOqXXp6TdbZIRUS4NmxeuRwUIHEZ9LpE,Good application,2,0,5.3.0,2026-05-13 11:27:52,,,5.3.0
35efe702-40c9-4e46-ad67-7574ab9ef42d,Natnael,https://play-lh.googleusercontent.com/a-/ALV-UjUfscUl3BaEK2o3UP43qaV7FM9aYXxRlBsnKHjo4CJyifBn4o6J,"Nice, but I can't get some recently transactions. please try to keep all history scrolling full visibility done.",5,0,5.3.0,2026-05-13 11:21:48,,,5.3.0
b41cb49d-59d3-41b8-bbb2-b1952005951b,Addis Abebe,https://play-lh.googleusercontent.com/a-/ALV-UjXvTu8t7yn9EQ6d4o5qxKQ_t7hSGIw2oSqXjkYSD1JH0Nbbl_kq,Very Secure but very poor interface and limited history service. The new colorful version is worst. Visibility and contrast are low. It is just my idea.,1,1,,2026-05-13 11:11:25,,,
22026bb2-c9c4-4040-892b-2a77ebee48b7,Qurbac Yusuf,https://play-lh.googleusercontent.com/a-/ALV-UjXZNacCirOZhOuVF_izLaMzsbSV91jun3cOHHjRveNDMdNlYc-c,very nice 100%,5,0,5.3.0,2026-05-13 05:12:17,,,5.3.0
dd4ae5b5-f5a4-42e9-a526-5fe9387dd7a4,Amha,https://play-lh.googleusercontent.com/a/ACg8ocK__JypXyqiLGNdWqfOq4FJDJKjZFy3Oyjx6N06TbEjVRFIMw=mo,good,5,0,5.2.4,2026-05-12 19:02:00,,,5.2.4
e9233eb9-c338-4c80-8f21-26cd31acd65f,Megersa Catholic,https://play-lh.googleusercontent.com/a/ACg8ocKmCqkiOtliqQ8PPWrgNhkg_bi4hlcV-qoCjYzCG57s3aQexA=mo,Good to use,5,0,5.3.0,2026-05-12 12:23:58,,,5.3.0
6b0d612d-f9c1-4cac-bb37-b945c97a2e9a,Nguse,https://play-lh.googleusercontent.com/a/ACg8ocKdYXO01ka__o8KG6zave2IYCkHyb2XILAD0QWzgkMV3ycm=mo,cbe,1,0,5.3.0,2026-05-12 06:18:40,,,5.3.0
68ff6a46-3659-47f0-a20f-fba5755a3f67,rabia Moh,https://play-lh.googleusercontent.com/a/ACg8ocLcSnkB9OWJIwy1jYqlyIJb5ir1v5yGsZ5FxbCMPEjCZXUgaw=mo,Cbe,4,0,5.3.0,2026-05-11 17:21:59,,,5.3.0
95f3c528-c059-4a5a-8973-46182fe5cb22,Fiker Yeab,https://play-lh.googleusercontent.com/a-/ALV-UjVlr7tcawmxcAyHPWXAc5hgumiIqSvpQmJCO0qiUqs76YHe3NM,best and secured,5,0,5.3.0,2026-05-11 11:04:31,,,5.3.0
ca9d0c10-808d-4f7f-98dd-3903f11da810,Zewdu Gelagay,https://play-lh.googleusercontent.com/a-/ALV-UjXC5J6pONn8wMvv6BIsFRRKaYXJwVK9dNtVGZA_XAoxE28YFAg,best,5,0,5.3.0,2026-05-11 09:22:25,,,5.3.0
1e81e27a-edbd-4763-b5d0-f8ead77bade8,Kedir Nas30,https://play-lh.googleusercontent.com/a/ACg8ocKxCNiJkpC3bcFsR5B7xcpJUDVAmgZ_rWLEE4knyq2IoXKsPg=mo,ok,5,0,,2026-05-11 00:24:09,,,
155076ef-8bb2-4b69-9b64-cea273b404f5,Yimam Endris Yimam,https://play-lh.googleusercontent.com/a-/ALV-UjUXZ_86gkCESH6uj8Rt9C8pHrZ4CwF9ctnR118i1EFHUBBo98Y,good,5,0,5.2.1,2026-05-10 17:46:00,,,5.2.1
0256d346-9c3d-469d-a9ca-45943309242a,Abdulkadir Hussen Ali (Ali),https://play-lh.googleusercontent.com/a/ACg8ocLGeX99kU7okSU5c7R-4l-QqvSmU2f8__snFBcCtMtKhmU-sA=mo,why is my transaction fee hidden? Why doesn't the app show some of the transaction fees before. eg vat 15% show it togather before confirmation not after it feels like a scam.,3,1,5.3.0,2026-05-10 16:13:18,,,5.3.0
bac8d171-fd59-4cca-911d-fc792fc2b091,Wde Abdulkadir,https://play-lh.googleusercontent.com/a/ACg8ocLC5hK2GdO60-96y5pNeV9gS0ozXYHScqQ56s62ie4ympKVlw=mo,Gal✅😶‍🌫️,1,0,5.3.0,2026-05-10 15:07:21,,,5.3.0
f9d96cc8-f98d-4cd4-9d0c-7ce9af07256d,Harun Abdella,https://play-lh.googleusercontent.com/a/ACg8ocLthuzVuloCAEja4NRacfjomvCojCn6MrbK9hh3NaiAwt0_Qg=mo,posetive,5,0,5.3.0,2026-05-10 07:13:20,,,5.3.0
1569da07-cfaa-4fb7-8631-bc66252f38fb,Tesmamu Teme,https://play-lh.googleusercontent.com/a-/ALV-UjX122l5Mj6ZfvpTAVS85Gkf0UO4yIR7VHyaQx4chW5Q3wEvlgUr,this app is so functional for airtime for wallet and,5,1,5.3.0,2026-05-09 15:02:46,,,5.3.0
c60221ee-aa0a-4e28-9297-739dc4da31d4,Nuru Kemal,https://play-lh.googleusercontent.com/a/ACg8ocLncGsW7d0uMI_a-VrFnpiFtR0aPvJd7pn2vlbATSSD2xmEvA=mo,very amazing app,5,0,5.3.0,2026-05-09 14:05:08,,,5.3.0
e1739339-edb9-4512-b249-43c7d68db428,Teshale Fekadu,https://play-lh.googleusercontent.com/a-/ALV-UjV7ANzLOvLPZN7HQEdMHFPUu5NhO-ykFXc38yJmLW5NRQVzwZWC,excellent service,5,0,5.2.4,2026-05-09 13:57:37,,,5.2.4
9d8cceb4-44c2-4335-b810-eb85a87a7169,Samuel tegegn,https://play-lh.googleusercontent.com/a-/ALV-UjX7ixk6BqqOQob7AhoDiFyH05XBVNtEVZBC4C0hSAipt8lgEHw,There is a a problem when updating the app,3,0,5.2.1,2026-05-09 13:19:15,,,5.2.1
6983428a-2a3c-47d1-b40c-304f8e41ed64,Yene setota,https://play-lh.googleusercontent.com/a/ACg8ocKiFutqstV_QhoJblO3oTKYyhW_kO0RJrAdLvfWxWYa1wcLqg=mo,good,5,0,5.3.0,2026-05-09 12:45:44,,,5.3.0
8f50d256-e087-4584-8dc8-e70cae1601e1,sey fegebrel Tades,https://play-lh.googleusercontent.com/a/ACg8ocL3ot15h04NAI5hheSrZ-Q4UgngV6EjKxEhY70jF_6kqAOcKA=mo,good,5,0,,2026-05-09 09:01:42,,,
c3d1480d-7882-4206-bb65-d9f5fbe8cb93,Seid Nur,https://play-lh.googleusercontent.com/a/ACg8ocJjas0By5igd4dcv8Z5zLG-zPMX1-JdZA-j8CnZ9VhFilsn7w=mo,smart app,4,0,5.3.0,2026-05-08 21:32:18,,,5.3.0
544522c1-d913-4928-91d9-22e820eb44ec,Selehadin Seid,https://play-lh.googleusercontent.com/a/ACg8ocLawkjQAklzFdXOVTJyftLBrwfXWTqqtuxNE7gP6JgJwcnSnA=mo,"Internet Based mobile app for CBEBirr A Internet Based mobile app for CBEBirr. With the new Internet based CBEBirr Mobile App you can make every operations applicable via the USSD version of CBEBirr. This app version is the latest version branded as CBEBirr Plus, CBEBirr+, CBE Birr +, or CBE Birr plus.",1,0,,2026-05-08 16:19:19,,,
52a04062-31ff-42b2-a51a-6f0053223c6f,Tesfaye Gebremskel,https://play-lh.googleusercontent.com/a-/ALV-UjVOcbrEMgFu98K9DoD0hOU2qRB-JjNVNDZT4SFKf4VJ7a2s26k_1A,CBE it's my excellent choice,5,0,5.3.0,2026-05-08 15:34:15,,,5.3.0
8c836517-38b5-4c95-88bb-df6d2e15ee15,Tesfay Kahsay,https://play-lh.googleusercontent.com/a/ACg8ocIWjhlsa8lOIZWC7K07biWY9DtmMJyZOwgF_7ivFZo3n0Er0Q=mo,fast and time saving...,5,0,5.3.0,2026-05-08 09:10:01,,,5.3.0
fa26ca3b-dec9-42ce-a000-2c506b949d49,Tigsti negash Kebede,https://play-lh.googleusercontent.com/a/ACg8ocIp7vXR2-KchildZ0JtJjT9TSH6M83RpWOsTJCol8cIMHvIDg=mo,ok,5,0,5.3.0,2026-05-08 00:27:31,,,5.3.0
53ed304c-c38d-41ad-8170-aaf0bd84cbaf,Abdurehman Ali,https://play-lh.googleusercontent.com/a-/ALV-UjVkdQruGWKDVdkrN87A72MsCbsdqHuC7a4mojcoEty0BymrPZY,ok,5,0,5.3.0,2026-05-07 19:59:44,,,5.3.0
5b7a97ff-6da0-47ab-a4f1-5a78a0a8cd88,Samuel efrem,https://play-lh.googleusercontent.com/a-/ALV-UjU-lR9nu1TRw1VdSU3KRP0jniPapIgQ95wi01m2S5XJ_WlRvbCP,yesisgood,5,0,5.3.0,2026-05-07 19:48:16,,,5.3.0
8d9412f5-9e42-441b-932b-d95f527657ec,Beselamu Faltamo,https://play-lh.googleusercontent.com/a-/ALV-UjWVhvt6nRafjJppeiZRA79TT7yNZ_FKvEklkP_sSdHvnnVh6lH0,so good,5,0,5.3.0,2026-05-07 11:48:09,,,5.3.0
d0e253c1-9689-4315-8d6d-cbcdc42a5df6,Ruth Matewos,https://play-lh.googleusercontent.com/a-/ALV-UjUjfiJTyrhYgsmuZ5I1rRfCx2J1ZNjVc_eLs_o3-In72mKoXXOz,"The app is getting worse and worse after every ""update"". The UI is inconsistent, you haven't fixed the issue with Mpesa wallet transfer ( the ""begin 0, end 1, length 0"" error after ever transfer attempt) ; now the tellbirr transfer raises ""Bucket override O-10094"" error. Test your work FULLY before release.",3,4,5.3.0,2026-05-07 07:55:21,,,5.3.0
23209426-df23-4cd2-82d6-d4e3f25f5c44,Samuel Getachew,https://play-lh.googleusercontent.com/a/ACg8ocJqh2ccURWWDTAk6MJMk45H5EptPX0VW8rPvsAbruEh1q9UqA=mo,iam happy excellent app,5,0,5.3.0,2026-05-07 07:23:40,,,5.3.0
0afcc81d-d4ea-4e0b-983c-dfec39a6db03,Kingo Boss,https://play-lh.googleusercontent.com/a/ACg8ocKm8F9CJYfqjEm7RFmIQ1hqonWat6C16OEAvqNMDPcNCHt3Vw=mo,is not work properly !!,3,1,,2026-05-06 18:47:27,,,
55758cfe-b04e-4211-a9f6-8b8c01a37e3e,Sumi Moh,https://play-lh.googleusercontent.com/a/ACg8ocKUpgzL3gMj42ZG2CuRkfZW0k3x5w4AFnD5hkFp-2s5XVEGQw=mo,አሪፍ አፕ ነው ገራሚ ሁኖ አግኝቼዋለሁ,5,0,,2026-05-06 11:51:47,,,
52e8350c-88d6-40e3-b23a-15c5cdb8caf8,Mulugeta Agumas,https://play-lh.googleusercontent.com/a-/ALV-UjU0agJbnwTMd9PxIaVisuVHbYsleinO9XioMJ5FdGu9uvOXQ4DcTg,When I update this app there isn't working,1,0,5.3.0,2026-05-06 09:19:52,,,5.3.0
d04a57d8-fb57-42a0-8cba-b89608486b3d,Ibrahim aliyi,https://play-lh.googleusercontent.com/a-/ALV-UjVNYLg8WsMCwARjOuEAVYe88oo6abowSCQ0wlJG1NA2fxeE8Irq,thanks you so much 👍 okay I am going to be like in,5,0,,2026-05-05 21:18:12,,,
7461aa60-f2fd-4568-b1a9-f10216accd61,Akalil Naol,https://play-lh.googleusercontent.com/a/ACg8ocLM6lm2YnDTS7_DX3vRgVawZxq0pLDecJlvzkMS1UyL1Ovg_g=mo,Best ever,1,0,,2026-05-05 20:56:18,,,
9e1c2b83-113b-46be-8ede-86e5950bad6c,Alemayehu aga,https://play-lh.googleusercontent.com/a/ACg8ocJVDZmImPCW3K6_Ox4JBfFDyvwvzJbaugImXNrqFC_r6qjvsg=mo,features በጣም ወድጄዋለሁ ነገር ግን አንድ ችግር አይቼዋለሁ ።APPU DELETE በሆነ ጊዜ ቅርንጫፍ ማመላለሱና MB APPLICATION FORMAT ላይ በየጊዜው መፈረሙ አንድ ለባንኩ ወጪ ነው ሁለት ለደንበኞች Inconvenience ይፈጥራል አስተካክሉ,4,0,5.3.0,2026-05-05 16:28:22,,,5.3.0
cbee30fc-3273-4357-870d-8b068858c109,Obse Jisa,https://play-lh.googleusercontent.com/a/ACg8ocJ9H2h958ivAcOBGVOTGPcosz3Jp_XDqtsa5upu6UyeXvx08w=mo,best,5,0,5.3.0,2026-05-05 13:41:26,,,5.3.0
6b909f7e-b24b-4bf0-9df3-cf71277e87c1,Taju Gore,https://play-lh.googleusercontent.com/a-/ALV-UjVO4HwciOkkmgrd0HklCNos5EUq1pGKggu6wZC5BdfHahzmZ8A,goood g,5,0,5.3.0,2026-05-05 09:39:15,,,5.3.0
70603681-bc2f-45a0-a6b3-ee5cd7033e16,Abdlaziz Yesufe,https://play-lh.googleusercontent.com/a/ACg8ocL_PGC33S7R8nBMRWXUBd09poTLIgYt_Er751XSZo8VhIh8dw=mo,I like so much,5,0,5.3.0,2026-05-05 08:32:34,,,5.3.0
09a4cd19-b29f-46ae-a120-45f3bc16bd94,Vi Gi,https://play-lh.googleusercontent.com/a/ACg8ocKWijom0tYg5OrIJ89uWbGhqT_9KXjwWVBUtHFIUyLcsY-R8Q=mo,This app has never been efficient at all,1,0,5.3.0,2026-05-04 19:52:28,,,5.3.0
a3c96020-4c19-4eb6-9bbc-d6b243eef584,abraham della,https://play-lh.googleusercontent.com/a/ACg8ocIoST31BiWpa2yeYU26Pey7AeWeUu3LOEx09wdCXAijurIwGqo=mo,nice app.,5,0,5.3.0,2026-05-04 18:32:41,,,5.3.0
ffe94b70-6518-4281-b1ff-d3bf99b8c18a,Natan Tilahun,https://play-lh.googleusercontent.com/a-/ALV-UjWCWkR8vyy1TpU_dOW_XpDCZPazx_Oyn9QHDk6yQ9KJ-eilouGB,"While the option to create or cancel standing orders has been added, it is not functional. Similarly, adding a new beneficiary is also not working. Please fix.",2,3,5.3.0,2026-05-04 17:57:38,,,5.3.0
b3d8a619-156f-4746-a270-81e17d8e0725,Shamsuddin Ali,https://play-lh.googleusercontent.com/a-/ALV-UjV5iSVtEVMgiM_6NP7j7VKI5lVy0OMdKnZ2Brx_fvaYmmLs4iuy8g,Wonderful App ❤️❤️❤️ I love it,5,0,5.3.0,2026-05-04 14:57:45,,,5.3.0
e1ccb480-fa64-43fb-9b8d-2d04a434434b,Surafel Daniel,https://play-lh.googleusercontent.com/a/ACg8ocJYlCIUVratwR5xvU-s15U0NBPabYf0Cb_hB8q757OlBVQ1Sg=mo,i like it,5,0,,2026-05-04 14:14:57,,,
e827a233-df27-4b4c-8727-6bfe8dea85e7,Makda Mussie Maki,https://play-lh.googleusercontent.com/a-/ALV-UjVSLx0R3v_oTO1PJI04wdx_tLcAxnxh9JNCNjz6FjAuC0W2sAM,best,4,0,5.3.0,2026-05-04 11:54:59,,,5.3.0
d51b40f1-e47f-4f59-aa2a-05efb832f5f0,Yalew Mekuriya,https://play-lh.googleusercontent.com/a/ACg8ocKULztsZt-2-EAky-xnxWITV7eVJql94dCXf72a_rsmHPTf1A=mo,vary good app,5,0,5.3.0,2026-05-04 10:26:13,,,5.3.0
3296fa2a-d48f-42dc-bc60-588563ade622,Chaltu Gameda,https://play-lh.googleusercontent.com/a/ACg8ocJPoTa5RoSQCG0FP3eHHZMonjew0WRWcbxsc44JqVcIxHCU7A=mo,good,5,0,5.3.0,2026-05-04 09:23:45,,,5.3.0
8e825846-2ace-4e13-b556-aa88bd0a2014,getnet getahun,https://play-lh.googleusercontent.com/a-/ALV-UjXIeBCV-NHn4oBAXivcuZGhEJD7FbgeUlZQV6CuIFiZ99v8SGKn,good,5,0,5.3.0,2026-05-04 04:25:25,,,5.3.0
f8f10909-6beb-43f9-82aa-a4d5fedc47f3,yeshitila nugusu,https://play-lh.googleusercontent.com/a/ACg8ocK0VYFDHFz-aP3H4reTqZBdBmHJ0qcrYV8Jhj52njZtFzcPR_Y=mo,good,5,0,5.3.0,2026-05-04 04:16:39,,,5.3.0
9a44ae4b-503f-45f5-acaf-433b3cb9bdb7,Gosa Tefera,https://play-lh.googleusercontent.com/a/ACg8ocKXJMg2GSJlPgOAUU9uqNWELamcZuFZXKqfZOIQKVm54CHdKg=mo,nice,5,0,5.3.0,2026-05-03 19:51:57,,,5.3.0
05798929-6575-4f84-a3c3-ded7dad86661,Nathnael Hayelom,https://play-lh.googleusercontent.com/a-/ALV-UjXH8YTWKgMV3vL05qOco2gnyEiJZ4f8eYx2VofFa-WBQqvpNOs,easy to use but hard to find easily,4,1,5.3.0,2026-05-03 18:23:16,,,5.3.0
e1f86c6e-df4b-4d2c-a2f6-854dfeccfaa8,Nasri Ali,https://play-lh.googleusercontent.com/a/ACg8ocINjt-Q9dqvlCYHIUm5G966uo9EcYJS_LwCQjDapeVS_wMAIA=mo,fixed problem,4,0,5.3.0,2026-05-03 16:35:47,,,5.3.0
2888f455-7c72-4404-8296-2ab00fca0910,Million Chewaka,https://play-lh.googleusercontent.com/a/ACg8ocJyaMKZXTuvOYQN9TM89ayuZk_N4JEBZzyjLOcQ89urxf0R-nMC=mo,በእውነት የሚገርም app ነው ነገሮችን ሁሉ ቀለል ያደርጋል,5,1,5.3.0,2026-05-03 12:53:27,,,5.3.0
fa8fee59-7eac-4d5a-bfa0-b24d2b30c958,Kirubel Solomon,https://play-lh.googleusercontent.com/a/ACg8ocIOKU80wFTUO4g80JzHgM90tKCt-0JGdIXe97Azk4PweR69Ptc=mo,good,5,1,5.3.0,2026-05-03 11:41:46,,,5.3.0
64322c01-bb48-439c-8341-e1c6286fb136,Maeruf Rajau,https://play-lh.googleusercontent.com/a-/ALV-UjUOGaualRYdQ4QSsLIJ-Af6ErhRd_9e7g-oVv3ybI3mNQ9iE8k5,good,3,0,5.3.0,2026-05-03 09:57:11,,,5.3.0
69a854fc-9cff-4ead-a60f-d7b577940d78,Berhanu Asfaw,https://play-lh.googleusercontent.com/a-/ALV-UjUUN32LPRfjJ7t4WikBF2sCGZjqYJXzSlk4qEIIyP6Zxnm49R0Q,best app,5,0,5.3.0,2026-05-03 07:45:26,,,5.3.0
59c3b026-7179-410c-9cf7-6991d114d1f4,Gebremedhn Teklehaymanot,https://play-lh.googleusercontent.com/a/ACg8ocIsFPiIt9T5Rmo4qiuP6qP9jlHw7ocP3OCMzqkVCFlyLCXxEg=mo,Good Application,5,0,5.3.0,2026-05-02 13:47:18,,,5.3.0
64de5f8c-ed4b-4e43-8889-2f6f84ef4e4b,Lubaba Teshome,https://play-lh.googleusercontent.com/a/ACg8ocLC7IBLdVZ7qJGThWzA2PXUpn_gftZMMaN3ZvYFjcKUE-QbbA=mo,Good app,1,0,5.3.0,2026-05-02 11:03:22,,,5.3.0
3c520127-2f0b-45c8-a6c7-d6edbc683d93,Abujihan Nura,https://play-lh.googleusercontent.com/a/ACg8ocL5Yiox98LHNBLGuxN5oUJXRjQEoz20Ga9k3KGMkY6uUHkaKQ=mo,መስተካከል አለብት ብዩ አስታየት የም ሰጠው አካውንንት በስም ሲፈለግ mr ብሎ ቀጣይ ስም ለመፃፍ እስፔስም አይፈቅድ ቀጣዩ ፊደልም ሲፃፍ አይፅፍም ይሄ ቢስተካከል ይበልጥ ቀላል የረገዋል ብዩ አስበለው,4,0,5.3.0,2026-05-02 09:16:17,,,5.3.0
7212f7a6-1a61-4424-90fe-1fd8ae5bd520,Manyazewal Dessie,https://play-lh.googleusercontent.com/a-/ALV-UjWec3x6eX1m7wkQdZx3IxGZnB7FVZa5iRxz2u6HJCBMwIXcf0w,why it alaways asked me to update every second when I log in.,1,1,5.2.4,2026-05-01 21:31:25,,,5.2.4
414528cb-b3f9-47ad-b88c-aa9bad169872,Abeba Asegedom,https://play-lh.googleusercontent.com/a/ACg8ocI_HlHCcj4cdBtxTQEtA2hfs4oerv-KmmHySVDv-VozcH6uXw=mo,pls update my cbe mobile banking,5,5,5.1.0,2026-05-01 19:59:42,,,5.1.0
b0410a07-40f3-4699-97b8-cabcdb97b05e,Hailu Shambel,https://play-lh.googleusercontent.com/a/ACg8ocJsRftviIjdGkIC5S_vrdOCAtrG5aV13HFkLnFPDXW1GqbSrQ=mo,good,5,0,,2026-05-01 17:59:06,,,
dfa7121d-a16e-4d4a-bd83-ee23ce127bc3,Adil Alnoor,https://play-lh.googleusercontent.com/a/ACg8ocLl7uvwYYDeAs0FcCJTkecq314RQh01D4f3VucGCOOgr526AQ=mo,"Easy, secure and user friend",5,0,5.3.0,2026-05-01 16:25:19,,,5.3.0
e61572cd-dad5-4b0b-ad0b-3f0540bbb56b,Moges Gizaw,https://play-lh.googleusercontent.com/a/ACg8ocJAYGR6_X972Mv17L0Jnt60DhAV8jPbYtQp3xS1n_tMjcOvIw=mo,nice,5,0,,2026-05-01 14:09:29,,,
a80123b0-8720-45bb-b909-d9404e90e328,Hiwet Tegaye,https://play-lh.googleusercontent.com/a/ACg8ocKA2LMUXkcdKq81aZMjW3k_zaXdCOZ5Oakeyk0acd7hdL3x3A=mo,hiote tegayede,5,0,5.3.0,2026-05-01 08:13:49,,,5.3.0
544c28e0-aeba-400a-819d-106aff5e2b28,Du Ud,https://play-lh.googleusercontent.com/a/ACg8ocKyUknKASw7LDeH3IC2pIZdCevzZ8YdlSm_-bYN-SRSeEdaAw=mo,misraqe,1,0,5.3.0,2026-04-30 21:23:07,,,5.3.0
8bc787df-13e6-4db7-9627-49a989f1d608,Sharfane Darwiish,https://play-lh.googleusercontent.com/a/ACg8ocLRjFFFkCNfs4XYNdAkp2kVx3p-ITw7iL5CxrvV8q-iDH-IBw=mo,excellent app,5,0,,2026-04-30 18:10:47,,,
08208b20-6bed-40bf-8b21-53cf47060e7d,Kibru Lema,https://play-lh.googleusercontent.com/a/ACg8ocKNwkM-ROVZqXfsL_zzO_E_RjN61IIn4qPUmXErGGcqwZM1iQ=mo,usefull app,5,0,5.3.0,2026-04-30 17:23:48,,,5.3.0
71f32803-46ea-49d2-b2b8-77da4671df21,Ye Ra S,https://play-lh.googleusercontent.com/a/ACg8ocLXWsWyzZqsszOcC3gCdB7R5tUMrByowhSa3sogO-qr_mtxOw=mo,nice bank,4,0,5.3.0,2026-04-30 17:21:05,,,5.3.0
f00148a9-43f3-4958-a074-633c71cb09ed,Dereje Regassa,https://play-lh.googleusercontent.com/a/ACg8ocKDuIUHy1AxbVLNB9Nbz8dZgiq__mMqJXubZGcDLywmWj0gNw=mo,good 👍,5,0,5.3.0,2026-04-30 16:02:43,,,5.3.0
85735753-f59f-49ff-b348-7e419ae07a36,Adugna Tesfa Dugasa,https://play-lh.googleusercontent.com/a-/ALV-UjUtK42wUX3psaPF8uZd3U7d27YC0ZL7IJLLG9G9WQ1YeIEUD9eO,it's no functional problem,5,0,5.3.0,2026-04-30 15:29:16,,,5.3.0
c63030c3-9599-4bcf-a972-ba8863a45e9c,Tamam Yunus,https://play-lh.googleusercontent.com/a/ACg8ocKG8FinflB7J6HLY_3Nh6wm0s8OrlZJ4n9ALTZVz7sb0OfuXg=mo,Tamam Yunus Guddata,5,0,5.3.0,2026-04-30 13:13:11,,,5.3.0
993738de-3a79-4ee7-9a58-5251c8d51a65,Mujahid Abdurehman,https://play-lh.googleusercontent.com/a/ACg8ocIoOul95X-FcyRaHl7HmaPxWHprWf-M3tfuoNE-8W_-tX29oA=mo,good,5,0,,2026-04-30 12:29:19,,,
85564924-a1f4-4a11-933e-5c3c0ede7875,Iliyas Kemal,https://play-lh.googleusercontent.com/a/ACg8ocJxvVquQNG6_irfrvE8q05NnizCX4Is6nW0LuSOnvbFfuoVFg=mo,It's not working after the update it doesn't open at all,1,3,5.3.0,2026-04-30 10:29:38,,,5.3.0
9c97c9c1-7354-4b04-8640-62991a690c48,Tibabu Shwatatk,https://play-lh.googleusercontent.com/a/ACg8ocJIE18wuxrBwZwz5lpg7sUJqcrRhd1Rh1an4pZDIW8C0F6OYw=mo,nice,5,0,5.3.0,2026-04-29 21:09:51,,,5.3.0
3696961c-9670-47df-8c67-44b10c2db19d,mesfin worku,https://play-lh.googleusercontent.com/a/ACg8ocJd8OlGRGO08feKhFFYD_POSfTU59hUZaeUmYqKG9ui7Vz8JA=mo,excellent app,5,0,5.3.0,2026-04-29 20:46:24,,,5.3.0
64153858-ba9d-4ee9-b7b0-9a6aba467fdd,Zelalem Asrat,https://play-lh.googleusercontent.com/a-/ALV-UjVWw-TWRzz4dCc9PCw85B1f5MVf8kQPI5dubzZGxRn0NjGhkvy_BQ,Good,5,0,,2026-04-29 17:07:08,,,
84146a71-956c-458f-8b95-8e5e78cfa28e,Esubalew Alebachew,https://play-lh.googleusercontent.com/a/ACg8ocJ0IjxaRJtCor-WMATVxbNewOBJfDGf9ofV0r7ZGpNTvRD7c0o=mo,CBE not compare to others,5,0,5.2.1,2026-04-29 16:12:49,,,5.2.1
6d533509-fae0-49e9-81e2-48088b213543,shewakena cheru,https://play-lh.googleusercontent.com/a/ACg8ocJyb-i4X9P22bqTMrRNdW47rdl74tRXY2ewcIn2NL5Hf05Jaw=mo,good,5,0,5.3.0,2026-04-29 15:07:16,,,5.3.0
cb8a50ef-5292-4910-9813-8db71fa20176,Tofik Mohammed,https://play-lh.googleusercontent.com/a/ACg8ocJlY01l79zgFFiG-zUan_EC4V9pzlIFNm2YE1ebNR53tY62FA=mo,good,3,0,5.3.0,2026-04-29 13:30:44,,,5.3.0
bedb6e80-52a2-4195-983c-36250b4fab59,Biniyam Getnet,https://play-lh.googleusercontent.com/a-/ALV-UjUE7b2YmC1hkcRRKY6mEKl2-mNsaTp6adAkDrNmcwktKyOkwKE,nice app thanks,5,0,,2026-04-29 12:37:58,,,
1c118da4-2035-4bd7-a7b0-b226b86a744d,Azmeraw Deresse,https://play-lh.googleusercontent.com/a-/ALV-UjWbuPR3jqn3NJQsDHkhDW_9QK40Nl7eGwQe_miyRHQDfWHaiK8n,Great,5,0,5.3.0,2026-04-29 11:01:59,,,5.3.0
f7c15b4f-845f-40c4-8d08-8e8b7d9d0762,Stotaw Fente,https://play-lh.googleusercontent.com/a/ACg8ocLPNcQkvMfjGLS8PS3x-65v9p8z4Fcy_q8GrXIlVVVKv-5ZtQ=mo,good service,5,0,5.3.0,2026-04-29 10:37:42,,,5.3.0
253678ea-f003-4310-bd06-59c624e70b08,Ibrahim Muhammedamen,https://play-lh.googleusercontent.com/a/ACg8ocLSgKrt4DVU4Kzh7SU3E6YVFbdyU_oyK7HU1wUzjNWgG08l1A=mo,"It is so good,and easy to use.",5,3,5.3.0,2026-04-28 23:51:54,,,5.3.0
8fc99f24-bf99-4c8b-8323-0b099f50b77f,Haaji Yaayaa,https://play-lh.googleusercontent.com/a-/ALV-UjW5UIgofydElj4Wn0waDOYxJ_JzlGtapsieBvcOKKw7CC4Z2GWK,great app,5,0,5.3.0,2026-04-28 22:45:13,,,5.3.0
293cd3b8-d9da-41a0-bea1-6bcd13674f4c,Tensae Tesfamariam,https://play-lh.googleusercontent.com/a/ACg8ocJUL5vAJc9QK92mi99_9s3y45AKApN6zXzX-0EUFbvrpjgk9Q=mo,update is not downgrade. its literally not working,1,0,5.3.0,2026-04-28 19:30:29,,,5.3.0
8eff8e4e-4dac-4027-b736-72ebdb0ed0eb,Tizita Shewaferaw,https://play-lh.googleusercontent.com/a-/ALV-UjXUvxmedhTNFje9nWbCJjh-Sr9xjuBhRltUtGmt8mpFGOgy76EGLg,Please consider optimizing the app for Huawei Mobile Services (HMS). It doesn't work after the update.,1,1,5.3.0,2026-04-28 19:02:43,,,5.3.0
a96b794b-68bb-49e9-be8e-99362d1ff7a0,Iman Ibrahim,https://play-lh.googleusercontent.com/a-/ALV-UjWa8PO68bzW1FAmVUnDgp-N5K1dVtUDRYgC2Mk76VuadNCovX4,please use the cute ui as a professional developer,3,0,,2026-04-28 15:56:23,,,
e1a58ce8-203f-486c-a376-a415694cb2b9,kibrom Wolday,https://play-lh.googleusercontent.com/a/ACg8ocIrIrB1wZ8ZF_zUXYepy0cDpIb6NBOPAX43zFPqVj1hgOTbcg=mo,Daily Of the day Transfer Limit Restriction If there wasn't If it didn't have Very Extremely Happy We would be.,4,5,5.3.0,2026-04-28 15:48:50,,,5.3.0
5ad0cb2f-8c41-4eac-bf3d-ede5b67e043d,Wakjira r Gudeta,https://play-lh.googleusercontent.com/a/ACg8ocL_3J00dwuLww6ui9bXE18fVmzB_u7h-44aFp4VWXgLrt07WQ=mo,best,5,0,5.3.0,2026-04-28 14:38:32,,,5.3.0
02633ef2-0023-495c-aa74-623e66a0ca65,Samuel Tashala,https://play-lh.googleusercontent.com/a/ACg8ocLcmjNCmC7-cL_7_87fmGOyps-a_lD7L5RqczMNj_s3uAElrw=mo,Amazing,5,0,,2026-04-28 13:10:01,,,
f8549d96-2d7f-4357-8dcb-2b545c24b4a4,Weldu Huluf,https://play-lh.googleusercontent.com/a/ACg8ocIIAEwL4rr8aHcvs4KPIcngTW-9d0XVk3qFwvbhSkdkMcLVCA=mo,it's better than before,4,0,,2026-04-28 11:38:40,,,
8daacdf9-de99-46fe-b11b-3b5254189503,Merkeb Gebrehiwet,https://play-lh.googleusercontent.com/a/ACg8ocI1qOqhxVs6U8UXTAz_3jLsYkYZQFk0AknNLe8t08Vb3hZ9Rg=mo,worst apk for a big bank,1,0,5.3.0,2026-04-28 11:37:56,,,5.3.0
82c83f17-d148-44bb-9918-ac8e4d5fbd68,John Feleke,https://play-lh.googleusercontent.com/a/ACg8ocJNdg5cy3I8d8D1jciPbEwfWw9YrdHjV-sKkUGvOws_ofqvbw=mo,doesn't work properly with safaricom network.,1,1,5.3.0,2026-04-28 11:33:28,,,5.3.0
7bb0339b-cd81-4b5f-bfba-0bc9be64ff72,Betemac creatives,https://play-lh.googleusercontent.com/a-/ALV-UjUTRYnQ--kJG_g4nen05gk4gayxKaswk4wKqT1u3FZH_6sxCsbE,"The app forcefully made me an update, since then every time I try to make a payment it keeps bugging and failing non stop. please fix that . this is a big company not a start up .",1,3,5.3.0,2026-04-28 10:19:05,,,5.3.0
54a02c36-230e-45f3-8c3e-2f3b64f75460,jose asfaha,https://play-lh.googleusercontent.com/a-/ALV-UjVy8QmRxf6laXYp86Uo_PUXKzQrokeQmi3rtPxkqvD0FZ44KY8,good,5,0,,2026-04-28 09:21:52,,,
60895214-f7a0-4c4f-aefa-9b04cf9f6bfd,Firomsa Desalegn,https://play-lh.googleusercontent.com/a/ACg8ocK2tOowIq-EoGV9yWa5HVVtvvZnzyUNhKKeHd0IsyubUlv-GA=mo,I found that when i am using safaricom network the app keeps crashing a lot and not working and as soon as i change the network it will work smoothly so make is a lot compatible with the safaricom network service.,3,4,5.3.0,2026-04-28 08:26:56,,,5.3.0
ce2e335b-53bb-4161-9e00-7fa412bc2d19,Seifu Yealmi,https://play-lh.googleusercontent.com/a/ACg8ocK9gfA-bovvMFNGXH6u3cVZ73ZLJeUhg8E-asczKJUJNGVl-Q=mo,go ahead,5,0,5.3.0,2026-04-28 08:05:36,,,5.3.0
87895c6e-64eb-4890-b8e6-4a8875d1e0b5,Dagi DADA,https://play-lh.googleusercontent.com/a-/ALV-UjWyO7IKLR8jKfoFGA4by-RUTcnWSBdp-G9w4KtpgnVUm7RkKCkZTg,nice,5,0,5.3.0,2026-04-27 22:14:49,,,5.3.0
5a158d79-5967-4f19-bc19-6f0cdee3c111,Goitoem Muez,https://play-lh.googleusercontent.com/a-/ALV-UjVp7VNpOX_k0v6s2lW6qLe1sdu-YAzk7hnzQ3G7j0pVXcw-GW3W,i like it,5,0,5.3.0,2026-04-27 15:26:02,,,5.3.0
f62d7269-94d4-43a6-bd34-0f88ec7181b0,Abiye Geleto,https://play-lh.googleusercontent.com/a-/ALV-UjUUfxRDOBlvzpRx27-VHs7_wRG7QokHR779Uv77mAPXUX24bFv4uw,ok,5,0,5.3.0,2026-04-27 15:24:04,,,5.3.0
c7a23821-3b21-4563-894b-86bbecec3e78,Biranhu Aschenaki,https://play-lh.googleusercontent.com/a/ACg8ocKYIvG3vqqgnGju_3kYGst6Vb4-UJyIkYY6q0LzaGijPVKGng=mo,ok,5,0,5.3.0,2026-04-27 14:26:02,,,5.3.0
5e7f397e-c67e-4dd4-b7eb-c28a946b3cfe,Daniel Tazeze,https://play-lh.googleusercontent.com/a-/ALV-UjURC8XmE23lSG9xvSrg1HlPAPVa61TcecOJ068baJjGQRGkHBCC,Good,5,0,5.3.0,2026-04-27 13:06:10,,,5.3.0
52e2e315-6b87-4a6b-87aa-1967ff664407,Bereket G/her,https://play-lh.googleusercontent.com/a/ACg8ocJ9S7jN1RCsPD5rkgKhxboOl-ck9gJxLHpOnbTV7_-kPyV5ZQ=mo,cbe mobile app best app,5,0,,2026-04-27 12:10:50,,,
c82927c7-73a3-4287-b6b3-a844873c565f,Ribka Abay,https://play-lh.googleusercontent.com/a/ACg8ocJ_v0xban7TGqaKQAKiUMeOFQgXaEc_U-wJ2-LHFqA_gTddRg=mo,"easy for use,and good privacy",4,1,5.3.0,2026-04-27 11:53:50,,,5.3.0
de0a375f-a639-4135-8e30-bffd0b593b76,Bereket Asrat,https://play-lh.googleusercontent.com/a-/ALV-UjV3pUnBECVdrdSm1Tv2gZk4yc23_23l6vI8k_YK3hCaYUGH0co,amazing,5,0,5.3.0,2026-04-27 11:44:24,,,5.3.0
6b2e6ef6-d9ca-48ed-9e19-80a27832e8b6,Abdlwahab Mustafa,https://play-lh.googleusercontent.com/a/ACg8ocJMZp6QIV4_7Ls652Na-kJxekIDa9WSm8C_cbK63Un_HHkT0Q=mo,i really judged this app. 99% were profit exclusive for others only with organization benefit.,1,0,,2026-04-27 11:34:11,,,
49e0c91c-8237-4abb-b568-6e39960b2afe,Barnabas Tefera,https://play-lh.googleusercontent.com/a-/ALV-UjUao4Kd1KrBT-66Ncf5fNTjkjIrgRyvxl5OXtQoTUluciddMBU,unable to use it is not performed well,1,0,5.3.0,2026-04-27 09:39:32,,,5.3.0
007a66ec-3d1b-4221-bf88-9f21aaf63637,Abduye Kedir,https://play-lh.googleusercontent.com/a/ACg8ocIZlvj_CjQeb26no6bxfVYqyeVx5ULQbNJpK_LbHAOxnCpAtg=mo,ወከቀቀ,5,1,5.2.4,2026-04-26 22:11:13,,,5.2.4
233fe34d-5e9c-40f6-9ca2-50e43597106d,Dessalegn Lemi,https://play-lh.googleusercontent.com/a-/ALV-UjWkWzMSnHhmjbePCgAI-zlfAOoF79Q17mLXOg73Ss_06Z8i3sI,Nice,5,0,5.3.0,2026-04-26 20:48:05,,,5.3.0
3a4be5bd-e5e4-42fc-a538-d939393c7b11,Esayas Gebrewahed Gebru,https://play-lh.googleusercontent.com/a/ACg8ocJbJMp5OtBHurnPnS4f7OcG390el5QTETkk2ngpQO4HOQnxPQ=mo,This app is very good and helpful I am Happy working with cbe mobile banking tanx all members and I am ready invite all my family and friends ❤️,5,1,,2026-04-26 20:18:05,,,
95833985-ad3f-4ff5-ba9f-5e3a2f43be4e,Ashadil Mohammed,https://play-lh.googleusercontent.com/a-/ALV-UjUsjtxHHvJbdSePLKwhyHbJKw8mqOOMq_HSvdLHJIR6BLZuTr4,Samsung A-5360 is not my device and i did not opened by this,5,0,5.3.0,2026-04-26 20:18:01,,,5.3.0
41a1c4db-33cc-4566-9e9a-aab3ca95e27b,Worku,https://play-lh.googleusercontent.com/a/ACg8ocLnSkCNgS2Pdg8IQSSwxJs6NTEWszOFvJSQymudfk-l7I96bg=mo,notwork totransferto other,1,0,,2026-04-26 17:14:38,,,
18aab07a-2816-4fc7-971d-3838a0db55db,kenaw D,https://play-lh.googleusercontent.com/a-/ALV-UjUyfJ8MIp4BNg-oEFr1OsLgy57PFI1Y253c4MzO7N6rslg32z8,good,5,0,5.3.0,2026-04-26 13:54:07,,,5.3.0
926205cb-331b-48a8-82cf-6e7eb5f8acb8,Abera Getachew,https://play-lh.googleusercontent.com/a-/ALV-UjU73Y0_1WTB0KXDpydYFO8fLbS6SoAZ41-zm3ShdVYGhB7aayg,የCommercial Bank of Ethiopia ሞባይል ባንኪንግ አገልግሎት በአጠቃላይ ጠቃሚ ነው፣ ግን አንድ ችግር አጋጥሞኛል። የሂሳብ ቁጥር በምናስገባበት ሳጥን ላይ “Mr” ወይም “Mrs” ከሚለው ቀጥሎ ያለውን ስም ለማስገባት ስፔስ (space) መጠቀም አይቻልም። ይህ ተጠቃሚዎችን ስም ትክክለኛ ለማስገባት እንዲቸገሩ ያደርጋል። እባክዎ በዚህ ክፍል ስፔስ መጠቀም እንዲቻል ወይም የስም መሙያ ስርዓቱን እንዲሻሻል ቢያደርጉ በጣም ጥሩ ይሆናል።,4,0,,2026-04-26 11:00:34,,,
017820e6-ab50-42f5-9474-3fc922628d90,Idilu Bekele Oda,https://play-lh.googleusercontent.com/a-/ALV-UjX_9IVCSCtHIZHC268OH0Jyz3yab-vwWZE4ROM9OB0WTVJrHCvT,🫶👍🙏,5,0,5.3.0,2026-04-26 10:39:10,,,5.3.0
20ff9d01-3e89-4746-a662-eff1ff116b92,Asebe Maga,https://play-lh.googleusercontent.com/a-/ALV-UjUDs_KQQ210qJdfawUtZXL9aicQGahtgMDLyArIGdOG9Jg6CfB7,ok,5,0,5.3.0,2026-04-26 10:13:34,,,5.3.0
bbea8631-e278-4017-b15f-1ff93c32c3e3,NAHOM ENGIDAWERK,https://play-lh.googleusercontent.com/a-/ALV-UjWNEBPdfvk7RBRWQb7fmeYDqRKtcCLjOg77kRb29UnjHgbokw2j,good,5,0,5.3.0,2026-04-25 21:51:53,,,5.3.0
9c330be8-b0ff-46b0-a5a7-53d7a368751e,Esse Mohammed,https://play-lh.googleusercontent.com/a/ACg8ocI3KfqOZghfcKAqHOIu81kUsv7HX9MvDNbf_aFc26cLdrRA-Q=mo,I am very comfortable because we can easily access various transfer services that we used to have to go to the bank.,5,6,5.3.0,2026-04-25 19:36:33,,,5.3.0
bdd84631-46fb-4462-b674-ef737f65b619,Areb Ziyad,https://play-lh.googleusercontent.com/a/ACg8ocJ3jJtRpSu9wGX01SXd1JA1aCJ8Eeqp1FKatEVTh59GVeHvWw=mo,ok,5,0,5.2.4,2026-04-25 19:13:31,,,5.2.4
93a71b3e-eef7-41ee-8a01-b987b3f4bdbf,Mahdi Ibrahim,https://play-lh.googleusercontent.com/a/ACg8ocIoEju1yuQgXwAWYUwJPU_hj1fiHbal2E8tb4WPTDV53cnqzA=mo,good app,5,0,5.3.0,2026-04-25 19:02:07,,,5.3.0
bdf0adc0-ce3c-441c-82fb-128c8b64c19c,Redait Beza,https://play-lh.googleusercontent.com/a/ACg8ocLaztHZ8Oz7D6zV9u3ppoDM9TxqWHSIdP9Rdt4Hf9dZ7t6d2g=mo,i am so happy,5,0,5.3.0,2026-04-25 18:50:18,,,5.3.0
d5b3a449-1cc9-42d7-96d3-b8c7cd039e5a,Mekibib Abiy,https://play-lh.googleusercontent.com/a-/ALV-UjXQYtSBYGpUTr6gi4-5Fu_fIct8Z-F6s_SjfOLI8u3TzNzEm5Kr,good,5,0,,2026-04-25 18:39:44,,,
4376e57e-5100-4ff1-80f9-c381ee6c4e7e,Biniyam Tilahun,https://play-lh.googleusercontent.com/a-/ALV-UjUtKm5uvHXEYOppgnr-ih-SYcwTMBq-S1k654zoES0dgomtOUDp,The recent update is trash. I couldn't refresh the page. It's not even trying to sync. Please fix the bug and release a clean version.,1,0,,2026-04-25 15:00:10,,,
3f55dc9b-0a86-44c1-8dc9-e900b7215342,Yordanos Wolde,https://play-lh.googleusercontent.com/a/ACg8ocJi3BulVI8nrD4kNGFJs0W5pG1IWO5LU58T4ZxE9IDavJNgRQ=mo,good job,5,0,5.3.0,2026-04-25 14:51:23,,,5.3.0
077dab03-611b-494c-8244-6dec9d98c3bb,Abraham Moges worku,https://play-lh.googleusercontent.com/a/ACg8ocIfkJL-FNGBO_yOrEJV36AjBLtrnl7s9kRafzkHLuAORdPTdA=mo,I'm from Ethiopia and proud of CBE service app.,5,0,5.2.4,2026-04-25 14:42:52,,,5.2.4
0f1dc09a-d6ca-4d96-a800-68e0df716176,Muluwork Assefa,https://play-lh.googleusercontent.com/a/ACg8ocIUn941AaqyI7FgcY_NdgS2kl-bFZDTLYmWjH7HkZxnHJUN7g=mo,I am successful with app,5,0,5.2.4,2026-04-25 14:32:26,,,5.2.4
c707c7e5-9dd0-4244-b8f3-861586b86c86,hena_88 Begashaw,https://play-lh.googleusercontent.com/a-/ALV-UjWKOGmFJnaSo0DKitlyTpP5OapRa6m_goHEJ0iW2BsAMX1CB044,everything is boaring the previous one is good,1,0,5.3.0,2026-04-25 11:57:36,,,5.3.0
213938b5-1ffa-40f7-815d-f348040e244a,Gutama nageyu Guji Guji,https://play-lh.googleusercontent.com/a-/ALV-UjUYAVQ6O3fz98RFw1QfT2tdhVKVgdEl4Ojd7pL_4CZ5e2XMuUE,best,5,0,5.3.0,2026-04-25 11:01:49,,,5.3.0
0737fe99-8d46-4617-92ca-fc7835b45093,Gizaw Heamo,https://play-lh.googleusercontent.com/a-/ALV-UjUp06t0osHBVscnj5Sw5qqy-B1SwwkCzpY52-25PEemSlljqpU,good,5,1,,2026-04-24 22:32:23,,,
6b0fa39d-9bfe-4321-8eb0-64efb84e7044,fami awol,https://play-lh.googleusercontent.com/a/ACg8ocI-45zTlBVHjpB2Gyh-GZ3qbcyqGNopLRH0MfTqJVVL3xG_FA=mo,good app but it needs more languages do it with more than four languages,5,1,,2026-04-24 20:58:16,,,
c9b93b61-7302-4183-9b64-0af04756e3fd,Kbrom Kahsay,https://play-lh.googleusercontent.com/a/ACg8ocK7J0u3vCT46rLQNWMTLKeRJymkQ5BHOv3kjJmxAkCwTIc1lsg=mo,good work,5,1,5.3.0,2026-04-24 18:52:56,,,5.3.0
744d00e1-eb14-42ec-82c2-d5d96be3a133,Ajib Abdilahi,https://play-lh.googleusercontent.com/a/ACg8ocJBoae8dkH5m6BShuREbyM0oBycHCqjAFVAyTFRGHcXi7TPug=mo,ok,5,1,,2026-04-24 18:42:39,,,
9819cf1b-61d0-41b8-865f-a1d74e59b7c8,MULETA ABDISA,https://play-lh.googleusercontent.com/a-/ALV-UjUHAqCK-hQOlW4M0GO0jIW2rB_bG6DYUeUTxdoa9zTsGm7IpVo,wow app.The developers make improvements every time.,5,0,5.3.0,2026-04-24 17:24:16,,,5.3.0
2dd3486a-0f32-4c4b-a0df-0373ad43ba27,Kassahun Awoke,https://play-lh.googleusercontent.com/a-/ALV-UjUp7w8wH9mMTeJ2Hr3TNpeC7S9-40CdinNmFbw7DP0omQquWvFj,nice and perfect,5,1,5.0.4,2026-04-24 16:06:27,,,5.0.4
dcdbe309-d836-4c8f-af2f-33a28bf3f6ee,Nebiyou Ashagre,https://play-lh.googleusercontent.com/a/ACg8ocLxtuclIKL-iE2z9H-NAUn8fAJ9brXtmzNDoRSN2Gz0LWK4OA=mo,best experience,5,0,5.2.4,2026-04-24 13:37:51,,,5.2.4
37d693a0-f6b3-4c9b-90fb-a38a0cd40962,dawit demesse,https://play-lh.googleusercontent.com/a-/ALV-UjU_iEGSgwQaTG_5QZNUGur9fq2OSKFN8l78-5eYAJ3KZTIOzi3n,the best,5,1,5.0.4,2026-04-24 13:27:25,,,5.0.4
d07fd558-57b9-47a4-8552-890435e8e0cb,Hunduma,https://play-lh.googleusercontent.com/a-/ALV-UjV9-AjGMjgLDK0o81PLBpNInEJzs5fHtENedURO6OgltpXT5eFb,What's wrong after i update the app unable to open,1,0,5.3.0,2026-04-24 13:05:07,,,5.3.0
f67c2405-fb7b-4203-b6c9-bdfa053ab22f,Yohanis Teferi,https://play-lh.googleusercontent.com/a-/ALV-UjXbWc1oXFBYC2c_skRR7-Wlj86z2J84OdN-P8prMK-8WfoaVH0b,nice,5,0,5.2.4,2026-04-24 11:34:30,,,5.2.4
eb493847-39e7-489a-853e-de65fb51541d,Najmudin Yusuf,https://play-lh.googleusercontent.com/a/ACg8ocK6WmNBOJsGB46go541fmT6VvmKUEG8HtHh3l87GzprkmLhAQ=mo,👍👍it is good. pls Hide the amount that appear on the top when we need to transfer🙏,1,6,5.3.0,2026-04-24 09:37:05,,,5.3.0
a6b90a4c-4f99-46c4-a191-ac7041d31df7,Amaha Abesha,https://play-lh.googleusercontent.com/a/ACg8ocLl_-3kXoDVckbxL4MEW1CkGEkbcS7slD7JUXP2VUxLYUNENw=mo,not sure at the moment,3,0,5.3.0,2026-04-24 09:21:55,,,5.3.0
fb519f9d-6352-4d77-8f4c-5c04212a1a01,aschalew bogale,https://play-lh.googleusercontent.com/a-/ALV-UjVbBJgQ-K7RKjr8OEh1Qu7fVhz7k5sYeU5MbR1vqOeK9ue09_-P,Good,5,0,5.1.0,2026-04-24 09:16:00,,,5.1.0
9e1cb9b7-114a-4af4-8c89-64aaf8dd9126,Dahir Ali,https://play-lh.googleusercontent.com/a-/ALV-UjXKKAGlQ5RxjyuEh9pG8G3OnSQN_We7IdARU-VXy1NG6Cdw3xM,it's the best app i have every seen it is fast and securty,5,1,,2026-04-24 08:41:27,,,
9601a42a-e918-4fad-94a1-e97153f75161,Hussein Zalalo,https://play-lh.googleusercontent.com/a/ACg8ocLMrAbp3WlBO7bwjO-ynQ4sAmouUOkXe-ZNJfoXdzRCql8vAIo=mo,Useful apps,5,1,5.2.4,2026-04-24 08:30:45,,,5.2.4
4b2c9e31-174f-4862-853a-9ac1453d5151,Achenef Belay,https://play-lh.googleusercontent.com/a-/ALV-UjUtveluCkDIsXFEmY-HVw2UfOVZ6IeJgoHtmja5w2JLi02w1XRAGA,easy to use,5,1,5.2.4,2026-04-24 08:22:18,,,5.2.4
1ca885e0-05d3-47e4-8197-22024bd5855d,Alex Negash,https://play-lh.googleusercontent.com/a-/ALV-UjVbrTnbhiMByUANc9yh3kw6qo5247LG8A7456mjYPCFM1fLITc,waw,4,0,5.2.4,2026-04-24 07:39:39,,,5.2.4
23de9fd4-cc2a-44e7-9de7-4d509d6bff76,Kasahun Habtamu,https://play-lh.googleusercontent.com/a/ACg8ocIEsg4rPSetHnDPzw9XqfKp7tKESzWXBKFW7E-qZodetrvStw=mo,"This app used to work well, but now it constantly shows an error saying it can’t load my accounts and tells me to visit a branch. I’m not even in the country, so that’s not possible. The app has frequent issues and needs better reliability and remote support options.",2,2,,2026-04-24 04:49:52,,,
6d6450b4-8242-4a96-8199-71909bd6ab3a,Ahmed Mohammed,https://play-lh.googleusercontent.com/a-/ALV-UjXw9qY6XAKLpko4eAma0TLKocmQka6jEE3UxlXGfpByGOs_Ys4,Very good,5,1,5.3.0,2026-04-23 23:08:26,,,5.3.0
a90504bc-e96c-442b-9f67-a45dea168589,Lidiya Yihun,https://play-lh.googleusercontent.com/a/ACg8ocI0a3a7lHZbBnLjBsYjtqMUubZ6tpM1j76mD0h0hhzai4LecA=mo,አዲሱ ገጽታው በጣም ያስጠላል። ለአይን ይከብዳል። ወደነበረበት ብትመልሱት።,1,0,5.3.0,2026-04-23 22:04:48,,,5.3.0
51cafcbf-3067-4242-9be7-8b37fa122db5,Yoska Godana,https://play-lh.googleusercontent.com/a-/ALV-UjVL-IjEo12E_nZ6hKb6T5WrhxWB-n2JMvTZACVWaEN7DyvlweE,I like it but sometimes there is a system error,4,1,5.3.0,2026-04-23 21:44:07,,,5.3.0
e991171d-d307-453a-9826-b91f253fd6bf,Biruk Negash,https://play-lh.googleusercontent.com/a-/ALV-UjWWvpMtUyVR6_r1ZxfoUwaphXlSbHBF_rH__Fiqq7plqlmwkrBsZw,good,5,1,5.3.0,2026-04-23 19:00:48,,,5.3.0
99853993-d304-40ba-895c-6941f63d0bcf,Danay Entehabu,https://play-lh.googleusercontent.com/a/ACg8ocIMzVmk_sfteRfPQGNomRXLzRfver5CXIXUm3d2qK_u7ambmg=mo,"the app keeps asking for update, even after being updated",3,0,5.2.4,2026-04-23 18:12:14,,,5.2.4
c411921d-8b01-4c84-98bb-8d913d9d4e71,Wardii Mahammad,https://play-lh.googleusercontent.com/a-/ALV-UjXsBOls7kiKuMsBcSaS9PpNoa7uRW1w3N3Bdxa_8HPYT0632d0,"This application was not that great, and its performance has unfortunately declined further. For the past week, I have been unable to access my balance or transfer funds. This situation is causing considerable concern and inconvenience, as I cannot access my money in a timely manner. This has resulted in late payments and a loss of confidence and trust. Furthermore, I have not received a response to my message to the customer support team",1,5,5.2.4,2026-04-23 16:58:41,,,5.2.4
5d117f51-34cc-455e-b797-bda7f108f7d0,Gebretsadik Gebrezghier,https://play-lh.googleusercontent.com/a-/ALV-UjWkoKgpxYzFoat8gN78V9qa8OrQ2OfvEspzsCMH-jp8SWfas7s,good,5,1,5.2.4,2026-04-23 16:00:39,,,5.2.4
391b168b-2680-4933-abb4-611877f89557,Ashenafi,https://play-lh.googleusercontent.com/a/ACg8ocKFc0mw36XO7Up9ZxnstLTHuCOciCoUddA3PGZPyD3cyPb4Wg=mo,like,5,1,5.2.4,2026-04-23 15:56:17,,,5.2.4
2a772789-7532-4f73-a0bd-7fb6d00ab768,Dawit,https://play-lh.googleusercontent.com/a-/ALV-UjVhzvHgLo2FuQG8EvLRmhvwqOpNe3vzD4Ed-7VrSBn1JTBtXwM,Good !,3,0,5.3.0,2026-04-23 12:58:14,,,5.3.0
2f7eaaf6-68d5-4940-8098-8414cbe48da9,Mule Meko,https://play-lh.googleusercontent.com/a-/ALV-UjUlN6CYMtiO7ngEmbUatrP8QwuXfcSRMytgqpg_VwqnVRYLTOZk,good,5,1,5.3.0,2026-04-23 12:35:00,,,5.3.0
d96f096f-f717-4f2e-9938-df78cc762eb4,Giovanna Pani,https://play-lh.googleusercontent.com/a/ACg8ocLeB4xmbdpMi8ZfmA-JNctCFC24Y2KH_3tfMtuGQfiVCiRlDA=mo,good,5,0,5.2.4,2026-04-23 11:28:38,,,5.2.4
7f48cc9c-d000-480b-aaee-4e0a1e75e962,alexis get,https://play-lh.googleusercontent.com/a-/ALV-UjXcBTeOwleF55exuo7E8XW9bT0y_AB_nDAjncTrfWgDMzpoH6H7,very good cbe app,5,0,5.3.0,2026-04-23 10:23:54,,,5.3.0
8765780a-a1e9-4973-86e9-9d0d59ce7a97,Markose Tetu,https://play-lh.googleusercontent.com/a/ACg8ocIaiaqBXSx-vrbFdoCnq6Pr6Hv6EJ-OiUjk2_w-W_hvUWdV5g=mo,tel birr,5,0,5.3.0,2026-04-23 10:09:16,,,5.3.0
e2c16713-196d-4987-9f66-d33554e353a9,Beharu Kemal,https://play-lh.googleusercontent.com/a/ACg8ocIPDouXlJcc-Pyc5KTMwG0ztcqbI8WPwtY2ye_zMcAGwsuOvQ=mo,halaba kuleto,5,0,5.3.0,2026-04-23 07:52:30,,,5.3.0
3bf494e1-9456-4641-8ddb-d346fc5e0cad,Online Life,https://play-lh.googleusercontent.com/a-/ALV-UjVMVx4rX2X2iq-RB0Gw8RqdAxOx5vNwYVx8oK7xCkjsLo8F9BQ,best app ever,5,1,,2026-04-23 01:16:07,,,
e41a5725-fb8f-4f5c-bf99-8856a8656f2d,addis alemayehu,https://play-lh.googleusercontent.com/a/ACg8ocKLLIVTNq_9_J2yPmxHCzi09mWy5mkcD44xeoLEWtnpq3q08Q=mo,it's good app for ease of access mobile banking transaction and use our time properly!,5,9,5.3.0,2026-04-22 23:03:39,,,5.3.0
3d79ac70-9e6d-4c35-bfff-1f10464d0f69,Khaled,https://play-lh.googleusercontent.com/a/ACg8ocJA5LDWhl-VaRKpljzjaHOEUoLseFQ_mAsWQjxLzhtzsH1iFA=mo,"pls make an option fingerprint Biometric payment only, it's fast and secure to pay",4,0,5.3.0,2026-04-22 22:25:35,,,5.3.0
98bc3797-e6f0-44f3-b5a1-a20da22b2915,Berhanu Tolera,https://play-lh.googleusercontent.com/a-/ALV-UjUWIdHKMLv5j0CsF0ciWcaSz8-_nZSlyHpe4UawSlM-mMzQaLEgpQ,በጣም ቀላልና ፈጣን ለመጠቀም ወድጀዋለሁ,5,0,5.3.0,2026-04-22 21:54:37,,,5.3.0
1e062221-846f-4c4e-90e9-0cb866c3e83f,Chalchisa Mengistu,https://play-lh.googleusercontent.com/a/ACg8ocKqgTBm_Ib1HYKVvjv9QQ-xJdI1ObAkzjNXIYLrxZKln-HdWQ=mo,I love this up to much eollahi,5,0,5.2.4,2026-04-22 21:07:55,,,5.2.4
769de229-360c-4cb8-922c-027bac840594,Eyobel Geto,https://play-lh.googleusercontent.com/a-/ALV-UjU4f1pNFQPGiwZfVW_6P_qaMl0vWoAjZ3Ol4-jC_Eb810wk99BI9Q,I hope this bank have excellent Mobile app but still not easy and not working in holidays why,4,3,5.3.0,2026-04-22 20:49:07,,,5.3.0
dd734d98-ffdd-4e43-bb6e-df5e57714564,Wubetu Zerihun,https://play-lh.googleusercontent.com/a/ACg8ocJpE-XzmWerQ3oY3gdm0n9mjSiisZSGGOhSt8hNn_e_dR9X3A=mo,best,5,0,5.3.0,2026-04-22 20:17:56,,,5.3.0
54cfb8b7-5476-4c65-99b4-c57ba37e146b,Fethi Mujereb,https://play-lh.googleusercontent.com/a/ACg8ocKYKdqna8N2-QGuA47j7zsopHIhMW2n31TxvKudtCWzD7YDZw=mo,"It's a great, easy-to-use, very convenient and secure app.",5,0,,2026-04-22 20:08:14,,,
f91c9e6f-d899-4d70-a95f-d808ca5f9d1b,Seid Melaku,https://play-lh.googleusercontent.com/a-/ALV-UjVQh8GzJkUN7d5OKN-DiBjbBMMPM8VhfH6qexU5V4UuKWSwE5T6,Good Job,5,0,5.2.4,2026-04-22 19:47:48,,,5.2.4
71a880f4-4b8a-4400-ad68-66212b59ddb9,Aytenew Mulugeta,https://play-lh.googleusercontent.com/a/ACg8ocKBTIJO49Lhs6Uxg6bvEts3ayTpWLIl_yBmUgfL_jM7NFho=mo,best,5,0,5.2.4,2026-04-22 19:44:16,,,5.2.4
2cc05444-e475-48e1-8a8f-8120c87aefd4,Nur Mohammed Ali,https://play-lh.googleusercontent.com/a-/ALV-UjWuBZLHsZvUqL1s-w9CebFakr3t2YZ0wRuidwVawnHwWIb6Flbshw,Best app.,5,0,5.3.0,2026-04-22 19:38:52,,,5.3.0
2656d052-478d-4770-b2e9-cf0de2afadfc,Ahmed Nur,https://play-lh.googleusercontent.com/a/ACg8ocIeJPC5EOZKMKv7M6sjPFgFdr5EHGe3GXX-lpbL920pRkMxulA=mo,it's so use full and secure 👍💪👌,5,1,5.3.0,2026-04-22 18:40:19,,,5.3.0
f458405a-e617-4ad2-93ef-27130528e855,Sis Asefa,https://play-lh.googleusercontent.com/a/ACg8ocKB4jv4NtZ_LoOFQEQNsvfRS-AdpaAqf2RzknG9r-QGkq0fbg=mo,"there should be atm voucher access included , and also the app crash sometimes .",1,4,5.3.0,2026-04-22 17:11:41,,,5.3.0
34102a69-8d3f-4f76-826a-75af8e0ada59,Esmail Muda,https://play-lh.googleusercontent.com/a/ACg8ocILIyKE25Qow4QIskue7FVbbSa9q0VTaHKrFgO9cSI_mKwJUA=mo,ok,1,0,5.2.4,2026-04-22 16:41:29,,,5.2.4
e5e7f832-6759-4005-9df6-5f8d6b354551,Kirubel Fekadu,https://play-lh.googleusercontent.com/a/ACg8ocJY8ASDLpR4nMM5aTt5oPPsnekiV5Rywu0hG1VeY3Vytz_IIK0=mo,"The app has some issues we need to have a place where we save our contacts where we usually send money to, after update I keep loosing all the important accounts.Also user needs to configure their notification types we want to receive either by email ,SMS or both. right now I don't get any notifications when I receive funds from companies.",1,36,5.3.0,2026-04-22 16:29:05,,,5.3.0
07effce7-fddb-4d7f-9d5a-b91eb6604650,bisrat chanyalew (Bbking),https://play-lh.googleusercontent.com/a-/ALV-UjU7cpY_t7qoyns4XgCHK-KeoWmDZ4wdMufeRV5y1XuFVJHCwV7ohQ,after the the recent update the app not responding. even transfer to telebirr isn't working.,1,8,5.3.0,2026-04-22 16:24:47,,,5.3.0
656366e5-8bae-4756-b749-4c400127b9fd,Yihun Yalew,https://play-lh.googleusercontent.com/a/ACg8ocK1VV7xcvoVRYNyRsHqNkjKTPdfuW1I92e9k8xoenZ1CG5_iA=mo,Need more additional future include for now it's not bad,1,0,5.2.4,2026-04-22 15:17:37,,,5.2.4
baa262e4-2e42-476d-94f6-49fab13f4734,Yakob Grate,https://play-lh.googleusercontent.com/a-/ALV-UjUTRfCveboK6R8_h5Dg93QGS207OueqAjDIcb6-rxDbtkKtM6my9Q,I don't like. I can't make transfer to my own telebirr,1,2,5.3.0,2026-04-22 15:17:31,,,5.3.0
353128a8-9c2c-4bd0-8569-66d04aab37e5,Semir Mohammed,https://play-lh.googleusercontent.com/a/ACg8ocJrW7MWBZ7YISMJrBRQfvuJPRTYXVqShOM80wxSRILhJPdhQA=mo,lag and stack not quick response 😞😞,2,1,5.3.0,2026-04-22 14:49:47,,,5.3.0
7c9d3ccb-f6f5-4823-8fa9-53726d302ca7,Girm Asefa,https://play-lh.googleusercontent.com/a/ACg8ocLpE6UXYgJahO1AaSnLCIHMytAAP5EVUXdgRE_mx2Na1g4tlg=mo,it good. to get services,5,0,5.2.4,2026-04-22 14:41:37,,,5.2.4
63485212-9554-4d81-a546-76607ab56528,Haben Mebrahatom,https://play-lh.googleusercontent.com/a-/ALV-UjULor2OpgC1eYfVwlLcpMr0ihB2mXTdxcgeIy9q0EzcIs3EhuRg,good,5,0,5.3.0,2026-04-22 14:33:44,,,5.3.0
28549967-1ae6-4084-ab00-613c84bdd90e,Habte Amen,https://play-lh.googleusercontent.com/a/ACg8ocKxv5Ae4hLWYSAgN_LB-oWJFFNKSvy7QN8Vpd5CxToMXRaujA=mo,Number One App,5,0,,2026-04-22 11:04:12,,,
3b7393b7-a619-4936-ad7d-ad44b52ee830,Chala Bacha,https://play-lh.googleusercontent.com/a-/ALV-UjX_0II8Xv0XlpNbm-v1yUsOq6CoEPa2LmJ6bVYwxsMx9u6TeFw,is good,5,0,,2026-04-22 10:41:08,,,
f77e0cd2-e0c2-47e3-ad9c-3e245f97c587,Muhajirkedir,https://play-lh.googleusercontent.com/a-/ALV-UjVJkx4Zun-8jlLr_DSMJmYd4jDoHT9zvwcLpWRcIktS-Rk0yGZa,ok,5,0,,2026-04-22 10:28:03,,,
9d86e1f7-3991-425d-a416-2650173e2316,abrham hiluft,https://play-lh.googleusercontent.com/a-/ALV-UjX0n21G92goi2vji0YoQD68UG6_ypSlrvpYk4Xq-1GIU_tEC8dK,this secure app of all Ethiopia mobile banking ever.,5,0,5.3.0,2026-04-22 10:27:38,,,5.3.0
1e4834e4-591d-436c-a82d-dd681b18a70a,Daniel Shiferaw,https://play-lh.googleusercontent.com/a-/ALV-UjWwaeZ9CwWse6oNojb22P_NeIWJtns_ataFtpqYI-9TvXWXd4YT,perfect app,5,0,,2026-04-22 09:16:30,,,
21776dfa-086b-4227-a973-3eb6b227d818,Jerry Me,https://play-lh.googleusercontent.com/a/ACg8ocKimB2_65P4ocJN4QatfLKxRrCa0JJ7CzZ4iZFlMO6JeKDMoA=mo,owww cbe,5,0,5.3.0,2026-04-22 08:41:42,,,5.3.0
9e675a01-cdc0-41a0-b3e6-d8bbb4d4fa7b,Solomon Yigezu,https://play-lh.googleusercontent.com/a-/ALV-UjVdzzVZaLvRbW29pxRSdPnV1Xox5BoR8ww53D_Wg_Timrz6zZ-x0g,"Very secured, fast and favourable",5,0,5.2.4,2026-04-22 07:56:52,,,5.2.4
0b1601a2-8414-4a17-bdbf-95a8fc775b22,Samuel Eliyas,https://play-lh.googleusercontent.com/a-/ALV-UjU-p48nSlep-17xGIE_VaEibFqQgabUhqWnWqNE5uTYkTb0LhU,best,5,0,5.2.4,2026-04-22 02:35:15,,,5.2.4
fdd2e0b0-20a0-46a9-b055-2035be5af005,شبلي,https://play-lh.googleusercontent.com/a-/ALV-UjX-8A-76BF-DhiHlZ6A1VhXL_VRL-OBIvyRTNsaSPiNnSJboa2i,very nice 👌,5,1,5.3.0,2026-04-21 23:59:01,,,5.3.0
a47676b1-8ea7-4d8f-9877-3d9796fae7a1,ابو خاليد,https://play-lh.googleusercontent.com/a-/ALV-UjVnPQUBJA8UUSi6yw4oJ-sblBUaTG8mU5Y7khGNKoM3L12ATVb7ug,اليش يتعخر معرف والله,5,0,5.1.0,2026-04-21 22:56:11,,,5.1.0
c59a5158-3dc4-4bca-bab0-db8afeb0e548,ILIYAAS AHMAD,https://play-lh.googleusercontent.com/a-/ALV-UjWRk06Db5ooTN_E3zwUYrofnPW4Bnd9f9E_kwAYePaoyhXYFPv1,good application 💯💯💯.,5,0,5.3.0,2026-04-21 22:48:25,,,5.3.0
0983b167-b0e0-4e46-bdcd-f9f789b54da5,Lelisa Tekle,https://play-lh.googleusercontent.com/a-/ALV-UjXx0eAynKGY3152zgEYrqpRYvj8IQ4e_pHc28mVj-fM7eJCZOe3,best,5,0,5.2.4,2026-04-21 22:13:11,,,5.2.4
a7353267-3a48-41e1-9116-4df747fb15d0,Mayiko King,https://play-lh.googleusercontent.com/a-/ALV-UjWvXdYg7eqw4G_GinCpnNkiOZEJSx_iuhMv1dHEyoeJOge2tusR,ok,5,0,5.2.4,2026-04-21 22:05:02,,,5.2.4
91ec0cca-6289-4d8b-a451-bd7beaa5966e,Shawul Mengistu,https://play-lh.googleusercontent.com/a/ACg8ocJcU1AIildPBD4VN0F9DCMKhZNk7zsoK7XYhI7fNZiXDQ2Pnw=mo,good app,5,1,,2026-04-21 20:11:23,,,
19040c0b-9bdd-4c28-a1cc-c955536df913,Ab_ Tech,https://play-lh.googleusercontent.com/a/ACg8ocKbDZGaGaDYYvTun09tAAlth0p-3mi0bxfzHgfmoJTSIo7UlQ=mo,good,4,1,,2026-04-21 20:06:57,,,
8c0e54e5-ec7a-4cd8-a8f0-ee561a622107,FAWUZAN MUHIDIN,https://play-lh.googleusercontent.com/a-/ALV-UjUwz5hguBZ9gR-sIf-oC-wLewOVUJT8dtMEkHJwajD2xdxG1dw,Nice App,5,0,5.2.4,2026-04-21 20:04:29,,,5.2.4
736f928d-bbcd-4a45-a185-6e7f65edb90c,Fasika Tewodros,https://play-lh.googleusercontent.com/a/ACg8ocKxsc3UmqmlQQGjdT95ShhjH6r-8RQhtQIJxNMoOqvzUWfA7g=mo,it cost us a lot just by transfer and in other way not fair,1,4,5.2.4,2026-04-21 18:44:58,,,5.2.4
49ad724c-7cdd-4985-a75e-3f6f5e33bf1f,Buona Malual,https://play-lh.googleusercontent.com/a-/ALV-UjVgcGsBJi8u5yV8D1l3lBzuy7hJ5AWhXZ4ahuoEEVzAS_xTds-U,Great app,5,1,5.2.4,2026-04-21 16:14:15,,,5.2.4
b934991a-2338-4fbd-9898-0ef7fc41b532,Biniyam Demeke,https://play-lh.googleusercontent.com/a/ACg8ocLPYZ6uF8LBFaOCqdozFxVKcm4G9qHyb7v1T2plZ9JgfcCQfQ=mo,Interesting app,5,1,5.2.4,2026-04-21 16:11:13,,,5.2.4
6f379949-6e1e-4a56-b665-6e3cf79f57e8,Brtukan T,https://play-lh.googleusercontent.com/a/ACg8ocKjd2nFxwgqE6irhp0zp1vCwvbuVd5_HBR3iY541PSHhRWjSA=mo,ok,5,0,,2026-04-21 15:23:13,,,
32d79a7b-050e-453b-b0b3-041ff959caff,Mussie Mus,https://play-lh.googleusercontent.com/a/ACg8ocINlpdgklcSASsxvaKXMxLg1E7MZOtdeQGU0OdCdFvdpExXPQ=mo,"i didn't get feed back through message ,Why so?",5,1,5.2.4,2026-04-21 14:52:26,,,5.2.4
46cd25aa-841d-4961-9f6b-36a03ea6d841,biniyam yeshitila,https://play-lh.googleusercontent.com/a/ACg8ocKWh6N7gFeWnPS2nccaOMzE-lgOqhlPhOXhwoqfoHO8KQglluM=mo,good and fast,5,0,5.2.4,2026-04-21 09:31:29,,,5.2.4
6bf51533-a140-42e4-bdae-9be92d0d4366,daniel Getu,https://play-lh.googleusercontent.com/a-/ALV-UjWy22cowvV0t_izPlBn_l5smjfoRNQZWG4xtwzT9jrW11qvquk,"v, good",5,0,5.2.4,2026-04-21 07:42:52,,,5.2.4
30c2e676-2f2a-44f5-8625-916ea1661b5a,thute tihtna,https://play-lh.googleusercontent.com/a/ACg8ocL4vQoe-3Vp9XQlNt-kj1YHDrQK8vobon5T9R_ZpFnokDXxBQ=mo,very bad experience as its very slow,1,0,5.2.4,2026-04-20 20:29:28,,,5.2.4
16d65d1e-3846-4924-8ba9-cec1dfb07b04,Wegayew Berhanu,https://play-lh.googleusercontent.com/a/ACg8ocJv9W1UUfV2K57urK1xJseKYL1Jhk7x_yIC4aAAJAYjGMjMgQ=mo,i luv it,5,0,5.2.4,2026-04-20 16:10:15,,,5.2.4
184ad1f1-8456-4112-adec-168ab1d1a4f7,Eyuel Bekele,https://play-lh.googleusercontent.com/a-/ALV-UjXtGGEH5Qz57aQVzk1Z3JyEBzQEHvWsm14z7BI5Ze8qgLeJLr01,Good&fast,5,0,5.2.4,2026-04-20 12:37:59,,,5.2.4
0f81b0d6-3ae4-4c1e-8620-5f097ca36969,Abiraham Birhanu,https://play-lh.googleusercontent.com/a/ACg8ocIxStdMLeBL8eOpOFCCyxBUL_PzvyaLZv-H21I1S0i9i9yn4Q=mo,good,5,0,5.2.4,2026-04-20 07:10:00,,,5.2.4
612227e6-ce2c-4cec-8089-d75995099cb9,Yosef Solomon Nemera,https://play-lh.googleusercontent.com/a-/ALV-UjWGdK9wjBwpnpL3ASr_lEU4q6Ljs76uclYrN-yk84MIqKQdJxyE9w,good,5,0,5.2.4,2026-04-19 20:17:32,,,5.2.4
42cc1b22-bfa5-4c66-a4fe-fbd3a097b27b,Adugna Chala,https://play-lh.googleusercontent.com/a/ACg8ocKyiQhf1lZqMB6L1l3FukzrJmJUD9JMY7V3yFcBaYMfib4s4hQ=mo,የጣት አሻራ አገልግሎት አላገኘሁም። አጠቃቀሙ ጠፍቶኝ ይሆን?,4,0,5.2.4,2026-04-19 15:26:41,,,5.2.4
fac0ecea-f89a-414a-8e69-aa9b1d9520c6,Beki sha,https://play-lh.googleusercontent.com/a-/ALV-UjXCTi-W3at_y1Gi9dtHbcVBi4Hzg_QAuQeZxbbtmKqx0kBess_e,good,4,0,5.2.4,2026-04-19 14:52:00,,,5.2.4
efee984f-137b-4909-b1f6-c241950936d4,mobile user,https://play-lh.googleusercontent.com/a/ACg8ocLz-FuVCUAcPlMcgRTNkWDBUCsUOhmfeOcWb0o2X0HHqe07lw=mo,Rtgs limit very small,3,0,5.2.4,2026-04-19 11:16:51,,,5.2.4
b97657dd-a8f5-40f9-8267-3e15bf03d00c,Adonay Aychew,https://play-lh.googleusercontent.com/a-/ALV-UjXVKeQpP96p5BMcnpQecgs4ldMVgSUVgdbfeczf2iFYliHsrXM,"Trasaction history not sorted in time basis, besides the hilight transaction and its details which is found by clicking the highht transaction are diffrent. Generally, the tansaction history page has a critical problem",3,1,,2026-04-19 10:38:06,,,
b41c83ab-a58d-46ed-9343-e980a4c0d7ab,Adhanom Mulalem,https://play-lh.googleusercontent.com/a/ACg8ocLnmFlRnIE38w91InidzWlWtFSCGS6tBTUGEUQRVrWyvEwL7g=mo,good job,5,0,5.2.4,2026-04-19 08:50:38,,,5.2.4
73fc5a31-cef5-4a6a-977a-b465ccc3fc74,John Belete,https://play-lh.googleusercontent.com/a/ACg8ocLBpizEe1CrlRjndFJTR_mpj0Tblm4hxGzACKxXaBnlaJwOaA=mo,best bank for Android application form market place and key number,5,0,5.2.4,2026-04-19 08:08:46,,,5.2.4
91c8f4b9-626d-44a3-8913-f01cf2e94ede,Menbi Hailu Ali,https://play-lh.googleusercontent.com/a-/ALV-UjXkJmN6SVq5IX-PZlCNrwA8CRs-YHPtXrVAcrw0xkoMzBGpZ5Ju-w,i like cbe service,5,0,5.2.4,2026-04-19 01:51:02,,,5.2.4
e6dca956-eee2-4e38-880b-22ff60571652,Tesfaye Hilue,https://play-lh.googleusercontent.com/a-/ALV-UjURSrDvwvmQAKN58dXRArWpFLQyvn7iL-cDKx3llf20Cllt0oBn,አሪፍ ነው,4,0,5.2.4,2026-04-18 15:26:54,,,5.2.4
76c84868-9d90-4284-98bc-14198fbcfce5,Dawit Zewdie,https://play-lh.googleusercontent.com/a-/ALV-UjVA6f2aoAnIlD4pXk2Tz5bGTcRU2wD81KpPu2ZJ55PA9QE6w90,it is the best application in the Ethiopia I like it this,5,0,,2026-04-18 14:31:25,,,
b054ce73-98ad-4d65-9672-3bd39ff363f1,Ferhan Ambo,https://play-lh.googleusercontent.com/a/ACg8ocKPdisXOjP9hlE07hkCC8poNq4wASCp8YQUscH5wbPHCuQ143c=mo,super spp,5,0,5.2.4,2026-04-18 12:31:47,,,5.2.4
66c77025-a538-4136-98a6-0a3747b87642,Amanuel Welehaweria,https://play-lh.googleusercontent.com/a-/ALV-UjXwDo31IQkW8fHGeDaO_0Fha6RkmJJaAy0UCBfy1mS1jDhOCeM,I have 1 year and thank you for yo ur genuine service,5,0,5.2.4,2026-04-18 12:02:09,,,5.2.4
988cc8f5-5b95-4012-8bf9-3d262a8d6954,kasahun alebachew,https://play-lh.googleusercontent.com/a/ACg8ocISuhDALlgq0ud6AQGUfEPwXoJepINBEgOTQnZrTMarHG9Odw=mo,ካየህዋቸው ተመሳሳይ መተግበርያዎች በጣም ጥሩ መተግበርያ ነው,4,0,5.2.4,2026-04-18 10:52:29,,,5.2.4
7dc0b596-d78c-43ed-ad78-32062a97eeeb,Abinet Israel,https://play-lh.googleusercontent.com/a/ACg8ocLjf2qaqCdRNCWROU-kne4SHN3TXB5u4X5NCUlBtaj0RUUc1Q=mo,excellent,5,0,5.2.4,2026-04-18 09:47:20,,,5.2.4
b9221c44-16be-41b6-86d7-2ace3cbd62e8,Amin Aliyi Beker,https://play-lh.googleusercontent.com/a/ACg8ocKerpkGpAVAy7MKVwPDdtnYXN9SB0kXlV4Dk20-SQ_Lsn07Uw=mo,Excellent,5,0,,2026-04-18 02:18:01,,,
c586f910-edbb-420b-9908-ac49c42d1cb8,Kaleb Kb,https://play-lh.googleusercontent.com/a/ACg8ocKoiotb7Z82muyIz2ajGSDzntN8NMoABqKnOTYfc3OF6keqNg=mo,"im having a terrible experience with this app, im getting 'unable to connect' error, this happened for a while now and they didnt fix it, it is so unreliable in times i need it that i have to resort to using ussd code instead of it. please fix this issue",1,6,5.2.4,2026-04-17 22:24:20,,,5.2.4
f810f331-0921-413f-baf1-70f8fae1f829,Tola Saa,https://play-lh.googleusercontent.com/a/ACg8ocKj2klU-L0ae7zZqhGHQaG3dt7pK_xBpMmToCymqYw43opk=mo,Absolute garbage,1,0,,2026-04-17 14:58:36,,,
ba53ff9e-108d-4297-a60f-03b70b7ba7de,Abdi,https://play-lh.googleusercontent.com/a/ACg8ocLqhClDdgKQVLJ9_ai_58ZJ5E9DJwLt1MsNZ-8OVbqS49wUcw=mo,CBE does not offer anything international.,3,5,5.2.4,2026-04-17 14:28:43,,,5.2.4
b9dd5f81-1af0-432c-a1da-6b90ca410a33,Korii Zewdu,https://play-lh.googleusercontent.com/a-/ALV-UjUfJACkizocdSRlasiPFGIR7AqNlypzIG1r0AvmtqdTyiyB2p4,korsa,5,0,5.0.4,2026-04-17 02:01:43,,,5.0.4
d4d9a285-4479-4b3d-9563-2bed5e2a94fe,Abera Jebo,https://play-lh.googleusercontent.com/a/ACg8ocKTzeDzR9XS3ULcEVad3PyCDdh8bsD1Xm6wXcBgmwiKh-_f5g=mo,its good,5,0,5.2.4,2026-04-17 00:39:56,,,5.2.4
f23b5c33-fd43-4f40-8e33-8d414d1d5214,Lakew Kifle,https://play-lh.googleusercontent.com/a-/ALV-UjVQoMMBZ6iJXmARarPRvBwQ9xc1JqGhqzCz8EbYHKj2cRgOgHmo,very nice app,5,0,,2026-04-16 21:52:11,,,
4f2728b5-853b-4dbd-a5f0-748e79add791,23 “84”,https://play-lh.googleusercontent.com/a-/ALV-UjUIWq5myHT-PajKYfBepKoHNS1YG-Pjt5JeH5EXAAp4WwxGBqDQ,nice app,5,0,5.2.4,2026-04-16 17:27:15,,,5.2.4
2946c132-84a4-403c-8f2d-88e7b178f832,aman Man,https://play-lh.googleusercontent.com/a/ACg8ocIxkvekC1oT-baAGQMbXIZhLpip0qJxirQCIL-uJzfQ_dbuRw=mo,ok,5,0,,2026-04-16 17:08:49,,,
10fe807e-eda6-4115-b453-4b32b4e6209c,sisay ashine,https://play-lh.googleusercontent.com/a-/ALV-UjX8AriJhJ4z4Qoem_6Af5zFzWAtCjKtZj7hqQhxPtnhNSQNPHc,nice app,5,0,,2026-04-16 17:08:13,,,
e905409f-c30c-4d3f-a967-4e1438619120,Mini Wondu,https://play-lh.googleusercontent.com/a/ACg8ocK26pRPe59tUmw4kkkoc7VbkUltMnhA0fa8Wr8JONeUFnR0Lw=mo,it looks fantasy,5,0,5.2.4,2026-04-16 16:02:24,,,5.2.4
aef081be-7fc2-42f9-9ae7-fb9a292c835b,Melashe Ameshe,https://play-lh.googleusercontent.com/a-/ALV-UjVboQ82_8VIZ1BkZUDgCH8ySBhIqa0PPAqI8yK9FHbbSO0lmeU,it's best app to use recently and upgraded day to day for internationalization,5,3,5.2.4,2026-04-16 14:57:50,,,5.2.4
494d35f2-4043-4a0e-8afd-02c9210295f5,mebrate mamo,https://play-lh.googleusercontent.com/a-/ALV-UjXw2zHZy37RgZehdlcSN6xFkehwKrqYTUfMm-pz6Lhw5Zf33h7y,it is more convenient app,5,0,,2026-04-16 12:15:19,,,
17b17053-8d0b-49cc-bdb1-54d12f6b8ee5,Eliyas Alemu,https://play-lh.googleusercontent.com/a/ACg8ocJjMnjbR_NfV3boIagEBzTjQaPL2m6hdL8rcBB-ZmMyPj1xxw=mo,gooooodddd.....,5,0,,2026-04-15 22:49:05,,,
a0c0e576-d94a-4a09-829e-881f3b9c32ea,Mulusew Birhanu Ayalew,https://play-lh.googleusercontent.com/a-/ALV-UjUXFR3pOvxalpNckU4GMi4xHnBkqUSgGdxric4TnL5SRdAQXpVV,This is app is not fast and not working well in all android phone. eg it is not functioning well using one plus phone.,1,7,5.2.4,2026-04-15 19:45:49,,,5.2.4
b34fd636-e854-4cc8-bb24-4e1243e36650,Ayalew Weldemicheal,https://play-lh.googleusercontent.com/a/ACg8ocL5KQxcqg4PQ16C1Mz3Rf2qZZPs6B1uVoGFK9hDg--ERxkksw=mo,Factory reset made me to lose my pin to login to my account!,5,1,5.2.4,2026-04-15 19:19:51,,,5.2.4
ffffd562-15aa-41b3-ab9a-a69b7eaf8a02,Miracle Berhanu,https://play-lh.googleusercontent.com/a/ACg8ocIXxVXVQo2UX7vH_YVqL--5Wmf41TBypxN2_z5ZwjPJ_QJWCA=mo,keeps on saying bucket override when I try to pay henon school fee,2,0,5.2.4,2026-04-15 18:41:26,,,5.2.4
b5ac0aff-c5f9-4348-b223-771c8c155291,Awet g/her,https://play-lh.googleusercontent.com/a/ACg8ocKWzHEiFVpY76nhrKqkbgVffXIJATA4-hGP5XOMUXXTqd2sCQ=mo,"life longe bank CBE , Save & change your life.",5,0,5.2.4,2026-04-15 17:03:28,,,5.2.4
acd932fe-df6d-412d-b8fa-a644243425ed,Abebe Simachew,https://play-lh.googleusercontent.com/a-/ALV-UjU4SUE15HV7ajrKnT_8ymX-pal4P1sldO0HHkowL_S68htl7hc,ok,5,0,5.1.0,2026-04-15 14:34:40,,,5.1.0
f7bc060e-38a2-4bfc-aa9b-1f15c538dc22,M Bc,https://play-lh.googleusercontent.com/a/ACg8ocJZ2JR3F1J4Pt9R-j0QatHcirwwzncJcCzxU-jDKEFqma7QkQ=mo,good,5,0,5.2.4,2026-04-15 12:15:27,,,5.2.4
63a08f8a-6863-4ae5-a6c4-ec480f0c7fbe,Ethiopia mekuria,https://play-lh.googleusercontent.com/a/ACg8ocK_drR9vPb2V7_Bz7BrpcfprGs6FqA-AO-TiYpYVAtqdXQl2Q=mo,does not working well,5,0,5.2.4,2026-04-15 09:47:27,,,5.2.4
f2a957a3-f73a-4538-9ac7-eb9fcba24072,Danial Teshome,https://play-lh.googleusercontent.com/a/ACg8ocIIyfAl0WIVgk-cYMri2K76hqb6fDS5HqbwKwzeQz-8bt9XuQ=mo,it's v good app sometimes there is a problem on other bank transfers,4,5,5.2.4,2026-04-15 07:50:27,,,5.2.4
6e779670-e854-4f7f-b991-1cb6e8e9d8ae,Dejene Alemu Gemmie,https://play-lh.googleusercontent.com/a/ACg8ocLOUwJVH3NK3Gm3huNtosJx84dnVcYO1X5Y34FE2NJ-Ovff1VM=mo,pls speedup for quick uses,5,0,5.2.4,2026-04-14 18:08:30,,,5.2.4
a90ff5c3-df2a-4d25-a97f-9205c87fd306,Desu Yemam,https://play-lh.googleusercontent.com/a-/ALV-UjV4mTMErernLceEViUFs3iKY8WD0re2N9S3x-xs20LMb3JyBhKt,"before, it was nice. now it does not work and crash automatically",2,2,5.2.4,2026-04-14 13:25:34,,,5.2.4
a72a0363-f01a-4a30-a266-bd2090a9d2ef,Melkamu Mamre,https://play-lh.googleusercontent.com/a/ACg8ocKcaxKL17gByQd3eOy6H4fv5MMarj99QwMuPmzJ0xdYqt7kFQ=mo,Pls facilitate transfer to telebirr agent,3,5,5.2.4,2026-04-14 11:40:30,,,5.2.4
f50bec7e-b467-4668-aa73-e99c6c03cbe3,Usman Adam,https://play-lh.googleusercontent.com/a-/ALV-UjVhP_LKUYaZBkBef_Te5KtQ3i3fRWM56RD9PTpE_AFUFupa5hNC,sestemaa siresun osoo manaa banki hindemne namnii barbade national id isa fayadamee osoo banachun danda'ame bayye nammati tola live event qabate,3,0,5.2.4,2026-04-13 22:57:32,,,5.2.4
cca76eef-100b-47a1-af9b-6481374ad57c,Dave J.gobena,https://play-lh.googleusercontent.com/a/ACg8ocJHIKtZRJ63NMSa89mHPl-NEDPKdmJqsZ4sZkbi3cX1vKv8=mo,I customer for commercial bank of Ethiopia I trade,5,0,5.2.4,2026-04-13 21:25:09,,,5.2.4
79711e33-9124-4968-8e03-493312ed88e9,Assefa Korie,https://play-lh.googleusercontent.com/a/ACg8ocK7fZpmj-t7SQ0S0xCX8e4EpgOfXhgCY3l9oSgryVpXLGCrFznP=mo,it's has an issue,1,0,5.2.4,2026-04-13 13:54:19,,,5.2.4
2cdbbc7c-bfb1-4868-a6f4-f9ad299646bb,Tenaye Molalgn,https://play-lh.googleusercontent.com/a/ACg8ocJ9OHSVp39zJRBq_izM_LJGh63xB9Lp9ogsiDZD0F5vm9wPRQ=mo,good,5,0,5.2.4,2026-04-13 12:15:37,,,5.2.4
1fc4aeb1-30a7-4cdf-becf-fc4fc7846a29,Hawi Bekele,https://play-lh.googleusercontent.com/a/ACg8ocITaRg6OOlFXqDaCzSvEokr-rJUqC6YyVA_OKozhj7Eh2Iblg=mo,nice,5,0,5.2.4,2026-04-13 10:56:21,,,5.2.4
cc1bcc0e-70f9-4ef3-a8f0-7cd40ca2719a,Million Ayenew,https://play-lh.googleusercontent.com/a-/ALV-UjWoI7pJnlN-gZ_ArWponiyl_Xh-rq2C31MN3jKJDj6L4Sg8nWQ,accessibility need to be taken seriously. There are people excluded because of inaccessible apps.,3,0,5.2.4,2026-04-13 04:21:53,,,5.2.4
4661a152-ca52-405f-b841-4c3e21b59ae9,Zebiba A.,https://play-lh.googleusercontent.com/a/ACg8ocKt-IaQD16rCaEdxnGnzjrTw-gPDeLAk5wGzGrq7TTK_3L8OA=mo,"This application was not that great, and its performance has unfortunately declined further. For the past week, I have been unable to access my balance or transfer funds. This situation is causing considerable concern and inconvenience, as I cannot access my money in a timely manner. This has resulted in late payments and a loss of confidence and trust. Furthermore, I have not received a response to my message to the customer support team.",1,11,5.2.4,2026-04-12 18:10:48,,,5.2.4
cbb630b8-3478-417c-a154-bb4dfb61cb75,Abdaman Yenatu,https://play-lh.googleusercontent.com/a-/ALV-UjXsRb0e8vI3SLF3mIkBxhQmxCFU0BZnWGhcq-OCXYq07AvpWXA,🤙,5,0,5.2.4,2026-04-12 04:34:57,,,5.2.4
ba9334c6-a90e-49ab-a6a4-9621fed85b2b,Ali Shafi,https://play-lh.googleusercontent.com/a-/ALV-UjVdNOxglmwsvjCZ0KJXQmE-a4vuJisQ3Jd13GHUln72v9eih-mVvQ,I can't download this app please assist how it can be downloaded,1,0,,2026-04-12 02:30:52,,,
9bc7bb47-774b-4ee1-a35a-e4a1deb55671,Kidu Berye,https://play-lh.googleusercontent.com/a-/ALV-UjV6xBEIMfUvf72QcqsO2z45bmbyaGs7LiMZ6--p5EbMnmnU-pD6,"my favorite so far, but, how come we are not able to download the app and fix our problem ourselves? it is not fair to go to the bank and fix it for you? please think about it. Thank you",5,4,5.2.4,2026-04-11 23:03:49,,,5.2.4
6d7e06ff-5b7f-4eff-8027-f77d259f78ca,tesfaye dabi,https://play-lh.googleusercontent.com/a/ACg8ocI--eRZHIbuwfoEyGyehL0AJNsNUAuuNowAnx6XGXkqkj4mMQ=mo,lulit tukka giro,5,0,5.2.4,2026-04-11 19:44:20,,,5.2.4
23b936ee-deea-430a-b057-3095096fd204,Shambel Anwar,https://play-lh.googleusercontent.com/a/ACg8ocLZp6RsRFjdyrjygy4PzlcCz1f7EjtheEmYA5Wt7P0HhEnAZg=mo,Enough good even it hasn't transferring for other telebirr users,5,3,5.2.4,2026-04-11 16:08:36,,,5.2.4
2988881b-7ab7-4116-a192-38795dca3ef8,Sintayehu Alemu,https://play-lh.googleusercontent.com/a-/ALV-UjVPptjpEY_lvH5jahU1lkuQtNqKw7xRrFv_kArPu6XVYRPTlqtNzg,not good not bad.,3,0,,2026-04-11 13:52:50,,,
a2bbf57d-a3c7-44fa-b4fa-1d529e947f72,Akmel Dari,https://play-lh.googleusercontent.com/a/ACg8ocJHRsaQEV2iUBSoL3HIVacQSC56gbfBbp0-guP46aNkmUEHpg=mo,easy fast helpful for our business,5,0,5.2.4,2026-04-11 12:25:06,,,5.2.4
2eeb0413-aeea-474b-82b5-8e52da758bc2,Ayyuba Jamaal,https://play-lh.googleusercontent.com/a/ACg8ocJ36ROXwH08wloOUNq-5etOQX9iF6t5vqDta_rjnPKeVQyt2A=mo,good,5,0,5.2.4,2026-04-11 11:54:03,,,5.2.4
f9e36d63-8f67-4f7a-904b-062a6cb1a724,Endalk Ayele,https://play-lh.googleusercontent.com/a-/ALV-UjVMQkXPIe1jKQBa_Hj_c6SGapzmGxcSyUodNl_VgzzdPEvlAa0,good,5,0,5.2.4,2026-04-11 11:18:28,,,5.2.4
8342613a-7cba-427d-9676-513ded7bc38b,Tseday,https://play-lh.googleusercontent.com/a/ACg8ocJpj2W1PMjcZO-cNS3cXFHhR71A_jqsvwM2OIDF1lQ7WNcC7w=mo,bad strresing,1,0,5.2.4,2026-04-11 08:35:27,,,5.2.4
dec10628-3824-4a01-9d89-d21317137aee,MULUALEM TADESSE,https://play-lh.googleusercontent.com/a-/ALV-UjWJc1xUBtzCp0p6KAU7QWFQ_2EqVhJ6YGWYx-7w6edABLZ-tM4Y,cool,5,0,5.1.0,2026-04-11 07:48:06,,,5.1.0
65028e23-faa5-4715-ba1f-b2067ffe5a4f,Amensisa Diriba,https://play-lh.googleusercontent.com/a/ACg8ocLCNnEL12kohEEwkOrOms263EbLVPj2hJ79P6Ar9kuy4AwCLg=mo,100%100 Fast and Amazing app !! 🏆🏆🏆🏆🏆🏆🏆🏆 💞🌷🇪🇹,5,0,,2026-04-10 22:14:08,,,
4929147d-a8ad-49f0-a46e-1f354b94b039,Wakuma Gebisa,https://play-lh.googleusercontent.com/a-/ALV-UjUaku-SCtwN9CU7uXUWZv3aFoOnaqTBLrJcDX8BXpJgzpr7q_7W,Not that happy at this app,3,0,5.2.4,2026-04-10 17:57:34,,,5.2.4
5a667099-601e-47e7-be91-6b9d43ce065a,Terefe Woilebo,https://play-lh.googleusercontent.com/a/ACg8ocLl232jdyV6OTq0ofejO1A0UsWquo4wdgxUPfuL0XuK34rL1A=mo,Best,5,0,5.3.0,2026-04-10 15:54:54,,,5.3.0
f53d3f16-8e7d-4e43-83f1-311f134876e5,kal Kalab,https://play-lh.googleusercontent.com/a-/ALV-UjX9XcPCkc3SiaED46gCTvNoGbwV-6H7m7gFkYrQ39HzhbJcEgGK,crush alot,1,0,5.2.4,2026-04-10 10:42:13,,,5.2.4
041966dc-4eab-4bf5-aa16-0394fa2ae229,Nadir Sufiyan,https://play-lh.googleusercontent.com/a-/ALV-UjXbT3SwF95zYeoY0B_Sn5RQb5NByTLig-DfTtMjHErN2R8FdPZ_,itii fayadamaa namaa fayadaa kuniin,5,0,5.2.4,2026-04-10 01:28:52,,,5.2.4
4e3575d6-c8f2-4355-bcb5-45a2417f38ba,Xasan Macalin,https://play-lh.googleusercontent.com/a-/ALV-UjWAc3aFKeHVCBAokhWMLJqJG4_prA9C-9x4kmo_hfV2zfs21E4,good app,5,0,5.2.4,2026-04-09 21:30:15,,,5.2.4
2eac6e2e-1308-4b77-9efb-53eff28583dc,yaadii dabala,https://play-lh.googleusercontent.com/a-/ALV-UjWJSKbdxRTXhP_QUmomkLrEF1bwiPztVjH0lAYyLQHQV48sFvI,good,5,0,2.0,2026-04-09 19:58:12,,,2.0
aeb37634-bb45-4f1d-8769-ac5935cf19a8,Mustafa Fogii,https://play-lh.googleusercontent.com/a-/ALV-UjUJKf9wpmVztYxBFfPyKb9efVtaaNF2R4nJnPLMObr7WIFF-Q,Musxafaa,5,0,5.2.4,2026-04-09 18:03:22,,,5.2.4
67a7f4cc-3984-494e-91e2-e4d14a9f5316,ibnu Sadat,https://play-lh.googleusercontent.com/a-/ALV-UjVhDaQZwtsE7CsBgNz2Dfl2keLcOGSCbTYR7TvNsEMxM7YH634,good,5,0,,2026-04-09 17:57:06,,,
77321992-8df5-43cc-a4af-71071633a634,Yared Seyoum,https://play-lh.googleusercontent.com/a/ACg8ocLSwxu306BvC1HV2s3v-DJ445EVuztDaiSLAvouvmGcih7fTa8=mo,well expriences,5,0,5.2.4,2026-04-09 14:56:14,,,5.2.4
bbdbef07-6634-4cc9-88b6-ebbf47da1eab,sheme beti,https://play-lh.googleusercontent.com/a-/ALV-UjX2rL2hVyOZB-MAzvOVzAugGhGlVI_kjooJ609HBPCEul9RE796,good,5,0,5.2.4,2026-04-09 12:53:37,,,5.2.4
b3dcd0e5-15ae-49c7-9f32-b8fbd51ed098,Dr Banchyirga Tsegaye,https://play-lh.googleusercontent.com/a-/ALV-UjVAR6-mrFootvCyWYYW17lnJX7moiSOMbAO47H5W3NM7u3Jt8mPWg,great 👍,5,0,5.2.4,2026-04-09 12:01:22,,,5.2.4
8221364f-fd16-4009-b5bf-cbd307d6c39a,Akineda Gbremedhin,https://play-lh.googleusercontent.com/a/ACg8ocLpWS4S4PkpVCYKnlpfF6352sEfnYcaBpjtVH3mxiF3LKozlXHf=mo,I had good time with CBE,5,0,5.2.4,2026-04-09 09:44:53,,,5.2.4
9ca4ba27-bea6-41af-b713-7303966ab0b2,Ulfena,https://play-lh.googleusercontent.com/a-/ALV-UjVQAGb--ytrKHJCmhJ-Mg9S8vkzaENgYetqhpLHzY9_8N0EtVkN,crashes every time you need to update this app ASAP.. i will be changing bank if tjis continues,1,1,5.2.4,2026-04-09 06:55:06,,,5.2.4
438f14cd-2079-4927-9f8d-5e85dde83ee2,Suraj Patel,https://play-lh.googleusercontent.com/a-/ALV-UjWy52Ny-6DkRJTlmVvac63qfOJ33YpoTm5_gMzUkVlifvdDwd3I,Good,5,0,5.2.3,2026-04-09 04:00:29,,,5.2.3
21080f7c-76fb-489a-8efd-a4fe975b6681,TEMESGEN SOLOMON,https://play-lh.googleusercontent.com/a/ACg8ocIiTCzTdr-_LmD5tY476vMoLQVvtxc1HM7lFGkAWdqwFjqGAQ=mo,easy and fast,5,0,5.2.4,2026-04-08 22:38:22,,,5.2.4
c29bc34b-d23a-418f-a8c5-bc210e34439e,Ahmed Teha,https://play-lh.googleusercontent.com/a/ACg8ocLSh6R55uffz05_2_-iIuaSZo9etGeXij_p2pqIUeSEo7CcrA=mo,very nice,5,0,5.2.4,2026-04-08 21:34:27,,,5.2.4
51cd5660-e49d-46b9-9c96-0fc9180bd4e3,Kidus Sisay,https://play-lh.googleusercontent.com/a/ACg8ocKFebgbitAvy0EMgVHMI2xkafQCnEaWQq1gpY8hpzG9XY5OuQ=mo,its good,5,0,,2026-04-08 15:56:43,,,
f00a16f4-6fcc-4fe1-911a-3afee7b86629,Fekadu Girma,https://play-lh.googleusercontent.com/a-/ALV-UjXodhPjTA8CPC8P8wOYLIVHV-aouxBOaiq0r_YEgEP77or3TP21,this app is very good,5,0,5.2.4,2026-04-08 15:22:52,,,5.2.4
1b876e81-5979-4fa5-82ad-d8e017f37e03,Gecoh Multe,https://play-lh.googleusercontent.com/a/ACg8ocIDT69RdMPEcm8_9D9RfSvHUwHyV_wm7xXPCV7V7LgvmhwwAg=mo,በጣም ጥሩ ነው,4,0,5.2.4,2026-04-08 10:33:43,,,5.2.4
f9325e43-7166-47fe-88e3-8ce4d6e56315,Fine Works,https://play-lh.googleusercontent.com/a-/ALV-UjXw5Tg0N5E6yozaN_zi9QNacSJcMU_ZV_y4zD5GnXdo1hX-XQWf,deduction but no transaction. not good,3,0,,2026-04-08 05:01:21,,,
5499cc00-e386-4586-a04e-a0d20217b9a3,gezahegn tsige,https://play-lh.googleusercontent.com/a-/ALV-UjXEpIMnPAuoCTDFVJkdJ2mzQV-FWFp7guQXx0xLfsV9zcIH3eFQRQ,Easy to use and reliable.,5,3,5.2.4,2026-04-07 23:30:53,,,5.2.4
dbdc8bbc-26b0-48f9-be41-be9b519fcde6,Tujuba Emiru,https://play-lh.googleusercontent.com/a/ACg8ocKKGmRNRivDfqgkwf5XBXCx-OuE5rBQNDOr1wtFVeE7iJEXxw=mo,difficult to see our transactions after aweek,1,1,5.2.4,2026-04-07 18:46:09,,,5.2.4
eeadd7a8-d0bb-4cac-abc6-55d8985fd801,Eksira,https://play-lh.googleusercontent.com/a-/ALV-UjWK6KVhefjJy2Jos570N9OF-nwzA10fdIyaB9wkS8MyVXzeYZzezg,👍👍,5,0,5.2.4,2026-04-07 16:35:50,,,5.2.4
dc8542a5-4cb9-4054-975a-4344af14e1ce,Lij Abdu,https://play-lh.googleusercontent.com/a/ACg8ocKfxZcc7rVdrZW69vry3cVSpls6V-Fz6UhsixKnesaJSrAPWuw=mo,nice,1,0,5.2.4,2026-04-07 15:28:10,,,5.2.4
25221fd3-7aeb-4c8a-b49f-9e249889b9cd,fatxi abdi,https://play-lh.googleusercontent.com/a/ACg8ocJLWhJml5J_OayOgBI_yk-E91lX1FtbDxYG8a2OafS_amfKIg=mo,Good bank,5,0,5.2.4,2026-04-07 12:26:56,,,5.2.4
da38be12-b3cb-4bf2-9bad-2d9f5e945be9,Yefu Alemayehu,https://play-lh.googleusercontent.com/a-/ALV-UjVBJ3Q2qnVuGyxsSUQ-Z0ATW7fQrnvcW60AGpEHAG54wF1TefM,swift,5,0,5.2.4,2026-04-07 07:26:17,,,5.2.4
8a53de6b-5e83-43bc-92d4-ce3166aefe30,ABU_SHANE UMER,https://play-lh.googleusercontent.com/a-/ALV-UjUR2vCDVbxsJIVbBAwwgIRyMsyobSquB9uYhjmfmjIFW6ZsJCuG1Q,best,5,0,5.2.4,2026-04-07 06:13:01,,,5.2.4
34e68a5d-da08-4f58-9221-42efb43a3b42,A Google user,https://play-lh.googleusercontent.com/EGemoI2NTXmTsBVtJqk8jxF9rh8ApRWfsIMQSt2uE4OcpQqbFu7f7NbTK05lx80nuSijCz7sc3a277R67g,it is wel,5,0,5.2.4,2026-04-07 01:42:13,,,5.2.4
7ced70bf-809e-4f5e-aa15-3d097c34c0ea,Sa sh,https://play-lh.googleusercontent.com/a/ACg8ocKEZL8WNv0L2u9Cv3665s_rMr1ovVNcNzmmbm43vb935XLNLw=mo,nice,4,0,5.2.4,2026-04-06 20:59:39,,,5.2.4
7c7252b5-b59c-4c71-a155-f14e9d622ac8,Melkte Petros,https://play-lh.googleusercontent.com/a/ACg8ocJcftEcN9iXi4NFFqDpzVfi8F7nMwXDb8SThMJMpUSkyLCVYg=mo,fully functional greate application it makes payment and transaction easier,5,10,5.2.4,2026-04-06 16:29:20,,,5.2.4
897d7aef-38cc-4f1b-84ac-d03ffa8cb8db,Alazar Mekash,https://play-lh.googleusercontent.com/a-/ALV-UjUmZyC5Cuup0WjZ9ucpFv373j_wAoo8eZ9HR6s8GiMv3eTUPw0,it's best for everyone,5,0,5.2.4,2026-04-06 13:56:01,,,5.2.4
ef81aa99-c09c-4e2c-8e6c-7810fedc652b,Selam Zigta,https://play-lh.googleusercontent.com/a/ACg8ocKZZEEekfNmQt4BRwlstNQnhbxzJgTnaOOoJyCHQ4uofrhjeA=mo,good,5,0,5.2.4,2026-04-06 12:55:58,,,5.2.4
243ab5af-005e-4f6d-a06b-a1dcf7aa3074,hayder sultan,https://play-lh.googleusercontent.com/a/ACg8ocLgPCgk4q7AEGEtRUe8RVRyO9VBH8I4vcFXJSbf5cW1TXIq2A=mo,good jobs,5,0,5.2.4,2026-04-06 12:47:57,,,5.2.4
52bedd3b-3f0b-4899-a316-ea456b7c224a,Mulugeta Assefa,https://play-lh.googleusercontent.com/a/ACg8ocLLz7evifTebDexVnm6xS3lIN72eY5FYWc7IWoQsl6AolppVuA=mo,am happy using it.But why does it need continuous updates?,5,2,5.2.4,2026-04-06 10:30:35,,,5.2.4
b81b7e17-da64-4d11-bc36-794038b84332,Ephrem Birhanu,https://play-lh.googleusercontent.com/a/ACg8ocJaR5AQekzanonF0ZGA8V8Y9ODqO87rGHDYuYzAZAvqM0zfog=mo,Good job,5,0,5.2.4,2026-04-06 04:20:55,,,5.2.4
f0c6c003-2f17-40d4-b349-59f170ca6f22,Siraye Yikirbelegn,https://play-lh.googleusercontent.com/a-/ALV-UjXuQWkPfuPUTSBqz2TaRNLBa0aCrHFE50c70e8is1VyF149C8E,good,5,0,,2026-04-05 19:55:30,,,
ff1828ed-86dd-45df-9659-a2a43b82aff7,Yemenzwork Million Yemenz,https://play-lh.googleusercontent.com/a/ACg8ocLmWekcVqzzZUZcBV4T32E3Kzst3MCj5mnq0_UuA7rmjmZAWQ=mo,good,3,0,5.2.4,2026-04-05 16:07:14,,,5.2.4
3f01f495-4349-455d-8ce4-782fad8e9a39,Yared Daniel,https://play-lh.googleusercontent.com/a-/ALV-UjUvTuJDbt0cjhjaGWqMO7RM5AM2MM45Su6DChou_crMZjJHKdc,wow,5,0,5.2.4,2026-04-05 13:31:11,,,5.2.4
c82a27d4-1ee0-4d6d-a0d4-77eef25c0554,Shelema Abebe,https://play-lh.googleusercontent.com/a/ACg8ocJlzxxc9m2xvves9A3MOHl-Kxl3txuvcVPL5fkFlzHW6dWqGOw=mo,good 👍,5,0,5.2.4,2026-04-05 11:52:22,,,5.2.4
4277b1f3-623c-4b2a-94f6-c146752d6678,Mehari Gebretsadik,https://play-lh.googleusercontent.com/a/ACg8ocJ_fk7nnUu8NuZ8qAy5SjbVciFZ4nReC6yMzWDiPafa2EBqAQ=mo,Thank you for your service.,1,0,5.2.4,2026-04-05 09:58:06,,,5.2.4
ee369008-e336-42d5-a473-ebaa65b1db57,Wonde Elias,https://play-lh.googleusercontent.com/a-/ALV-UjXJoOvSuLEld6ihkaiUOx-A2PHdhYWAJtvQ8AwtFjZ7VxmLeBE,nice,5,0,5.2.4,2026-04-05 02:51:27,,,5.2.4
f7fbe136-ff59-48b2-abfa-8af7aa2451d8,Wendwosen Mahtebe,https://play-lh.googleusercontent.com/a-/ALV-UjVXWlmovezgRfBQNP7QpdYq243xrPRE0-5v11UlNUPhdFa8PPk,WOW!,4,0,5.2.4,2026-04-04 23:44:17,,,5.2.4
4afe83d4-808e-4064-acf7-89d821645236,Markos Anulo,https://play-lh.googleusercontent.com/a/ACg8ocLiEzYA8nwMMqNBehOUDKxXCqu85A4HD1BQUJYgF2wfUnVIhw=mo,i have more experience,5,0,5.2.4,2026-04-04 22:37:05,,,5.2.4
cef5db47-7f04-4ff7-b685-a28266c0166a,lekawork Abera,https://play-lh.googleusercontent.com/a/ACg8ocJkjyjqVAvelVkQWyXxtsD3TItZemuNkm7N9pP8SxnHRIjWVA=mo,good,5,0,,2026-04-04 20:53:55,,,
144ba6f7-8fe3-419b-b3f7-bd373f52a82c,Rabiya Kedir,https://play-lh.googleusercontent.com/a/ACg8ocJ_KfKyreA-782mb_fy63dAQ4VRiZsSidb2pEisYKU4O98pvA=mo,i like this app,5,0,,2026-04-04 20:14:18,,,
47dfdd7f-0b07-49cb-bf29-5b17529012e0,Firisan Ebisa,https://play-lh.googleusercontent.com/a/ACg8ocJWkBzONCd-7t1_r19ImN82jLo1TIPiXqkMRQCOXoOsEBSsdg=mo,I love this app,5,0,5.2.4,2026-04-04 15:41:43,,,5.2.4
e7e7cfc9-ef9f-47f3-ab92-7bd1044e0b75,Fuad Saeed,https://play-lh.googleusercontent.com/a-/ALV-UjXMnSxNHU31HMNFizlxEgqEzI5X1UouivrZqsEobWlFenEjdCCU7g,it is not working,1,0,5.2.4,2026-04-04 13:13:10,,,5.2.4
52105918-0a95-47fc-b5f2-0dd687bf35b8,Saol Brhane,https://play-lh.googleusercontent.com/a/ACg8ocLTgXjvPoRZHmmwT92PkdeUV3BJPrN3GdWttDCjq0tEBR5PIg=mo,the app freezes sometimes and crashing,1,0,,2026-04-04 11:47:31,,,
d45c4824-fe3f-42de-9f85-4b86a49ff02f,Behailu Terefe,https://play-lh.googleusercontent.com/a-/ALV-UjUpVrXjYdcTtm8Wgi2TQL4FkcYOla6e8Rh6K9C1E370-WBn1poj,for active payment it's number one chose,5,0,5.2.4,2026-04-04 10:46:15,,,5.2.4
95bed553-4cdc-49ac-9c7d-62574492cc17,Wondimagegnehu Teklegiyorgis,https://play-lh.googleusercontent.com/a-/ALV-UjXUic4VVWfUFVDpYMrEVep1_-coUN9T83Zl91EX_KmhNUAz6KT9,"What a nasty Update is this !. May I say 'Events cast their shadow before happenings'. Trust, value, Bank's 'n' Customers' financial property, such like things, at risk once again(the State owned Bank experienced some months ago due to app development issues or some other unknown reasons. Unable to see my own current balance due to a hidden page being displayed, stacked transaction history since March 26th, among others. Is that a Banking app being developed by Professionals ?.",1,6,5.2.4,2026-04-04 06:46:57,,,5.2.4
9fe30e82-9236-4a68-a458-88211edf64dd,Markus Rafael,https://play-lh.googleusercontent.com/a/ACg8ocKJ8CbKIuIW06OxTu1eGw68ChhN7cZu_l50ha3ekxFqWmexLA=mo,Very good Service provider bank,5,0,5.2.4,2026-04-04 02:20:03,,,5.2.4
77dd2bb9-e5b9-4c96-a0d1-6457f5d4781e,Samuel Getachew,https://play-lh.googleusercontent.com/a-/ALV-UjWCHKaUWagfLHqB667h30VDWMNiVfwjGQpBy8jSvPmuA1z6zWU,nice app keep it up🤝🤝,5,0,,2026-04-03 21:26:08,,,
171f09d3-0655-4c94-946a-4fc52055ed07,ERDACHEWU MONO,https://play-lh.googleusercontent.com/a/ACg8ocKt8lou1eCl01WKpOxO-FbEm7zttKv1Yaase3np-j47E4qq=mo,very much for your information 👋,5,0,5.2.4,2026-04-03 19:47:13,,,5.2.4
c6a2f42a-10b6-4583-9458-8f4a11e4626e,Fuaad,https://play-lh.googleusercontent.com/a-/ALV-UjV-EGjb3a5V8nYh2DsSAqqDDNTdxgq7oUKp6cq8ZB7bY2SfVXE,bad👎,1,0,5.2.4,2026-04-03 17:27:53,,,5.2.4
6e546a77-ff97-4245-b3c1-10feffe8775d,Tut.G. Kolang,https://play-lh.googleusercontent.com/a-/ALV-UjUeP83G2L7IUO7o6LtOfssmoPmTpJIPTIq7mWU5yOqpzos7Nz9Bjw,so nice to me,5,0,5.2.4,2026-04-03 08:00:59,,,5.2.4
e75fc5e5-d487-461f-af3c-236a2b3d349a,Yihun Yonas,https://play-lh.googleusercontent.com/a/ACg8ocIADr4FxMY_OflvjY5wsEwwGVDwiP1HdJUcFQRcFMWIBKNQaQ=mo,best,5,0,5.2.4,2026-04-02 22:30:37,,,5.2.4
7c28c207-a007-4441-89c9-c40854fed840,Al Nur,https://play-lh.googleusercontent.com/a-/ALV-UjXUWCo9peAbzzK_2SGwbkL07UtpVAE93WTJ9jUxumx0MtWhpNAU,good update,5,0,,2026-04-02 21:59:06,,,
104fbffc-b2dd-435c-a91f-1d5270d4d02e,Fewzan Jafar,https://play-lh.googleusercontent.com/a/ACg8ocK68hiwb585V_etaqSQgUc1ZNB64wrr8Cndr2enVuYVXiXtkA=mo,It's a good improvement. the app,5,0,,2026-04-02 20:13:56,,,
4cf50ec7-cc6b-4b47-9632-6a20c8962d77,BUOM MACH,https://play-lh.googleusercontent.com/a-/ALV-UjUkhXFNmCDfuinvRYyuio4XyT8WhQv99_qcdQG9QnnK52GvTnxW,good,5,0,5.2.4,2026-04-02 19:46:12,,,5.2.4
7b7ddf3d-92bf-4e3c-bfe2-0e2c57015a7d,Haron Kindu,https://play-lh.googleusercontent.com/a-/ALV-UjUuWTWgAPzQuTb3Bb0ggPXi__P1iZtheDECYpCnBXo09BC07jzH,Excellent,5,0,5.2.4,2026-04-02 18:27:30,,,5.2.4
c9be33ea-ce9d-49d6-8e0f-2b9c07262c0e,Muhamed Fentaw,https://play-lh.googleusercontent.com/a/ACg8ocJMIEpqFUWjztsWdT_rbdMeqJQUkj7ziu-lPcC_e2w9shImcQ=mo,ok,5,0,,2026-04-02 15:00:51,,,
2f6b1a0f-89d0-4948-a96b-80240e99337e,Abebe Addis,https://play-lh.googleusercontent.com/a/ACg8ocK01ZNLPZEzxMp5HWsPKsdKiwshqOI1bhkX-QQuQjNj6bWKAA=mo,best,5,0,5.2.4,2026-04-02 10:47:05,,,5.2.4
693eb7b1-9a9e-496a-ace1-29cc5f9266ac,The Day,https://play-lh.googleusercontent.com/a/ACg8ocLBBMMDlf2VFmF4VKUQAnhC_AAdTQ8GrCud1y9b_9_GkFpdRo8=mo,"This app is very unreliable—slow, frequently crashes, and fails to sync properly. Transactions don’t reflect accurately; I transferred money that was deducted but never received, with no record in recent activity. It often stops working and takes too long to update. Reinstalling doesn’t help. You even have to visit a branch for it to start working, which is unacceptable today. The problem is even worse outside Ethiopia.",1,65,5.2.4,2026-04-02 06:19:50,,,5.2.4
c8963a82-191d-4aee-9726-28491cbbc5b9,Yezid Muhe,https://play-lh.googleusercontent.com/a/ACg8ocIT2pXghh_LDp6Aib-fe8RWt6x_hhKVcCTwL6zZ2Pi7zJwSSg=mo,not working,5,0,,2026-04-01 23:56:36,,,
d162ca5d-6e44-4d50-a184-f5382e891677,Fetleworke Shiberu,https://play-lh.googleusercontent.com/a/ACg8ocL_inotU9Crsvt5WTruzyyWf5KbdNlLimQ8Kpowzc8HKuLNuw=mo,it's fast and easy nice,5,0,,2026-04-01 22:38:45,,,
384cd8a3-51b4-4a85-9ce8-2476fb88faa2,Surafel Leulseged,https://play-lh.googleusercontent.com/a/ACg8ocKME43lSxbIHWtPjDldV1P6v9wIalBhdbm4NZSnm8Kauc0Xvw=mo,Good,1,0,,2026-04-01 18:34:55,,,
be14cdd7-cb58-422d-a032-45af1ae49382,girma desalegen,https://play-lh.googleusercontent.com/a/ACg8ocLXvOUUpFZkI2wIITYHNC1BSPz3AUisuGn3M35vMwFL8pvT98c=mo,girms,5,0,5.2.4,2026-04-01 16:26:07,,,5.2.4
477aca49-9c4e-4980-b1bb-c3c66885ab59,MULUALEM AYEHU,https://play-lh.googleusercontent.com/a/ACg8ocJrvcLEOmI8k5TwbcAcRKT-XtE8s12zLpYBmiaWVVg1OrzvYA=mo,"this platform is very useful for exchanging payment ,than *889#(it's slower ).🙏🙏",5,8,,2026-04-01 15:15:10,,,
c711ebde-1bff-466a-960c-7c0cf9b7dc3f,Kamilo Ahmado,https://play-lh.googleusercontent.com/a/ACg8ocIYYF0NRiP9JZY7WPi99WAhBvQM05N2_BuMz58OlLqWpfeqRw=mo,best,5,0,5.2.4,2026-04-01 13:52:50,,,5.2.4
fabb0087-9b9b-4848-8689-79256abde043,Bayisa Terefe,https://play-lh.googleusercontent.com/a/ACg8ocKswudmNHGdfP2g26TNvY59L226pp1L-TyEbYE3xWx3Ursvvg=mo,Good app,5,0,5.2.4,2026-03-31 19:56:05,,,5.2.4
c7a8f1f6-457c-4b22-8be5-4ed295adb522,Danile Assefa,https://play-lh.googleusercontent.com/a/ACg8ocKyKdo6qrvfyvZnSlZfLbna82qZ6vaZoHmzV14PzAA-JTJqWQo=mo,very excellent application the number one bank of Ethiopia thanks,5,0,5.2.4,2026-03-31 19:25:17,,,5.2.4
a9afc642-67b2-4a82-b7f3-b029c13b4512,Tesfaye Gudisa,https://play-lh.googleusercontent.com/a-/ALV-UjV9dVm-fyO-z3Qp723I8rATSlz8MSt_kt0UnnWPXF7x-7AWgcUI,I can't use the app months ago. It stopped working with Mobile data and WiFi. I didn't know the cause. Why this app is not compatible with Android 8?,3,13,5.2.4,2026-03-31 19:18:25,,,5.2.4
56b75654-cbfb-45bc-b4a9-de3d520685d7,Abrahim Abdela,https://play-lh.googleusercontent.com/a-/ALV-UjV9nbvzFncXaGTazxgYIuvt7R5-RopRsp8Dav7bniFRthf5qxU,not working,3,0,,2026-03-31 19:04:32,,,
7a744a61-8a4c-485c-888e-31881e76cc0c,cheru worknhe,https://play-lh.googleusercontent.com/a/ACg8ocIASokzyAFjt-P8oWf2PxprdFMZwrHh5Zzt5-za8tdeOH77lys=mo,"very nice app, but charge more.",5,0,5.2.4,2026-03-31 12:20:08,,,5.2.4
ae4d4a4b-f846-4f7c-8351-fd90d0834dab,Haileleoul Alemnew,https://play-lh.googleusercontent.com/a-/ALV-UjXAWcHOVnGVqXAVIU37ECBRqWbyg6qNSaecrMAZJivIezN-LA,Why mobile Banking is not functional?,2,1,5.2.4,2026-03-31 10:35:43,,,5.2.4
5be680f9-3c97-41c2-adb9-0b7a6ae4875d,Siem Tesfahiwot,https://play-lh.googleusercontent.com/a/ACg8ocKpDCe55N7O7QPdFrhOUTbdB7xsHtSnQ3IFB9b7vIuXujN49g=mo,does this app support international transactions,3,0,5.2.4,2026-03-31 08:57:40,,,5.2.4
ceae0370-683b-409e-9313-522b360a5393,Boki Birbirso,https://play-lh.googleusercontent.com/a-/ALV-UjV3IuScRKClRXiUXIcUD0dfOKYYohCLDcietxx0OU6lrJZU4SI,i use CBE almost more than 5 years,3,1,5.2.4,2026-03-30 22:39:12,,,5.2.4
57af1799-a681-4c52-8c34-d8cb364f1a8c,Edlala Sunkamo,https://play-lh.googleusercontent.com/a-/ALV-UjVEwQIYltuW1Vc1oI1kcOe3OTyS0IirnYTNqOOZkZL2gwShBG4,this app essential app on this time,5,1,5.2.4,2026-03-30 21:30:47,,,5.2.4
b37f9896-79f3-4b0f-a2f3-221f05b18a59,Natnael Temesgen,https://play-lh.googleusercontent.com/a/ACg8ocIwug3AKRq0w7PL4zWWDqPi9BrRulR4_kYT8j9S_oVxb_9f0O0=mo,"After update not working at all, I live in abroad.",1,4,5.2.4,2026-03-30 20:25:27,,,5.2.4
c10130df-9664-46e5-b60d-78fa3b93c55b,Seyida Mohammed,https://play-lh.googleusercontent.com/a/ACg8ocJdQNBhUwK--0x4XW4i-xSWcnHkYT5btvlY2gn7Jll3OsEpOw=mo,best app,5,1,,2026-03-30 19:53:24,,,
70cd0784-abc8-45bc-a86a-fe2d04daccbe,Mohammed Bayen YUYA,https://play-lh.googleusercontent.com/a/ACg8ocLZH1wUI8lajGvcmb0xdk9PkDR0u_cyRv7iSwHKvcaif1QacQ=mo,nice,1,1,5.2.4,2026-03-30 18:31:29,,,5.2.4
eda1934e-59cb-46fb-a470-e68a7543de89,Abinet Besufkad,https://play-lh.googleusercontent.com/a-/ALV-UjWi6F5RkeID09e1iRBDjZYEeBLmvG8OyeG0Z4mXqiWGXkThK3_c,it is not well functional. It always sluggish and poor application. n Not interested because always straggling .,1,3,5.2.4,2026-03-30 17:19:52,,,5.2.4
bf81e935-6c4f-4599-a97f-932d117a38c4,Sebu Ilala,https://play-lh.googleusercontent.com/a-/ALV-UjWhj7ArcM6FZ7JS4IX9wCbhkDFEb9TOcSgLnklYk-SRe0HtPd4V,best bank ever,5,1,5.2.4,2026-03-30 15:14:12,,,5.2.4
91130329-684b-45a8-a4fa-5f3944810025,Desalew Alemu (Habesha),https://play-lh.googleusercontent.com/a-/ALV-UjVVqd1u5SLVUc30F_JahTk95gcATJGObCr4XZjGoZj3uhWgMEfTwA,Pleas allow self service on Mobile banking.,5,1,5.2.4,2026-03-29 16:43:45,,,5.2.4
28fa66fd-d72c-43e0-a478-c886d6a1f768,Miks Drj,https://play-lh.googleusercontent.com/a/ACg8ocL2GxJIrtNZUAHecB7WisWf7nbP99WLL8g9TY3QLXZXEJb0Iw=mo,saved transactions doesn't work properly it doesn't show transactions before a month only shows recent transactions even after I set filter date range,1,4,5.2.4,2026-03-29 13:03:47,,,5.2.4
6dc33941-caad-4ed2-9d42-634cdf3d3143,mikiyas melkam shumye,https://play-lh.googleusercontent.com/a-/ALV-UjWPM-Vm1cl2SBa5RXVmtVRgUT5IF1fCL6-Zfhgv2KudIGUiJtoE3A,good,5,0,5.2.4,2026-03-29 07:40:03,,,5.2.4
926c680b-df44-4ad1-94db-f43219778dc9,Metages Walle,https://play-lh.googleusercontent.com/a-/ALV-UjXq32ICCWVWMeGohtBxMsqyu4MakRqml2040QRhsh1WfqpGGO9G1Q,easygoing & Convenient to use.,5,4,5.2.4,2026-03-29 05:46:05,,,5.2.4
515df2eb-bb87-4f47-b365-85b767e24ee2,Anwar Best,https://play-lh.googleusercontent.com/a-/ALV-UjWtwjTC7fCBxYFPdb7KU8lywEdmRzE_VwLYL5Xy4EPFEZKInbOI7Q,Thank you,5,1,5.2.4,2026-03-28 18:52:04,,,5.2.4
08aa1c98-fcbd-460e-99a5-f0d8c257cb3b,Girma Birhane,https://play-lh.googleusercontent.com/a-/ALV-UjUqRDm_MP6PiuZY3w3wYFmPu9911xKhuntWyLzstR2P-WI7JZf4,good,5,1,5.2.4,2026-03-28 18:37:19,,,5.2.4
204c76ec-400e-4d53-8256-025a4d815460,Mohammed Tadesse,https://play-lh.googleusercontent.com/a-/ALV-UjUIny1GE6CGGyiIm8CHYFpVWicF5hWu_ovRSwpsWAhFEex7_9kS,nice,5,1,5.2.4,2026-03-28 15:33:57,,,5.2.4
421db8d8-efe2-427a-8d66-e4b1b5264c7a,ESUBALEW GASHAW,https://play-lh.googleusercontent.com/a/ACg8ocLZ-gG8h45v8XveU3fdu5YqxmR-h-Q7F1_IuxtLUvrRNuvwrQ_O=mo,excellent,5,1,5.2.4,2026-03-28 12:49:39,,,5.2.4
64afd113-325b-4ba0-808d-8da838b60f6e,Abri,https://play-lh.googleusercontent.com/a/ACg8ocIvEn_hFEnETB-mYZFUwDoh5cMKOT0jHemgXD3OOmhi9SxK=mo,It charges high amount of service charge.,1,1,5.2.4,2026-03-28 10:24:24,,,5.2.4
4523afaa-69d2-4138-b7a8-b45d4f744007,Kasahun Kibert,https://play-lh.googleusercontent.com/a/ACg8ocI6KRG1CCvBv9VdRd6RqHS7mH5E7hgPo3eufgYUPyeOOmdJWw=mo,best,5,1,5.2.4,2026-03-28 08:41:02,,,5.2.4
9e4ef51d-d832-45f2-80c2-b1294d38b4d9,TameneDejene Tufa,https://play-lh.googleusercontent.com/a-/ALV-UjUbQlfeT2sgfZvhGtINVNjH3p8O1dzBOVjKMixP93SclcnOyrUH,good,5,0,5.2.4,2026-03-27 23:15:13,,,5.2.4
4f977e1c-c55e-46e0-a24c-a8f784519209,Yemenz work Yemen,https://play-lh.googleusercontent.com/a/ACg8ocIVX0X8oNe3Ljpee7j4LmRPTXQ0H2xqF4pDafxEb393fYxnuA=mo,melkam new,4,0,,2026-03-27 23:03:00,,,
b0c4f433-b309-48fa-9890-b3d8a76027c1,MM AA,https://play-lh.googleusercontent.com/a/ACg8ocL-2yq9A6_moJ_3JsqvrEL_cfTODQxqPo9l7xUPwM9uWbnv-6zt=mo,Very good service all times,5,0,5.2.4,2026-03-25 20:24:13,,,5.2.4
35505eb3-312a-489a-89c4-fb2cb90d41fe,Daniel Gebremariam,https://play-lh.googleusercontent.com/a/ACg8ocIkP4lnMPzSF3h4X-TKUpDpRULphWMcF8WIy0tM8YThu_RhFw=mo,ohh very useful and easy for use,5,6,5.2.4,2026-03-25 18:29:06,,,5.2.4
814d952d-d838-480a-83e0-9a663f625cb1,Gosphel Musician Dagne officials,https://play-lh.googleusercontent.com/a-/ALV-UjVI39WZBZEKUeUjxnp3cqEeWfQb_OO9RVCYlJHLAojBJbYnHos-,wow,5,0,5.2.4,2026-03-25 15:06:54,,,5.2.4
4dd78d45-7014-4815-95ed-762688080aa6,Seife Mulatu,https://play-lh.googleusercontent.com/a/ACg8ocIGOTtsE8izBlOj4x5UBEPassGDJt-BhRoGCS7V1UgomboXmQ=mo,good application,5,0,,2026-03-25 10:24:49,,,
54797f8a-174f-4b14-893b-0985f83c2ba7,Nhatty Workineh,https://play-lh.googleusercontent.com/a-/ALV-UjUvy1uy-XMemXFOapXSAtWqDK90LYIPPg6CB_pSR35cP2HTPqXe,good,5,0,5.3.0,2026-03-25 07:28:56,,,5.3.0
11e976e9-9aed-47c7-ad09-42dafea87186,abebe biruu,https://play-lh.googleusercontent.com/a-/ALV-UjUb9qxtBWY-voN9136w3yHJZItDN_3EihR1Sx269wnlJn2zCGzw,its good,5,0,5.2.4,2026-03-24 20:06:23,,,5.2.4
a9081b38-85fb-4d40-9ff8-4d19e5239680,Emu Tube,https://play-lh.googleusercontent.com/a-/ALV-UjVTrCPdQSA1gxrj8Hgg0FyDB78EIKq5APBtF83UpoQhqPg57XcZaw,so nice,5,0,5.2.4,2026-03-24 17:27:29,,,5.2.4
64daed77-fad0-490f-b45d-bd05bf7a7073,Bura Man,https://play-lh.googleusercontent.com/a/ACg8ocKy0hsx9KMOC1jce8Yvd7D2qRMOJuvWT78berz8-S59P2s9PQ=mo,it nice and fast but usually it bad the connection by 4g network it still bad,4,3,5.2.4,2026-03-24 10:34:37,,,5.2.4
b46fa636-8f33-428e-865f-da9edafbf564,Mesay Wodeso,https://play-lh.googleusercontent.com/a-/ALV-UjWq4sjmLRJ2E342Au50uzDPshGuhNPiPH26gFrYVT9xm9R3mD0,not work app,5,0,5.2.4,2026-03-23 20:36:54,,,5.2.4
895c08ab-0260-48ee-8534-0d4b73716cb1,demsie beyene,https://play-lh.googleusercontent.com/a-/ALV-UjWBKPg27eEINwunJ2KpZzA1n1rgqlnCnlBxS1SWj7KynSVy1o8,nice App,5,0,5.2.4,2026-03-22 16:07:25,,,5.2.4
b780110f-c277-4c37-8497-71b6bc7024b6,Asinu yeMesku,https://play-lh.googleusercontent.com/a/ACg8ocKemqGKlxlziHm0BIZAHSERBL6LsW55FI8JCCqLhZUdQuH5Mg=mo,CBE is my beast one for any transactions,5,9,5.2.4,2026-03-22 08:13:29,,,5.2.4
e5851983-37ab-4b1b-b945-158cc09d6c1e,Missael Mis,https://play-lh.googleusercontent.com/a-/ALV-UjUDj-6Mb8MMveQg03AJ2aO1YrwL57VvmlUdBM7cMTPYwbe0PIFC,very good,5,0,5.2.4,2026-03-22 04:10:40,,,5.2.4
0b2d535b-2e6d-4008-ab95-37a21c428dfe,Adnan Awed,https://play-lh.googleusercontent.com/a/ACg8ocJYp367aOcTCCQXao3gABWB6jche3-P2OCvvBkY-vE3PRDnTg=mo,I Am Proud Of CBE Period!!!,5,0,5.2.4,2026-03-22 02:07:15,,,5.2.4
ce97d95e-1f38-4289-8b95-6f5ff52009ca,Tajudin Abdusalam,https://play-lh.googleusercontent.com/a-/ALV-UjXvxz80jlP1jQQTHhyvs1hBTBdIG5OXe9AtI5MF99CJkWmhGcc,digital banking,5,0,,2026-03-21 18:50:19,,,
a3a8098a-6090-4f71-bc98-0d0c10a03828,Daniel Tessema,https://play-lh.googleusercontent.com/a/ACg8ocIpbLZjpH5k7ddW8ZDzpZnts4bf_5xv0QouWoWg_2etdfhWbA=mo,it is very good service you are giving,5,0,5.2.4,2026-03-21 18:48:37,,,5.2.4
266ab464-1be3-4b84-a17f-871d945a2948,Bini Dani,https://play-lh.googleusercontent.com/a-/ALV-UjUmeyH41_41g9w6_XsfrxG4DL9knb0JW2FYeakTefxgwrqwX06O,ps fast and easy,5,0,,2026-03-21 11:52:38,,,
a2f8bd7d-012a-4509-b2b2-f3a62934fbd7,Tedi kasa,https://play-lh.googleusercontent.com/a-/ALV-UjUzOQpdBLAjxMrwWPl22XayK_hRhY42v5eoYGFTgMIKT9INw_M4,nice app for me,3,0,5.2.4,2026-03-21 10:46:43,,,5.2.4
ee70f343-8b30-4354-9225-a1a2d7e96c38,Ab Sm,https://play-lh.googleusercontent.com/a/ACg8ocI2r23eflqVNQe_EsvQpZkjEgnD3fx3Kc5jZz4IJ2aGb6v9Fg=mo,vibe,4,0,,2026-03-21 07:29:29,,,
7d3f7f6a-7075-4d17-9ce4-c68e10508eaa,Kamal Amaan,https://play-lh.googleusercontent.com/a-/ALV-UjWWTjEPd7OcVk9_hIpkFmK864U0wUoCB4A5zWNVpwPHkmsTk5O0,Tajajilli keessan dubati Hafadha አገልግሎታችሁን ዱባቲ ሀፋድህን አቆይ Your service will stay behind,1,0,,2026-03-21 06:20:22,,,
5d863609-c7e8-4dcc-8dd1-4dd4e354e18b,esrael demeselassie,https://play-lh.googleusercontent.com/a-/ALV-UjXZkJ-r7F9lr0VIcyIuRznJgZLe5Pi9TQZzd6BRKk7EqcBlHo9D,ገላግሌ ብየዋለው ጥድት ያለ አፕ,5,0,5.2.4,2026-03-20 20:37:02,,,5.2.4
d07e2804-de78-49a9-a73e-24612e86b874,AAA 3,https://play-lh.googleusercontent.com/a/ACg8ocI64X4_RzSQqhytcBgNrsuU2usHNpC4a-kIRYXfaBfFY-pIlA=mo,best app i like it,5,1,5.2.4,2026-03-20 19:45:41,,,5.2.4
a0bb1280-04fd-4e3c-8242-728cd9ad0d58,Guesh Solomon,https://play-lh.googleusercontent.com/a-/ALV-UjUpQ25XPK6dYIwaEpRLokZVf5mWLUh0BLMINO9Ek4LEAORdj43C,it is really very poor application. i've ever experienced.,1,0,5.2.4,2026-03-20 12:31:44,,,5.2.4
74ea6412-b96d-453d-9f32-c2288eeff6c8,habtish man,https://play-lh.googleusercontent.com/a-/ALV-UjWVK9iqQaCWHPWKxuF2q2hpYdFZt1r7MR9Ogh6mJGfb8vEAQXs,wow ✌️,5,0,5.2.4,2026-03-19 18:53:32,,,5.2.4
c0013711-a9c4-4ac9-8124-72bc0b20841f,Tadesse Hailemariam Mamo,https://play-lh.googleusercontent.com/a-/ALV-UjVk9_4gLX-KYvG-94KPu6nV4xCrEBtCd7bWXMCcGcWcG93eb5sJ,EASY & SIMLPE TO MANIPULATE. COGRATS !!,4,1,5.2.4,2026-03-19 15:50:11,,,5.2.4
5a954f00-75f7-4b43-9986-74bdd9c588fd,Kiya Kiya,https://play-lh.googleusercontent.com/a/ACg8ocIWuz4UHfylI5YhOu1IKC1_hHRMM0Tznx1A-i-U1q8t3PMZ5g=mo,zewediesh,4,0,5.0.9,2026-03-19 14:46:03,,,5.0.9
1d3b00e1-ed77-4771-ae4b-b99616edfa3c,Barkon Michael,https://play-lh.googleusercontent.com/a-/ALV-UjXZvas2Mk_jspC-m00UE0xE1ru9TQ6hUanTYTSnVpB-ljI6Yevx,nice app,4,0,5.2.4,2026-03-19 09:30:25,,,5.2.4
ea7332f7-f713-443a-9fed-2f623a7fd4df,tame desta,https://play-lh.googleusercontent.com/a-/ALV-UjXNOMu4UEmCFJsgrBTpX_MNRszuonIQzwoc1ruCy4h-Zc1K8Ok,Perfect App,5,0,5.2.4,2026-03-19 08:54:30,,,5.2.4
79488558-3eea-4cb2-8fff-4c95b6b9bd5b,Hussein Gamiye dirane,https://play-lh.googleusercontent.com/a/ACg8ocKFzNuEYd5e0ALlVRXPm26Tbn3ianOhemsuBRESh1EYwOAGbw=mo,🆗 g,5,0,,2026-03-19 07:32:51,,,
cca8213e-bd66-486c-bef9-966082148c89,MMuhammed Yimam Ali,https://play-lh.googleusercontent.com/a/ACg8ocKOfPJSdG80xB3bBPphhcUK6dqUzcyom9G5HT3iPE7r_P-nfA=mo,the best app of mobile banking,5,0,,2026-03-18 23:15:52,,,
0e927c17-7dbb-474f-9051-9f9ed133c954,Hailemariam Endale M,https://play-lh.googleusercontent.com/a/ACg8ocJhk3hythW4F2rHjo1TB4JDjkYu-24YDMN8gHt-sjWT21zVpw=mo,ዝም ብሉ ይዞራል 😡😡😡,3,0,5.2.4,2026-03-18 17:12:23,,,5.2.4
60e4f94a-ce7a-4847-ac8c-167d5d31c779,Esa Kasim,https://play-lh.googleusercontent.com/a/ACg8ocJWSw8QMpremVhRxG6G91v9nshOW2lgUTzWG4HKGqS2zjfUqg=mo,the bank You can always relay on!,5,0,5.2.4,2026-03-18 14:38:10,,,5.2.4
60ac77c7-0bb8-4343-bbd1-c42903eedd6d,Galan Tura,https://play-lh.googleusercontent.com/a-/ALV-UjUMpZJLm6PM2CO7ZDULMeykLrZiUcF9IxxqaQuEwR3QrqOd4mu0,good,1,0,5.2.4,2026-03-18 14:35:05,,,5.2.4
46c5493b-5fda-449e-94e8-4c4e075f0fff,Abayneh Argaw,https://play-lh.googleusercontent.com/a-/ALV-UjXGTPpEzGrrTrHQuwYog3HpfahvMHOUS3D9DHgInQEJiqpNlqo,ok,5,0,5.2.4,2026-03-18 12:26:40,,,5.2.4
22a97642-646f-43eb-89a2-b6299148d19b,Ejigayehu Abayneh,https://play-lh.googleusercontent.com/a/ACg8ocLVOEL4ypA9McJopfdoUuZIB6lGGn2mra19thBARbjGgxyDug=mo,good,5,0,5.1.0,2026-03-18 05:35:03,,,5.1.0
579c6c3c-c798-401a-a9d2-f2d879cb5cd9,Milkias Tonji,https://play-lh.googleusercontent.com/a-/ALV-UjX0dqofeT43uNzRbHddchTh8D-Ll45IkHAbXfsSLzy5xXI-RS4l,"Why does this welcome notification appear every time the app is opened? It doesn’t add value in its current form, so please consider removing it. Alternatively, you could adjust it to appear only occasionally.",4,9,5.2.4,2026-03-17 20:57:51,,,5.2.4
609a8624-b6e0-4dc3-a9ed-9a251c5ea131,Anteneh Girma,https://play-lh.googleusercontent.com/a-/ALV-UjVgZuke3gL2BzQUj6ibw0unLCZaHd5jgEtAokhPWTdXoprsMTk,10Q U,5,0,5.2.4,2026-03-17 19:44:28,,,5.2.4
b0358f77-2bc6-47c9-ad06-b62de8987b08,Tut Chuol Lul,https://play-lh.googleusercontent.com/a-/ALV-UjU_g4WZ9vK3_QyilmvvxoZ32AanKxOYs3VZAq19XTSGhV8vgz8f,very interesting,5,0,5.2.4,2026-03-17 18:14:20,,,5.2.4
8ce5bc53-8178-4f0b-9582-a3cfc8097d54,Dawit Gezahegne,https://play-lh.googleusercontent.com/a-/ALV-UjWO0JvAHbGob8eWhyQ0teoTJPU-h1UU7QiqDtGN-IFoJIn8j4s,"it cant accomidate more than 2 accounts,every time i subscribe for my 3r account it vanish.",3,2,5.2.4,2026-03-17 12:35:00,,,5.2.4
5d96c81d-0994-4130-9222-33dc940ad960,milla teshome,https://play-lh.googleusercontent.com/a-/ALV-UjWlIXd5J11jqAgBYyaWWwPtJmId9z9GXhdQ5JeTiQ1ESAgBUf4M,it's so disgusting my phone is s9+ android of 8/9 and this application still doesn't work for my phone fix it sooner as possible !,1,0,,2026-03-17 10:00:31,,,
081b9544-d83a-4bef-9d57-ad93d12783ba,nahome,https://play-lh.googleusercontent.com/a/ACg8ocIvlKclRPWDxYLCvrJFKcNYGgJbE9FirQ0ngIzW_7NKfp2p=mo,This app is by far one of the useless apps. It keep on sating can't sync and unable to do transfers. please for God sake fix it,1,11,5.2.4,2026-03-17 05:15:24,,,5.2.4
2f7f98f2-a4b7-4995-a252-98e0568d277a,Tamerat,https://play-lh.googleusercontent.com/a/ACg8ocJTPfajNnN4wp19EDG5XBKvKoTuWcKUWE56pMwqjNYxlwlPQg=mo,ልስን,4,0,5.2.4,2026-03-17 00:49:28,,,5.2.4
8782d702-24d0-4558-8437-4457d1ef8c05,Kedir Awol,https://play-lh.googleusercontent.com/a-/ALV-UjXmyIJhdEJmk8hzN6OuyxQ2OQDEwFUMR6FEQJ87SsYjjvagCos,new app,5,0,5.2.4,2026-03-17 00:32:08,,,5.2.4
3f191497-fcbe-44dc-91d6-5acaeb76eb16,Sahane Ibrahim,https://play-lh.googleusercontent.com/a-/ALV-UjWZ5iv5qRsLw1BCSMNmiOQ2BmV5gVz7hq8EkMx0eMe86uN6Kv9R,Nice,5,0,5.2.4,2026-03-17 00:06:25,,,5.2.4
2fd9e098-3be1-4750-9e9f-86e6098bcfbb,Seid Endris,https://play-lh.googleusercontent.com/a-/ALV-UjU_-4IP0cTsS-eB_pOTGL_8XPrivKlMdRbCm_4eJJ8Pd0-ZgJiu,it can't showed transaction history perfectly,1,0,5.2.4,2026-03-16 23:40:58,,,5.2.4
cc316e0b-2313-43b7-aed8-83b94576c10a,Borga Gojola,https://play-lh.googleusercontent.com/a/ACg8ocKkdXd8a3DcMFyII1utQa2kZs3Y7VMJ67pGHbTkD1a1LwVt=mo,it have to be work on all smart phone ratherthan limitted by version,1,0,,2026-03-16 23:33:02,,,
7696e952-9b4f-4574-982d-9c31ecd37d80,Gammachiis Giddoo,https://play-lh.googleusercontent.com/a-/ALV-UjWlDBz80x386GK1_wd9XGwnxB3NmasEM3vHZv34EHJHVgk_PN5U,All right 👍,5,0,5.2.4,2026-03-16 17:59:36,,,5.2.4
21d8273e-59d3-48c2-8090-9986015b9c88,Yohannes Alemayehu,https://play-lh.googleusercontent.com/a/ACg8ocLsGJKEbTJ1K9uP_SIrDYd3iTYziqtrAzPf_7Bdsd1s_D_Trw=mo,you can transfer br,5,0,,2026-03-16 17:30:18,,,
f67a9c4a-b8e7-45b3-8f4e-ead96979665e,Kasim Mohammed,https://play-lh.googleusercontent.com/a/ACg8ocJE623QvHg2bcB-P0c8iBJBUYJl0ffKF63WHYQZdLPwEUEGAyE=mo,well,5,0,5.2.4,2026-03-16 14:30:46,,,5.2.4
f6dff13d-37e6-4d67-9d7e-40f0338e2a10,አቡ ዘከሪያ,https://play-lh.googleusercontent.com/a-/ALV-UjXDkdoyNQfMgELDaDwzSIDBMNjUGJiOwq6zbBAxIeaORsmv2dci,not properly work,2,0,5.2.4,2026-03-16 14:25:14,,,5.2.4
517d98b9-1b4b-4318-ac80-6d51dad96f75,Tigistu Abate Atomsa,https://play-lh.googleusercontent.com/a-/ALV-UjUVOTojXUauCPG62MZTqoXxxDCiuZpsm0M4Na1JHp0GLvLi9FjN,nice app,5,0,,2026-03-16 01:11:05,,,
c83ece70-b75a-4917-99d7-29adfe39cad1,Matewos Milikit,https://play-lh.googleusercontent.com/a/ACg8ocJEaSogoMed58CguxTOcPyYOJVUPY7k8VVDAAiGBm4azcQjUg=mo,proud of CBE. CBE is my everyday day choice and confidence.,5,0,5.2.4,2026-03-15 15:55:23,,,5.2.4
4148933e-6219-4d28-a7b7-be4baa2db624,Minyahel Dagnew,https://play-lh.googleusercontent.com/a-/ALV-UjUozOwyKj5Iu9PyPMLdUYIwAym4cfPr6QgTuiRh3f6pyegR1_c,It would be great if you could add tele birr agent to the transfer to wallet.,2,3,5.2.4,2026-03-15 03:40:13,,,5.2.4
f7877bdc-d76e-47d5-bd71-b7c3d234aec7,Ummi Ummisha,https://play-lh.googleusercontent.com/a-/ALV-UjX1s8yI9wTj7LjZyXhpre9-P_B-Whtxb1_8q2F_4HF3t-8IihilpA,love,5,0,5.2.4,2026-03-15 01:10:36,,,5.2.4
4a26283f-47bf-4bfd-b13e-1191e39c535b,Barok Tsehay,https://play-lh.googleusercontent.com/a/ACg8ocJlw9uZce8pp3POy-adCzcO4G_Ka9sBvQL9QjluCeNoEc0qxQ=mo,"To the CBE: I opened my account 8 years ago while working as a government employee in Harerghe. Now I live in Addis Ababa, yet my account has been frozen without any explanation. I contacted nearby branches and even the head office, and all I was told is that I must go to the branch where I originally opened my account-over 400 km away. How is this fair/legal? Expecting a customer to travel over 400km just to reactivate an account is unreasonable and shows a total disregard for customer rights.",3,2,,2026-03-14 22:06:54,,,
661dcbe3-659c-4711-8990-151939c6be50,Halefom Guesh,https://play-lh.googleusercontent.com/a-/ALV-UjU7SvylKdjJE3oFSm-flb8DinIXhMuWeoJonbi6swZbysxarLl6,"it's good, but sometime the app can not be fast and it will need upgraeds.....?",4,0,,2026-03-14 20:29:26,,,
c3263386-d601-4c7d-a48b-0a98797f3391,Endale Ende,https://play-lh.googleusercontent.com/a/ACg8ocLoCUr-OZjFeUoz-48WY6hs_0bh8NXyWgS5-cHllcgdvr1rUw=mo,I gone to cbe branch more times as I updated or re installed it because it asks verfication no. after reinstallation or updation tis costy for you,4,3,5.2.4,2026-03-14 13:22:01,,,5.2.4
b1c86df8-47e8-4ca1-8ded-22a86b91700a,Mahder Timirt,https://play-lh.googleusercontent.com/a-/ALV-UjUhfOM_6d0Qq2KRTdx_AFpUWEKmxVSkNBVU0GUdYsCDgFVAC-E,wonderful Pp,5,0,,2026-03-14 12:59:40,,,
165e1272-0d78-484e-8341-676712aad682,Galma Golicha,https://play-lh.googleusercontent.com/a-/ALV-UjXk8MMX7mkjcJG6V78bK64YIaasE6mNZSYNI08Nn6ZNXpdbmST7,ok,5,0,5.2.4,2026-03-14 01:03:02,,,5.2.4
d396099c-8a93-4f03-9bba-72eff15d6003,Samueli Amalo,https://play-lh.googleusercontent.com/a-/ALV-UjUD0-1gtsHx0aJV9QiF13-tw6_JocgyovqPtwcl6p8WlDXs4H0,l want Mobile banks code,5,0,5.2.4,2026-03-13 23:44:11,,,5.2.4
19f75eae-6c35-44e0-a821-906d58f91505,Gudina Tesfaye,https://play-lh.googleusercontent.com/a-/ALV-UjW48zAtmrOQva0X5-g6eaDsSmmRxKkg4-TVBJ-4wPkzGL7YTmFk,My application are not working,5,0,,2026-03-13 19:03:32,,,
54d37bc7-3629-4064-9fb9-52b6e2263712,Henok Merga,https://play-lh.googleusercontent.com/a-/ALV-UjUzRvo1kr8WHhjKWe-9sd9ePnSi3SLejr-kblsoWbku7kg-AErV,its good customer support,4,0,5.2.4,2026-03-13 18:41:06,,,5.2.4
4340b8b0-25a4-449d-bda0-186af48cb736,bamlaku gebeyehu,https://play-lh.googleusercontent.com/a/ACg8ocKqF82OqEhYPHSXQi1o1F10h8cphq_B_22gmMmRcck7h9pkzw=mo,Can't active now,3,0,,2026-03-13 16:18:33,,,
f860f183-d8b2-429f-b1ec-18dea037e5ae,Nhial Buony Nyabel,https://play-lh.googleusercontent.com/a-/ALV-UjWst1aUUktQp6BYQT5lw4KLGYs1Qn8Gkh73dglf37TCGkjNxIqY,this app is really make me excited 😊,5,0,5.2.4,2026-03-13 14:07:46,,,5.2.4
bc2c7add-1588-4fba-8073-e72dbc088859,Abush Dejene,https://play-lh.googleusercontent.com/a/ACg8ocISxcj6QvBADaxCQ1ryjOGUj86cFZgW8ZC85OpeTOnhmEzfgg=mo,ok,5,0,5.2.4,2026-03-13 08:48:24,,,5.2.4
253e0a9b-e4e6-4490-946d-e3e7d79220b5,jobson wilbert,https://play-lh.googleusercontent.com/a-/ALV-UjWFXbcVztl2fc8UIQfWK09Pl2ouShR8TXnj-nrocynqYap5xIA9,Easy to use and best way for online transactions in Ethiopia.,4,14,5.2.4,2026-03-12 23:48:45,,,5.2.4
967952bc-7ee7-4827-8f73-7364c59b1ad9,Fikadu Hundibiko,https://play-lh.googleusercontent.com/a-/ALV-UjV_Vdgl0QN5uAPRAosRuZSn0NZ9Z6WgXNjURRlufBVDMV5WVEs,good,5,0,5.2.4,2026-03-12 16:24:38,,,5.2.4
ae4bc455-8a8d-4553-8350-3176b886f791,Chere Gebeyehu,https://play-lh.googleusercontent.com/a/ACg8ocIQwuNKAj-43mdVevHbRA1Z6_HX85m2AAghm0tKy3NWju3t8w=mo,ቸርነት ገበየሁ,5,0,5.2.1,2026-03-12 11:55:21,,,5.2.1
d3bf6272-b74b-45f3-9261-f5d331c5eae2,TADESSE TARIKU,https://play-lh.googleusercontent.com/a-/ALV-UjV_5hm794sPkOzEfZvH1IW5lPudYJIqmej7kCscE0w7AJaHVQ,"False advertising regarding Virtual Mastercard/Visa 😓😢😓 The latest update claims to support Mastercard and Visa cards, but this is completely false. The features are either missing or do not work at all. It is shameful for a leading bank to mislead its customers with ""new features"" that aren't actually available. Fix the bugs or stop making false promises.",1,9,5.2.4,2026-03-12 10:24:57,,,5.2.4
17562f10-588a-4363-9a2c-527b60a47aa5,IBRAHIM SHIKUR,https://play-lh.googleusercontent.com/a-/ALV-UjVEIjVuBflFPjq5PZEj9I20MW7rvsi40jWQUSDe3AmFhy51Aj6d,good,5,0,5.2.4,2026-03-12 07:30:50,,,5.2.4
d540a1ee-a4e1-453c-a4e9-0583ae6376da,Tujii Musa,https://play-lh.googleusercontent.com/a/ACg8ocJv8PERlOZrCWWUN5aYrsp7AcB6iI0AnGN3NCXLU_0qYKpFYg=mo,thanks for my custom,5,0,5.2.4,2026-03-12 01:27:30,,,5.2.4
03d3a52d-d0c3-42ee-b80a-411a058eaa0c,Yonas Moha,https://play-lh.googleusercontent.com/a-/ALV-UjWiXlenVpaX05mhrdWIv-9lJkeFvI2GdXT-m21oNGvHYQ5CONGi,is good always not work not access.,2,3,5.2.4,2026-03-11 15:58:44,,,5.2.4
5a29f4f0-5e87-4ef2-8000-c5d991f477e3,Mebrahtu Gebreegziabher,https://play-lh.googleusercontent.com/a-/ALV-UjXMtUM5JVSTj21agqJgGkl6mCniEZur-2UBjwQPe0_kR5zz4di3,perfect 👌,5,0,5.2.4,2026-03-11 12:20:38,,,5.2.4
f94ae1d1-0e5a-4836-9974-b29c66bfe798,Dhugoomsaa Musxafaa,https://play-lh.googleusercontent.com/a/ACg8ocLmZ6bmCk1acs3x4NTz8DMT6dkUt9hmAuLBeCYSFtVsV62Nrw=mo,Baankiin Daldala Itoophiyaa nuuf qabeenya guddaa tahuu hin dagatinaa Mata duree ykn Handhuura baankii hundaati,5,0,5.2.4,2026-03-11 10:59:21,,,5.2.4
d66d8a61-7a92-4eba-9581-9a2a91c950a2,Mohammed Omer,https://play-lh.googleusercontent.com/a-/ALV-UjUrzrhao6JHM8rm69JbCvvqkxeqMas3UwRi9uBv3P4iqTAt880,The worst Application,1,0,,2026-03-10 20:36:21,,,
4b839610-25c4-427b-8a2b-66925d497e3e,yoseph hailu,https://play-lh.googleusercontent.com/a-/ALV-UjWhlgwN6j3z7oiXI6wV1B8H-0MwphsotxTyQLXeq3OojlVw7q25,keepup the good work thanks,5,0,5.2.4,2026-03-10 19:11:27,,,5.2.4
53d58ade-24f6-4894-a788-4ac2036594a3,Yakiem Tesfamichael,https://play-lh.googleusercontent.com/a-/ALV-UjUl24VM48It_QNj1sJwUMKQsaQsimIgNbCl4S-9vwQWuelAR0g,it good,5,0,5.2.4,2026-03-10 18:51:35,,,5.2.4
8195a0a9-d25d-4974-909e-3c99a3968899,Tedi Muntaz,https://play-lh.googleusercontent.com/a/ACg8ocJYtCCWHHhJF32thCkAEynG7LBj9qlzkgwtc6IWTZjz22_K-g=mo,loved,5,0,5.2.4,2026-03-10 15:40:29,,,5.2.4
cff12d26-6d7d-49ef-be12-83d9dff325ce,Workineh Mitiku,https://play-lh.googleusercontent.com/a-/ALV-UjUnDteRMB5ON1j4pTVwgyLwCwDg294BGGT4wuw7qjRt4VzJy-Yn,❤,5,0,5.2.4,2026-03-10 10:31:46,,,5.2.4
87815dd4-0bf8-4956-b2a5-6776ffae9785,Bonsa Imana,https://play-lh.googleusercontent.com/a-/ALV-UjU9_1WJAXP3pC2dedPtYR4XImKPslJdLUC8kGr2bB_EUlzByR0,good,5,0,,2026-03-09 18:53:20,,,
32933f5d-410e-4750-91d9-0f1fa106fc37,Dandena Merga,https://play-lh.googleusercontent.com/a/ACg8ocIvoFTOgwD4RQnT697B3qZ3WMOyy-YgM6B0QuavCi8xJzioLQ=mo,exellent app!!!!!,5,0,5.2.4,2026-03-09 17:40:20,,,5.2.4
1934266d-d352-4231-b910-d8449631c31a,Mureda Musema,https://play-lh.googleusercontent.com/a/ACg8ocKHUSenqqAuO9JrkOdvf7EKcpxL2YuvLcnHcMTB_nQAXJzltw=mo,it's good,3,0,5.2.4,2026-03-09 16:20:53,,,5.2.4
c6885e9d-715b-4b84-bf1c-ad701607bcb7,Ayela Tulu,https://play-lh.googleusercontent.com/a/ACg8ocIyapuQjj1fRoXhyARSa21TSMotTHa7YJrpaLjPTt4IM8n0do0=mo,easy to use,5,0,5.2.4,2026-03-09 16:09:51,,,5.2.4
5eaa3d58-f4b6-47ba-a046-8a21b8106f39,Bante Amlak,https://play-lh.googleusercontent.com/a/ACg8ocIsIlHronlC7fntN8JbVR7dGR9QExNPB0QK3MrDdtf_re8PMQ=mo,good,5,1,5.2.4,2026-03-09 07:13:02,,,5.2.4
631a6a75-2a40-4963-b622-d357cc000e2b,Abel Fikadu,https://play-lh.googleusercontent.com/a-/ALV-UjX9O6TZJCnxUP81oBi7U0mi9AMOqyM8LccMSq1ObRm2da0eznCFqg,Very Good service,5,1,5.2.4,2026-03-09 01:29:13,,,5.2.4
d532a2f5-172b-43bf-a092-8bf4b5bf5a96,Dawit Yazew,https://play-lh.googleusercontent.com/a-/ALV-UjUu_Rue_ZZky6K9AluXPRv9DffDLBSgOR25xvFLLR8ENJxEnzxT,The most dictator app in the banking industry. you beg for your own amount.,1,0,5.2.4,2026-03-09 01:12:42,,,5.2.4
ef1bf0f5-48d9-4350-ac00-d6a869215e10,Daniel GebreHiwot,https://play-lh.googleusercontent.com/a/ACg8ocJ4SB17NfJk-9kaF8xtEdu4oDzxREfwYMMdze14AFNdu2Halyl3=mo,Very good,5,0,5.2.4,2026-03-08 23:09:22,,,5.2.4
e005191d-4f71-4d4b-92f8-bedfe518b39a,Ermias werkagegn Teshome,https://play-lh.googleusercontent.com/a-/ALV-UjXKe5rkUbhnGUfcWCiT-4SMXxa86acQYPRA35MRZVV5s8YQtoE,ጥሩ ነው,5,0,5.2.4,2026-03-08 12:06:29,,,5.2.4
661c07dd-cdb7-4fc4-9297-8866e44a88fa,Mubarek Gulta,https://play-lh.googleusercontent.com/a-/ALV-UjWE7NbBk9TVlvcVoKz17i_sIeFoJPKpyKUW1MP9Xil_NYML-dDg,ቀርፋፋ ነዉ,2,1,5.2.4,2026-03-08 01:13:48,,,5.2.4
933be3e4-0277-43b0-b2a6-42a8d4fd0e40,Menderin,https://play-lh.googleusercontent.com/a/ACg8ocJn_kEE0JrB1R7O902L1-skxdq6MpYladiLYXxo1QCDSlEYIQ=mo,their is no option to write the code and it is not functioning and i can't find the setting,1,0,,2026-03-07 19:49:41,,,
72504a75-77cb-4e25-bc41-f5cff3cbe434,Million Million,https://play-lh.googleusercontent.com/a-/ALV-UjUKjAlXJobA5t9HW6iDFuPBIa3IkxC3Miy0LmNt6aRe2_9qpW4,I like it,4,0,5.2.4,2026-03-07 13:57:39,,,5.2.4
506a2f7d-7c4a-44d0-9199-4dfbfcb7d75a,Selomon Haftu,https://play-lh.googleusercontent.com/a-/ALV-UjXdMvK-DYz26T9QhDcoV88oYAE4FU0ImGpkWS1AUDIqhJ5FLDE,slowing on connection.,3,0,5.0.9,2026-03-07 13:13:55,,,5.0.9
35a3c266-b58e-4e04-a10a-248047bef50e,Eyosiyas Mekuanint,https://play-lh.googleusercontent.com/a/ACg8ocL3_j0asNvgW0jKgxuXoya92SmDa5ipQ6BFn4aQwUj-YeLulw=mo,please release an app which can work for all android versions.,1,1,,2026-03-07 11:11:40,,,
8a707545-3f2f-440d-89e5-2c1a25415db0,Tijani Abadiga,https://play-lh.googleusercontent.com/a/ACg8ocLIvQFEurTgwgI5pr_xXfn5J1jsOP7X-X7fXL1nNe5cs4EkHQ=mo,"The previous application is good, but currently, after updating the application, everything is not working properly.",1,9,5.2.4,2026-03-07 01:16:49,,,5.2.4
